-- phpMyAdmin SQL Dump
-- version 4.5.1
-- http://www.phpmyadmin.net
--
-- Host: 127.0.0.1
-- Generation Time: Jun 29, 2017 at 02:13 PM
-- Server version: 10.1.9-MariaDB
-- PHP Version: 5.6.15

SET SQL_MODE = "NO_AUTO_VALUE_ON_ZERO";
SET time_zone = "+00:00";


/*!40101 SET @OLD_CHARACTER_SET_CLIENT=@@CHARACTER_SET_CLIENT */;
/*!40101 SET @OLD_CHARACTER_SET_RESULTS=@@CHARACTER_SET_RESULTS */;
/*!40101 SET @OLD_COLLATION_CONNECTION=@@COLLATION_CONNECTION */;
/*!40101 SET NAMES utf8mb4 */;

--
-- Database: `xara1`
--

-- --------------------------------------------------------

--
-- Table structure for table `account`
--

CREATE TABLE `account` (
  `id` int(10) UNSIGNED NOT NULL,
  `name` varchar(255) COLLATE utf8_unicode_ci NOT NULL,
  `description` text COLLATE utf8_unicode_ci,
  `category` varchar(255) COLLATE utf8_unicode_ci NOT NULL,
  `balance` double NOT NULL,
  `confirmed` tinyint(1) NOT NULL DEFAULT '0',
  `organization_id` int(11) DEFAULT NULL,
  `created_at` timestamp NOT NULL DEFAULT '0000-00-00 00:00:00',
  `updated_at` timestamp NOT NULL DEFAULT '0000-00-00 00:00:00'
) ENGINE=InnoDB DEFAULT CHARSET=utf8 COLLATE=utf8_unicode_ci;

-- --------------------------------------------------------

--
-- Table structure for table `accounts`
--

CREATE TABLE `accounts` (
  `id` int(10) UNSIGNED NOT NULL,
  `category` varchar(255) COLLATE utf8_unicode_ci NOT NULL,
  `code` int(11) NOT NULL,
  `name` varchar(255) COLLATE utf8_unicode_ci NOT NULL,
  `balance` double NOT NULL,
  `active` tinyint(1) NOT NULL,
  `organization_id` int(11) DEFAULT NULL,
  `created_at` timestamp NOT NULL DEFAULT '0000-00-00 00:00:00',
  `updated_at` timestamp NOT NULL DEFAULT '0000-00-00 00:00:00'
) ENGINE=InnoDB DEFAULT CHARSET=utf8 COLLATE=utf8_unicode_ci;

--
-- Dumping data for table `accounts`
--

INSERT INTO `accounts` (`id`, `category`, `code`, `name`, `balance`, `active`, `organization_id`, `created_at`, `updated_at`) VALUES
(1, 'INCOME', 2001, 'Bank', 997200, 1, 1, '2017-03-20 20:34:40', '2017-05-25 13:36:35'),
(2, 'EXPENSE', 1, 'Marketing ', 22000, 1, 1, '2017-04-28 17:49:52', '2017-04-28 17:49:52');

-- --------------------------------------------------------

--
-- Table structure for table `account_transactions`
--

CREATE TABLE `account_transactions` (
  `id` int(10) UNSIGNED NOT NULL,
  `transaction_date` date NOT NULL,
  `description` varchar(255) COLLATE utf8_unicode_ci NOT NULL,
  `account_debited` int(10) UNSIGNED NOT NULL,
  `account_credited` int(10) UNSIGNED NOT NULL,
  `bank_transaction_id` int(10) UNSIGNED NOT NULL,
  `bank_statement_id` int(10) UNSIGNED NOT NULL,
  `transaction_amount` float(8,2) NOT NULL,
  `status` varchar(50) COLLATE utf8_unicode_ci NOT NULL,
  `created_at` timestamp NOT NULL DEFAULT '0000-00-00 00:00:00',
  `updated_at` timestamp NOT NULL DEFAULT '0000-00-00 00:00:00'
) ENGINE=InnoDB DEFAULT CHARSET=utf8 COLLATE=utf8_unicode_ci;

--
-- Dumping data for table `account_transactions`
--

INSERT INTO `account_transactions` (`id`, `transaction_date`, `description`, `account_debited`, `account_credited`, `bank_transaction_id`, `bank_statement_id`, `transaction_amount`, `status`, `created_at`, `updated_at`) VALUES
(1, '2017-03-30', 'LLL', 1, 1, 0, 0, 2241.00, '', '2017-03-30 21:33:44', '2017-03-30 21:33:44'),
(2, '2017-04-01', 'Office Glasses', 1, 1, 0, 0, 800.00, '', '2017-04-21 22:37:32', '2017-04-21 22:37:32'),
(3, '2017-04-01', 'Juice Glasses', 1, 1, 0, 0, 0.00, '', '2017-04-21 22:38:48', '2017-04-21 22:38:48'),
(4, '2017-04-21', 'Juice Glasses', 1, 1, 0, 0, 340.00, '', '2017-04-21 22:43:05', '2017-04-21 22:43:05'),
(5, '2017-04-01', '3 Dust Bins ', 1, 1, 0, 0, 210.00, '', '2017-04-21 22:49:51', '2017-04-21 22:49:51'),
(6, '2017-04-01', 'Kitchen Towels', 1, 1, 0, 0, 600.00, '', '2017-04-21 22:57:45', '2017-04-21 22:57:45'),
(7, '2017-04-01', 'Ariel Soap 10 Packets', 1, 1, 0, 0, 0.00, '', '2017-04-21 23:00:50', '2017-04-21 23:00:50'),
(8, '2017-04-21', 'Ariel Detergent 10 Packets', 1, 1, 0, 0, 2860.00, '', '2017-04-21 23:02:14', '2017-04-21 23:02:14'),
(9, '2017-04-01', 'Sunlight 3 Packets at Ksh 230 per Packet', 1, 1, 0, 0, 690.00, '', '2017-04-21 23:04:39', '2017-04-21 23:04:39'),
(10, '2017-04-01', '2 Cello tapes at 200 each', 1, 1, 0, 0, 400.00, '', '2017-04-21 23:06:08', '2017-04-21 23:06:08'),
(11, '2017-04-01', '19 Pieces T/Duster at Ksh 50 each', 1, 1, 0, 0, 950.00, '', '2017-04-21 23:08:36', '2017-04-21 23:08:36'),
(12, '2017-04-01', '2 pieces Bath towels at Ksh 650 each', 1, 1, 0, 0, 1300.00, '', '2017-04-21 23:10:51', '2017-04-21 23:10:51'),
(13, '2017-04-01', 'Rubber Gloves at Ksh 150 each', 1, 1, 0, 0, 2250.00, '', '2017-04-21 23:14:34', '2017-04-21 23:14:34'),
(14, '2017-04-01', '1 dozen Roller Mask', 1, 1, 0, 0, 360.00, '', '2017-04-21 23:15:48', '2017-04-21 23:15:48'),
(15, '2017-04-01', '1 Dozen Mop Buckets ', 1, 1, 0, 0, 2280.00, '', '2017-04-21 23:23:01', '2017-04-21 23:23:01'),
(16, '2017-04-01', '14 Mop Sticks ', 1, 1, 0, 0, 3430.00, '', '2017-04-21 23:26:05', '2017-04-21 23:26:05'),
(17, '2017-04-01', '5 Buckets', 1, 1, 0, 0, 300.00, '', '2017-04-21 23:28:20', '2017-04-21 23:28:20'),
(18, '2017-04-01', 'One Pump', 1, 1, 0, 0, 110.00, '', '2017-04-21 23:29:36', '2017-04-21 23:29:36'),
(19, '2017-04-01', 'One dozen of Paperbags ', 1, 1, 0, 0, 280.00, '', '2017-04-21 23:31:24', '2017-04-21 23:31:24'),
(20, '2017-04-01', '3 Hand Washing Brushes ', 1, 1, 0, 0, 195.00, '', '2017-04-21 23:33:02', '2017-04-21 23:33:02'),
(21, '2017-04-01', 'Trays', 1, 1, 0, 0, 700.00, '', '2017-04-22 00:51:52', '2017-04-22 00:51:52'),
(22, '2017-04-01', 'Trays', 1, 1, 0, 0, 390.00, '', '2017-04-22 00:52:45', '2017-04-22 00:52:45'),
(23, '2017-04-01', 'Air Freshners', 1, 1, 0, 0, 3800.00, '', '2017-04-22 00:55:53', '2017-04-22 00:55:53'),
(24, '2017-04-01', 'Yellow Dusters', 1, 1, 0, 0, 250.00, '', '2017-04-22 00:58:49', '2017-04-22 00:58:49'),
(25, '2017-04-21', 'Containers', 1, 1, 0, 0, 200.00, '', '2017-04-22 01:07:28', '2017-04-22 01:07:28'),
(26, '2017-04-01', 'Containers', 1, 1, 0, 0, 700.00, '', '2017-04-22 01:09:38', '2017-04-22 01:09:38'),
(27, '2017-04-01', 'Carton', 1, 1, 0, 0, 240.00, '', '2017-04-22 01:10:31', '2017-04-22 01:10:31'),
(28, '2017-04-01', 'Hard or Soft Broom', 1, 1, 0, 0, 1750.00, '', '2017-04-22 01:17:08', '2017-04-22 01:17:08'),
(29, '2017-04-01', 'Cob web remover', 1, 1, 0, 0, 1250.00, '', '2017-04-22 01:18:52', '2017-04-22 01:18:52'),
(30, '2017-04-27', 'Valve', 1, 1, 0, 0, 3000.00, '', '2017-04-27 17:01:18', '2017-04-27 17:01:18'),
(31, '2017-04-27', 'Black Catridge', 1, 1, 0, 0, 3400.00, '', '2017-04-27 23:49:56', '2017-04-27 23:49:56'),
(32, '2017-05-25', 'Purchase of mops', 1, 1, 0, 0, 1245.00, '', '2017-05-25 13:28:39', '2017-05-25 13:28:39'),
(33, '2017-05-25', 'mops', 1, 1, 0, 0, 498.00, '', '2017-05-25 13:33:40', '2017-05-25 13:33:40'),
(34, '2017-05-29', 'Supply of high quality lessos', 1, 1, 0, 0, 1000000.00, '', '2017-05-29 14:04:46', '2017-05-29 14:04:46'),
(35, '2017-05-29', 'Supply of high quality lessos', 1, 1, 0, 0, 1000000.00, '', '2017-05-29 14:27:35', '2017-05-29 14:27:35'),
(36, '2017-06-21', 'Smaple', 2, 1, 0, 0, 0.00, '', '2017-06-21 16:48:45', '2017-06-21 16:48:45'),
(37, '2017-06-28', 'cdfvg', 2, 1, 0, 0, 27840.00, '', '2017-06-28 08:47:29', '2017-06-28 08:47:29'),
(38, '2017-06-28', 'available', 2, 1, 0, 0, 2888.40, '', '2017-06-28 12:46:45', '2017-06-28 12:46:45'),
(39, '2017-06-29', 'nggg', 1, 1, 0, 0, 1000.00, '', '2017-06-29 07:19:29', '2017-06-29 07:19:29');

-- --------------------------------------------------------

--
-- Table structure for table `allowances`
--

CREATE TABLE `allowances` (
  `id` int(10) UNSIGNED NOT NULL,
  `allowance_name` varchar(255) COLLATE utf8_unicode_ci NOT NULL,
  `organization_id` int(10) UNSIGNED DEFAULT '0',
  `created_at` timestamp NOT NULL DEFAULT '0000-00-00 00:00:00',
  `updated_at` timestamp NOT NULL DEFAULT '0000-00-00 00:00:00'
) ENGINE=InnoDB DEFAULT CHARSET=utf8 COLLATE=utf8_unicode_ci;

--
-- Dumping data for table `allowances`
--

INSERT INTO `allowances` (`id`, `allowance_name`, `organization_id`, `created_at`, `updated_at`) VALUES
(1, 'House Allowance', 1, '2017-06-29 09:43:47', '2017-06-29 09:43:47'),
(2, 'Travel Allowance', 1, '2017-06-29 09:44:20', '2017-06-29 09:44:20');

-- --------------------------------------------------------

--
-- Table structure for table `appraisalcategories`
--

CREATE TABLE `appraisalcategories` (
  `id` int(10) UNSIGNED NOT NULL,
  `name` varchar(255) COLLATE utf8_unicode_ci NOT NULL,
  `rate` int(11) DEFAULT '10',
  `organization_id` int(11) DEFAULT NULL,
  `created_at` timestamp NOT NULL DEFAULT '0000-00-00 00:00:00',
  `updated_at` timestamp NOT NULL DEFAULT '0000-00-00 00:00:00'
) ENGINE=InnoDB DEFAULT CHARSET=utf8 COLLATE=utf8_unicode_ci;

-- --------------------------------------------------------

--
-- Table structure for table `appraisalquestions`
--

CREATE TABLE `appraisalquestions` (
  `id` int(10) UNSIGNED NOT NULL,
  `question` varchar(255) COLLATE utf8_unicode_ci NOT NULL,
  `appraisalcategory_id` int(10) UNSIGNED NOT NULL,
  `rate` int(11) DEFAULT '10',
  `organization_id` int(11) DEFAULT NULL,
  `created_at` timestamp NOT NULL DEFAULT '0000-00-00 00:00:00',
  `updated_at` timestamp NOT NULL DEFAULT '0000-00-00 00:00:00'
) ENGINE=InnoDB DEFAULT CHARSET=utf8 COLLATE=utf8_unicode_ci;

-- --------------------------------------------------------

--
-- Table structure for table `appraisals`
--

CREATE TABLE `appraisals` (
  `id` int(10) UNSIGNED NOT NULL,
  `employee_id` int(10) UNSIGNED NOT NULL,
  `appraisalquestion_id` int(10) UNSIGNED NOT NULL,
  `performance` varchar(255) COLLATE utf8_unicode_ci NOT NULL,
  `rate` int(11) NOT NULL DEFAULT '0',
  `examiner` int(10) UNSIGNED NOT NULL,
  `appraisaldate` date NOT NULL,
  `comment` text COLLATE utf8_unicode_ci NOT NULL,
  `organization_id` int(11) DEFAULT NULL,
  `created_at` timestamp NOT NULL DEFAULT '0000-00-00 00:00:00',
  `updated_at` timestamp NOT NULL DEFAULT '0000-00-00 00:00:00'
) ENGINE=InnoDB DEFAULT CHARSET=utf8 COLLATE=utf8_unicode_ci;

-- --------------------------------------------------------

--
-- Table structure for table `assets`
--

CREATE TABLE `assets` (
  `id` int(10) UNSIGNED NOT NULL,
  `asset_name` varchar(255) COLLATE utf8_unicode_ci NOT NULL,
  `asset_number` varchar(255) COLLATE utf8_unicode_ci NOT NULL,
  `purchase_date` date NOT NULL,
  `purchase_price` double(15,2) NOT NULL,
  `book_value` double(15,2) NOT NULL,
  `warranty_expiry` date DEFAULT NULL,
  `serial_number` varchar(255) COLLATE utf8_unicode_ci DEFAULT NULL,
  `depreciation_start_date` date NOT NULL,
  `last_depreciated` date NOT NULL DEFAULT '0000-00-00',
  `depreciation_method` varchar(255) COLLATE utf8_unicode_ci NOT NULL,
  `averaging_method` varchar(255) COLLATE utf8_unicode_ci NOT NULL,
  `salvage_value` double(15,2) NOT NULL,
  `method` varchar(255) COLLATE utf8_unicode_ci NOT NULL,
  `rate` double(3,2) DEFAULT NULL,
  `years` smallint(6) DEFAULT NULL,
  `status` varchar(255) COLLATE utf8_unicode_ci NOT NULL DEFAULT 'new',
  `created_at` timestamp NOT NULL DEFAULT '0000-00-00 00:00:00',
  `updated_at` timestamp NOT NULL DEFAULT '0000-00-00 00:00:00'
) ENGINE=InnoDB DEFAULT CHARSET=utf8 COLLATE=utf8_unicode_ci;

-- --------------------------------------------------------

--
-- Table structure for table `assigned_roles`
--

CREATE TABLE `assigned_roles` (
  `id` int(10) UNSIGNED NOT NULL,
  `user_id` int(10) UNSIGNED NOT NULL,
  `role_id` int(10) UNSIGNED NOT NULL,
  `organization_id` int(11) DEFAULT NULL
) ENGINE=InnoDB DEFAULT CHARSET=utf8 COLLATE=utf8_unicode_ci;

--
-- Dumping data for table `assigned_roles`
--

INSERT INTO `assigned_roles` (`id`, `user_id`, `role_id`, `organization_id`) VALUES
(1, 1, 1, NULL),
(2, 2, 1, NULL),
(3, 3, 2, NULL);

-- --------------------------------------------------------

--
-- Table structure for table `audits`
--

CREATE TABLE `audits` (
  `id` int(10) UNSIGNED NOT NULL,
  `date` date DEFAULT NULL,
  `user` varchar(255) COLLATE utf8_unicode_ci DEFAULT NULL,
  `action` varchar(255) COLLATE utf8_unicode_ci DEFAULT NULL,
  `entity` varchar(255) COLLATE utf8_unicode_ci DEFAULT NULL,
  `amount` float(10,0) DEFAULT NULL,
  `description` varchar(255) COLLATE utf8_unicode_ci DEFAULT NULL,
  `organization_id` int(11) DEFAULT NULL,
  `created_at` timestamp NOT NULL DEFAULT '0000-00-00 00:00:00',
  `updated_at` timestamp NOT NULL DEFAULT '0000-00-00 00:00:00'
) ENGINE=InnoDB DEFAULT CHARSET=utf8 COLLATE=utf8_unicode_ci;

--
-- Dumping data for table `audits`
--

INSERT INTO `audits` (`id`, `date`, `user`, `action`, `entity`, `amount`, `description`, `organization_id`, `created_at`, `updated_at`) VALUES
(1, '2017-03-18', 'eyJpdiI6IkpjbStDS1wvT1lyTWIrRklcLzB6a2dMdz09IiwidmFsdWUiOiJndFNWUCt2WVdBQ1djRDNaY3B5aGIzdG1Nb0lZcFwvRDNQNFNDeFBpdUVlVT0iLCJtYWMiOiJjMmVhZTEwZjIyYWIyMjRkMzUyZjc4Zjc3Y2I4YzRmOTgyM2IyYWNkMWNiYjhhM2ZiZmVhZTQwOGFkOTM1MmRiIn0=', 'eyJpdiI6IlVSSVUrRkpaWFwvczVBZWFuNE1KSXBRPT0iLCJ2YWx1ZSI6Ik52bFIwXC9PQ0dhTElpczBMbjBrdnV3PT0iLCJtYWMiOiJjZGM3YzVhZWUxMmNmNTNmODM0NTM4NDkyNzRmOTA3MjljN2U2MjI3N2M4Y2U1MjJkMzA1MzBkOTcxYjc4YzdlIn0=', 'eyJpdiI6IjFPSzJSYW90ck5KM211ajBXSjJHcmc9PSIsInZhbHVlIjoiZ3JKN0FmTGNDbkw2dkdrb2ZwVjlkbU96RWc3OWdLZE1HXC9aQlptK3VwSWM9IiwibWFjIjoiODBkOTlhMjEwNzZlZTBkYmFlOTQ5NWU3MjBmNDNlNWJmYTE3MzBhZTk2NmZiYWZjOGZmNDJlYzM3Zjg5MzBlMyJ9', NULL, 'eyJpdiI6InNPZTRJUXVqM2F4ZmVVN2xpVjYrbnc9PSIsInZhbHVlIjoiTGExREh1TmFMK1ExYVRcL0hEM3Q3WFZaUHNTQ2twNXN5YzBaMnh2bVF0dUE9IiwibWFjIjoiNzg4MmU4NDYxN2RmMWU0ZjRlYzg0NmIyM2U0YmE4MmJjYzA2OGQyY2JjNTVmMmFkMjRmZjUyYmQyNTQ5MzA0MyJ9', NULL, '2017-03-18 08:11:26', '2017-03-18 08:11:26'),
(2, '2017-03-20', 'eyJpdiI6IlkwVWkyS1FlaUlWbXRmOWRpcUNmb3c9PSIsInZhbHVlIjoicTFmNmcrZTBjM3kxV29qWkNIdEdVNnA4WEJtVlpNQ2JsVlplMUhxNG5Mdz0iLCJtYWMiOiJjNmFhZWE4NmVkMTA4NmY5Yjc0Mzc2YmMzNzQ2ZDVjYzhmYTI3ZWViYzIwNDFjZTlhNTNmNTM2YTAxMDQ4YWE3In0=', 'eyJpdiI6InFqdEhWR3lyMk90b01wMmhOK250TlE9PSIsInZhbHVlIjoidUFqbUJkaExHRERBT0o3MDNFaTBcL3c9PSIsIm1hYyI6IjQ5N2FhNTMwYmRlYjA2YTczMzYwNDZkNjBkNzM1MTAwNmMxYWIzMTUyNmNmODhkM2EzOTY2M2I4MzU0NGEzM2EifQ==', 'eyJpdiI6ImU5ZkJSa0s4TlRvbTd2XC9cL1g4YVNFdz09IiwidmFsdWUiOiJiUGhPVnY0bE5Sc204SjBOamJid0wwbnRWbFdVdmwxNk1ZN3EyYms5QkYwPSIsIm1hYyI6IjA5ZWNkNDg3NjA2MWQyMWQ0OTU4Njc2YjA2MjcxYmNiZjRiYmI3NmE5YWRhNWQ2MjBlNGIwZjIzMDU5MDFkYTIifQ==', NULL, 'eyJpdiI6IlZ6c0psZEVwbTBrTDI3MjJaT0FoTVE9PSIsInZhbHVlIjoiSkdGS1FnTWg3VzBUNUVXNVBsbFlITWZqVlJzaFlMcEo5TXBUYkt1MjRqUT0iLCJtYWMiOiI1YjYzN2IzYTFhZGI5MjMwNDk1ZmUyOGRkNDFiMGRhNGZlYzg0OTNmNTAzYjg1NjJmZGI2YzhjMDY5N2M0NTE0In0=', NULL, '2017-03-20 20:31:31', '2017-03-20 20:31:31'),
(3, '2017-03-20', 'eyJpdiI6InNIOFwvNUZlbTM3MmlqRlpqcDg4QTZnPT0iLCJ2YWx1ZSI6IlN1SWx2d3pzRGg0RXQ3K3U5YjVPQ216dHZUVXJRQzByTlc0Nk1MRUtxTWM9IiwibWFjIjoiNDQ2YjQyYmQ4YmE5ZDU1OThhMzVlNzgxYTFiZjE1N2UxMGJjYmI5OTE1M2Y4ZmU4ODE3MTM1MTE1YTE1MTgwNSJ9', 'eyJpdiI6IlNqSG9yWG5PRkNZdUFUazQrVDRkZ1E9PSIsInZhbHVlIjoidCtiVGsyUUN1UERJNklONUlMZEpuUT09IiwibWFjIjoiNzRjMWI0YzQ2NGRhYWQxN2Y5NzE0ZjYzNmJkZmMwZjIzNTdmY2ViYmZmNjZhYzJmYTgxODZjMzY3ZjNiZDczYiJ9', 'eyJpdiI6InB1djRTbVY4U3RrUVhUQ1E0eGVESWc9PSIsInZhbHVlIjoiY09mamZEb3lqd0c4c2c1akVZYStlZz09IiwibWFjIjoiMjJlM2MyOGUzNzMyMTJiNTNmOGY2NTJlYzJhOGZhNDAwYjg4MTQ1MjdlZDM5MTE2ZjM0Njg2MmU4MzdlNGRkNCJ9', NULL, 'eyJpdiI6IkdTMlVyZzNiU1wvTDFUdWFXY3R0Zk9BPT0iLCJ2YWx1ZSI6ImIzcHltZmtcL1dHY2FiREMzYm9DV3VlQ3l3c1Jqa3U0RXpPRGZxYkJ3TjlJPSIsIm1hYyI6IjY0YjdmMjA0MzI2NDg0YzQ2NzQwZDYzNWUyMWEyZDc3MjBkZWU3NGEyNTA3YTc1YmIzNmIxNGY1MzBiM2RiNDAifQ==', NULL, '2017-03-20 20:32:51', '2017-03-20 20:32:51'),
(4, '2017-03-20', 'eyJpdiI6Ik9SRnlxWGVzeUJ1V0I5NWpBQlZTY0E9PSIsInZhbHVlIjoiV2ZcL2VMcEY0SDByNXpEYkRjYytwT1htelJGNVQzRE1sKzZxVE5aRHpseGs9IiwibWFjIjoiZTViNGQ1ZjFjYTI0YTIwNzNlMThmNzNhZGVkZDBjZTEwNWFmZDIzNjg3MDBiMDM1ZDBlZDI4MTI5MGViOTkxZSJ9', 'eyJpdiI6IlJHUlwvSzJHSXFhNEVqYzE1ZnI3Y3ZRPT0iLCJ2YWx1ZSI6IklQbmh4bmltUmdzcVlmNXdaczUyc1E9PSIsIm1hYyI6IjE0ZGVlNWFmZDAyMjM1NTdjMGQzODlhYTFjZGFiNWFlZTRiN2Q5YTYzMjc3MjRjZGZjOTFkMGU0N2RkMzNmOWYifQ==', 'eyJpdiI6InphKzVUM1QxN05WdUtmTGxHZEdoYVE9PSIsInZhbHVlIjoiWVJwbUQyV3VMaHJ4elRWNU1DeXBwWERkS1VDdEJRelREMjJzQWlqMWd1RT0iLCJtYWMiOiIwYjUyY2FmNzZjMTIyZjNhNmFlNDA2ZmZlZTNmODgyMTY3NzJlYjk1ZWI5NTE3MzFjNDQ0NjJjM2I5MThlZjNjIn0=', NULL, 'eyJpdiI6Ik1jR3RXaGoraTFvQzlldzhKMGZ6ZXc9PSIsInZhbHVlIjoicUZzU1d6MGJuT0tIYnNcL0EyV2dIVVBsSHRaMDg0OXhLYldkMEl5MUV0Znc9IiwibWFjIjoiM2NhMjUwOTM0MTYzMmIzY2E5NTg5NTY4NTdkNmRkNDQxNmI2ZWI2MjlkNjgyNmZjNzEyNTAwMzNhODQ5Y2FkNiJ9', NULL, '2017-03-20 20:33:07', '2017-03-20 20:33:07'),
(5, '2017-03-20', 'eyJpdiI6IjVyZ1JoUTIxdHdnNTcrNmFqUUlySmc9PSIsInZhbHVlIjoiOXB2WXlLMDE3VFFOVXp4d0ljRHZVaDRrSEYyTGVnZ0JWZHF1bzNVM0V2cz0iLCJtYWMiOiI0ODZlZjVkOThlNWU5MWRlMTA3MTBkN2VkOWM5YTc1ZTk5YWVmNTBmOWMyOGY3ZTVhMjlkMmY1NDNmNDc4MjEzIn0=', 'eyJpdiI6InBOZ3pUcE5CR1dUelpkejcrdjNGVUE9PSIsInZhbHVlIjoiU1wvNVpUWGZOaFBUUjNHbmtDUzJlRFE9PSIsIm1hYyI6IjE4OGE3NjM2YzVmYTdhYzUwNjk3ZTVmYmY3NmJjZWFmOTQzMGEwZjc2NjIwODdhZDAyNmRlZmJiZDFkM2JmNTkifQ==', 'eyJpdiI6IlZmcE0zUjl6RDU4dWdnYkJQc2NpMHc9PSIsInZhbHVlIjoickYyMUFIQ0ZRNStDZTJ1QlwvZzJPbUE9PSIsIm1hYyI6IjI4MWI0YzllMzA3NWE4ZDI2OWNlYTY4Y2FlNTIwNDVjNTU1ZWQ3Y2Y3MGVmYWM3NDA1NjdiNmMxMjBkNGQxNjgifQ==', NULL, 'eyJpdiI6IkU0dFAxNDFicGRWeWdXWENNZHViRHc9PSIsInZhbHVlIjoibWZUR2xhMHlYNVp3YVdVbWthemEwZlNrV1NZSG5EaVNhTnNXR3VBcGRSY3JlV2NmZjkxMzd6WlV5T1g3VmM0MCIsIm1hYyI6ImE1Y2ZjM2MyODQ3M2E2ZDY1ZmNjMzRkNGIxODY1MzhhODI5Y2M3OTMwNGQyNTFkYzE1OGQ2N2FjYzM2NGI1ZjgifQ==', NULL, '2017-03-20 20:34:12', '2017-03-20 20:34:12'),
(6, '2017-03-20', 'eyJpdiI6IjJ6UW5yY3FVb1lDZkM3MkEzMFR2RHc9PSIsInZhbHVlIjoiMk80SllXd2hKXC9FdFNQZlhKbmJNWVwvUUNsS1NINUY5em04YXdYRVVyNVhjPSIsIm1hYyI6ImJkOTU5NWJmYTA0NDEzZTQzMTBkYTg0M2M2NzAzOGM5MTI1ZTQyNzExZDE3MDMwNjM4NmY1Y2M5ZDkzMTg5NTQifQ==', 'eyJpdiI6IjVOS29KRm1lM0dONUl4dGROczN3aFE9PSIsInZhbHVlIjoiUVBwdGgrczNFWGhwQnJ0OGtCakFwQT09IiwibWFjIjoiOTNlM2RhYmI4N2FlNTY0YTBmNThmOTQ0N2QyZjU0YWJhMTJjODhkODMxZGNhNDVjNmE2YWEwZjg3ZTQyODNlMiJ9', 'eyJpdiI6Im1QV1hnKzhEeFRnaU5SclVDcElYeFE9PSIsInZhbHVlIjoiZ2xFRTQyTmNDdUJ0N3BYMXhwRWpsZUk4M0JYTGhMOSsyeDA0MjhJYnFHTT0iLCJtYWMiOiI2NGRmN2E3MTQ0OWQ1YTEzYmRmNDMyYzMzZmU0ZWExNmQ1ODM5ZjQwYjYwYWJmZThhMGQxOGU5ODA3MGU4Yzg3In0=', NULL, 'eyJpdiI6IkRjXC96WUJkb3BJWm9hUnpYTzRQS2t3PT0iLCJ2YWx1ZSI6ImdjQW96aVJEWlRNSzNIcmNYZk9PSjM0RUw1Qk1cL0hYY2lDdDhsUXdJeHg0PSIsIm1hYyI6ImJhM2U4MzBjNDg1YjJmYTMxNDNlOTI0ZDlkNzZiYzFjM2I1M2VmYTAwMjdmMmYyOWFjZTI3ZTljYmU1N2FjOGIifQ==', NULL, '2017-03-20 20:34:12', '2017-03-20 20:34:12'),
(7, '2017-03-20', 'eyJpdiI6Impyb1ltdWdDOGJ6V2N0OUxTSGUxYWc9PSIsInZhbHVlIjoiSmdMejhsU2E0VWZJRG1NS0FYd3NtOG1nUkE4YW5ZTGZhV1hCdWFPb3RkWT0iLCJtYWMiOiJiMzcxODM5ZjFlNzNhZTU5MDc1ZWJkZmIwMzllYzA3MzFhYjM5YTVhNjVmNzBkMTVjYmI1NDhiNmQ3M2QwNDc4In0=', 'eyJpdiI6IjlOXC9QVFdwdXVRSmlqRlNnUHZKbkFnPT0iLCJ2YWx1ZSI6InVMNjFHZ0g4UXN2TXp0U1oxeWl3cGc9PSIsIm1hYyI6ImJjM2FjNzg3NzM4MjZkMjY3MDIyYzI5ZDZjMWM3MTYwYmI4Yzc2ZjkwYzdkODUyOWI2ODQxZDgwOGZkYWNjMDYifQ==', 'eyJpdiI6Im50Rm5tSStyVTdQNlo5YVBIYTZ2d3c9PSIsInZhbHVlIjoicEhMcjZlWTRpeEpWZzJNS0M4M2p2UT09IiwibWFjIjoiM2RkMDllZmQ0MjJmMGU4ZjZkNWU4ODI4NDExY2YzODYyZjc5OThlNjMyM2M0MjU2NjAyYmY4MzAwOGZjY2EzMiJ9', NULL, 'eyJpdiI6IjRmTE5JN1cxZE42ekd1a1NmMFwvdDBnPT0iLCJ2YWx1ZSI6IkNWQTlzcFQwYkJPXC81OGpOdzNOMnhsU0RkUElCUVI4UnpTR0hPN29MQUVJPSIsIm1hYyI6ImFiNDZkMzBhNjVkNjE1MmIzMzQ3NzIxMzlmYzMzMTM2NTNkNzI3MzAzZjBlNjhiNjYyOGEwYWI0MzFhNGQ4YzAifQ==', NULL, '2017-03-20 20:34:40', '2017-03-20 20:34:40'),
(8, '2017-03-20', 'eyJpdiI6ImdxWm9xMHNDXC9CaXRndythMHVMTFF3PT0iLCJ2YWx1ZSI6IldwMjhBTUxjamtjRFIyNk9zK0FxXC82VzVxSUp2T09NcVNBQW1UVFpNR2NvPSIsIm1hYyI6IjY5NGZlMDNmYTdjNTFjZGQyODFlNGMwNzhmMmRkZWM4N2YzYmJlYTkzMTM2ZmYxZjU3YWNmM2MyZDdkOTY5YzUifQ==', 'eyJpdiI6IlVoZ2Y4MGFSSnkyTzlmRXplTHFweGc9PSIsInZhbHVlIjoiZ0xpVDhaWXhQNjAyMTJwMEtvZVQyZz09IiwibWFjIjoiOGY3MTRiNTQxNmQ3NjYxNjQ2NTBmOWE5ZmNkZTNiOGZlNmEzZjM5ZWM2ZWU0OGE2ZDRhMWM0YzhmM2ZlYjJmOCJ9', 'eyJpdiI6Ik5YZGhUZFBDaVQwMVZMVU5FZXMxaHc9PSIsInZhbHVlIjoiZFRPUDVCdjRJME9DU0JsMG1JM2h5dz09IiwibWFjIjoiNTgyZGZjNjcxZGY1Y2JhYWY1MDgyYTFmYTk2MWRjNThmYTQxZGQyNmQ4MWE2YmFhNTE4NWM3OTE3NDFjMTY1MCJ9', NULL, 'eyJpdiI6ImhoSzNZUVRteE9MYVwvOVJjOG5QbmVBPT0iLCJ2YWx1ZSI6InBpaUd6R1l4UmhoUVpBWTN5b1pOVG9zQnlpc3FnbkRBSGlRQU5vUzhuZUE9IiwibWFjIjoiMDdmYmY2YjIxODFhOTlhOTVlZjA5ZDE2M2FjZWQ2NTliNWE2NmVkMTkwZTg5MzI4YTQ3Y2I1MjhmODkwYWEwMSJ9', NULL, '2017-03-20 20:34:57', '2017-03-20 20:34:57'),
(9, '2017-03-20', 'eyJpdiI6IlkzdkxuTW5CRzU5SStzb0hObUxKVGc9PSIsInZhbHVlIjoiUU1tcXFtb3RvSUJTQis5RnFpQVwvZlFsdkRkZUprN3d1XC9QTXBMMTlqZ0djPSIsIm1hYyI6Ijg1MGU1Yjk5ODliOGJjMjZlZWEzYjJhOTE4YmNmYmI3ZjE4NmZlMWNjOWY4ZTM2OTAxZWJjMThjYTZlNjY1MTkifQ==', 'eyJpdiI6IlQ2SDlSdkMxbGM1bjQ2XC9INEdSWVNRPT0iLCJ2YWx1ZSI6IjVYT0JrYmhaODlrSHpxU1dZeUFCWkE9PSIsIm1hYyI6IjljYzg1ZWFlMjY5M2QzMTYxMWE3M2FlNDE3OWJhYzAyN2VkNGIzM2ZkMmU2ZTJiM2NhODQ5ZTVjMmI3ZTJmYWIifQ==', 'eyJpdiI6ImkySEFVN0tWU3VaVVdtcENxbGk3eVE9PSIsInZhbHVlIjoiNVRWVkdBT056R1FFbFNGRXBpYVhmZz09IiwibWFjIjoiNmRhMWM5NWQxODA5NGM4NWM1YWU1YTc5MmM4ZmU4N2U5NGZlMjRkYzA3ZDZkYmZlMGEyYTBiZjJlNzcxNmYwNCJ9', NULL, 'eyJpdiI6InpNS0thV2lPMEZtbUFrbGhsXC9wbjhRPT0iLCJ2YWx1ZSI6Inl2ejllTWxvOURGXC9OXC85Tlp4SmNDKyt5bHM4NVloTE1vWHN0cCtyZkNydz0iLCJtYWMiOiJmNGIwNDU4ZDU5ODEzM2FhZjIyZGI5NmIwMGIyODRhNmE4NGJkMjFjN2NjOWYyYzRiOWMxYTM3OWU1YjgyNjIyIn0=', NULL, '2017-03-20 20:38:42', '2017-03-20 20:38:42'),
(10, '2017-03-20', 'eyJpdiI6IjYwekhtZjl1bHA2d2d3TUR5elV5Y3c9PSIsInZhbHVlIjoiU1piWGx2blwvNE54RElmb0l1Y3BUK1NENVwvXC8wVlQ5MVFiVmh4V1hyXC9nYVk9IiwibWFjIjoiMTU2YTEyZDBkNTRiODcxNmEzZGVmOGQyNGZiZTI3MTZhODhjYjM5MTU1YjY1YTdjZDZjYTY1MjNlZmI1ZmU4YiJ9', 'eyJpdiI6IlRtbkRkcW5JOVhSMjh1M1BXVVd1aGc9PSIsInZhbHVlIjoiRW9LZHpJWFZXR1FNd3BBM05ncW84QT09IiwibWFjIjoiZDQ3YzZmMjhhYzg3MWQ3ODUwMDA3Yjc3NmY2OTExYjJlZGVmNGIxZDcyMjk1MjkzY2UyYzljZDJlNGI1MTEwYSJ9', 'eyJpdiI6Ik9KaTdLSkxXQys1c1dLVmtlT21OZFE9PSIsInZhbHVlIjoic20zVjRhaTRLbkNiSGxsTTZWamZQZz09IiwibWFjIjoiMWFjMTgzMWU5NTAxZTE2OGM5MWJkYzg2NWJmZjFiOGNmOTBmOTdjZTc3MWYyMmUyYzFhZTZiZTM3OWNmZmY4YSJ9', NULL, 'eyJpdiI6IkQ2b3V3dFJrOU1TQ05uckhuOUVZZVE9PSIsInZhbHVlIjoiMlJESTFTWllPbTNwRWhlSmhNYlwvbExFMjh3OXlQYTRidmNJTzdDMzlvXC85RmpkUlwvTDVBRHNcLzc2TFBicllkaVMiLCJtYWMiOiI1ODdiZTQ1ZGJlM2EzYWFhODg3ZTMyODRmOWE3MzZjMGE2NWQ2YjRkYWU1MTg0MDRkYmRhZTlkMDM4ZWJhNjY0In0=', NULL, '2017-03-20 20:38:45', '2017-03-20 20:38:45'),
(11, '2017-03-30', 'eyJpdiI6ImFna2I3dXZ4XC9vQURlQTlHb0ptK3hRPT0iLCJ2YWx1ZSI6IlUwalFXUCsrTlwvZzBQMUhDR1wvTXErMldlMUVXS1wvZVR3QkFhWDBiMzg5NUk9IiwibWFjIjoiOGI3MzhmM2I1YWNmZjZjMDgwMDBlNTRhM2NjZTlmNWUzZmE0NTgyMDZhY2Y5ZGZhOWIxNTljYjQ5YzBhZDlkNyJ9', 'eyJpdiI6IjVHRldzTWtBem9wZ2VXdWtPVzRmK0E9PSIsInZhbHVlIjoiVTZpem9cL2IyTjJmcTFURkVlSVdkenc9PSIsIm1hYyI6IjBiZTEyNmYwOGQwMDBhMzQyMTQ5YWQxYTZlNGI1YzI4YjdlNWZmZWU4ZGQwNDQzMTkzNmRjNmE0MzRmMDY2MjYifQ==', 'eyJpdiI6IlwvQ0Urc1wvV0poRDlBbzJHUURMQjF1QT09IiwidmFsdWUiOiI3SVdQVXZwWndCQVBBeE5OSlhkVGhWallydXZ6djV0UVVJTUU1bTFZZjI0PSIsIm1hYyI6ImM2ZjRjNmNhZWZmZGYwMDkzMDVjMGMwNWZiMmJjZTUyODE0MjlhMzJkZmI1MTU3YjNjZDIwMGU5NmY0MDJhMTcifQ==', NULL, 'eyJpdiI6IklWczEzNHpWYndWQkowXC85YTZSQXNnPT0iLCJ2YWx1ZSI6IlFQUUhKeVFpRlJ2OERSVDU3OXRMOXRRbXpYNWRSUjYwT2ZVMEVqV3J2Nkk9IiwibWFjIjoiZjVhZTM5ZjU2ZDFiNzlkZWIzYjNjMGZiMTVlNzAxMzY2OTIyZDBmNWRlMzRiZmY2Y2E2MGQ3ZjZiZmNmMzAwNiJ9', NULL, '2017-03-30 21:53:17', '2017-03-30 21:53:17'),
(12, '2017-04-07', 'eyJpdiI6Ing0KytSVHVQN0xINFwvSXd1cGZkQ2dRPT0iLCJ2YWx1ZSI6IlloUXZPeFZ2OEIzTmNsM3lEMzhkRW9CdUtNZDY2MGtaV21sN0tqbXBsRlk9IiwibWFjIjoiMDc0ZmRjMGY3MzljMTc4ZmFlNmI2OTNhZWU3MTkyZjk0NTc5MWM3OTA1MGMyMGVmMDc5NjM1MzI5NTM3NWRhYyJ9', 'eyJpdiI6IlFVZ1BUZWk2Z2I1T0RUeHY1bUl6aWc9PSIsInZhbHVlIjoiZk1kUjJrOVwvR01qd0RQUmtMNFFrZVE9PSIsIm1hYyI6ImE2M2FkMTljYmYxY2I5YjJmMDI2ZDM5NGNiNjEyYjgzODc0NWE0YzQ2YmQ5M2NkNjA0Njc3ZWY3MjE2ZDRlNjYifQ==', 'eyJpdiI6IndCQWpOYVpkaG13MjBHYml4XC9ZS3lnPT0iLCJ2YWx1ZSI6IjJnSUJFZUhTZWpRK01UZWx6QzVCU3c9PSIsIm1hYyI6IjEyM2U5ZjBhNDgwYjZlZDAxODgxNjYyMGY4Zjg1YTU1Y2U1NmE1OTlmODYxNzE5M2FmNWU4ZWRhM2IwZDVlNWYifQ==', NULL, 'eyJpdiI6Im5tMWY4WTM0VG1MSEZQdE1zbCtkMVE9PSIsInZhbHVlIjoiNHpQejZiejNKUUFITkZ6b09mXC92b0s1SUZVWk41RDNQcEZ5TENIMFllakE9IiwibWFjIjoiODBhNGM1ZmZmNTE4NDM5Yzg2MzZkYWUxZWUzZjZlOGJlNDIwZTUzZTVhNDliNjdlMGJjNmFmM2VmNGRhM2JjMSJ9', NULL, '2017-04-07 19:25:59', '2017-04-07 19:25:59'),
(13, '2017-04-07', 'eyJpdiI6IjkydGhVeDBtZndrMGo0elA3cytaR1E9PSIsInZhbHVlIjoiOXB3SmVNNUNpN1Y2R3o2MEJaditEbXlncHUxMTdicmNlUkFra2VBc3hmbz0iLCJtYWMiOiJkN2NlNmEwYzNkNjYzZjVlZWI0YTU0NWExODIyM2M1MmQ2ZDg0MGM5ZWEzNmEzYTdiZjg5MjE5ZjZkMTIyNTRhIn0=', 'eyJpdiI6IjB5OE9hem9wNEpPSHZDS3lrNXBESEE9PSIsInZhbHVlIjoidStKY1B0OWthTmwxSjNcL1drdk04ZXc9PSIsIm1hYyI6IjZkYzgzMGQzZDdhYTZiODY5ODgxYWUxNzY4NjNkY2MxNzFiMGVjNDBmZjllMDJmZTE0YjkzM2U2ZTY4ZWFiMjUifQ==', 'eyJpdiI6IkJvNXk0dzJZNGFNNXNxUFExaEZlcmc9PSIsInZhbHVlIjoiVlowMFJHdjNIODRoRkU0cWdIUVwva1E9PSIsIm1hYyI6IjMyYjM3Mjk4MjA5M2YyYWZmMjdlNDRmYWNmNTA1MDhhMjQ3MTgzZDk0OTQzNjI2OTI3NWRkMTEyYzUyOTk1MTQifQ==', NULL, 'eyJpdiI6ImxqaVJpVzhrVzVHNEIwRjdFWGxueXc9PSIsInZhbHVlIjoidlplV0FDN3lEMkgzS210dGxTNjZiSERpa0hTUlwvVDJyb1M3VE1zUkxBNms9IiwibWFjIjoiMzA3MDczYTEyYmUwZDQ4OTg5YWNmNTFiZTM4MTQ4MzM3ZDRmMTRiOTQ4NGYzMDQzYmIyMTVjYjRlYWVhMTk0ZiJ9', NULL, '2017-04-07 19:28:28', '2017-04-07 19:28:28'),
(14, '2017-04-07', 'eyJpdiI6ImhLcjdLbUViUmpPUkdSekJBSFhpZEE9PSIsInZhbHVlIjoiV1JcL0syRmNwTURoc1BwdVMwakhRQVhEMlNaRXg5QlRuWkhCNEZoaXVqWFE9IiwibWFjIjoiMTllNmFjNDRiZTZmNTM4NjFmNjJjMWUxOTY1ZGZiMWU1NmVmOTg0NGM3MmRkYjkyMzk3NjljYWY5OTgzZTcyYyJ9', 'eyJpdiI6InBGWVphRTZjUGRBOExmZFNPb21sWWc9PSIsInZhbHVlIjoiSG5cL3R6KzJaYTBtSzhtWnlEK2VYY1E9PSIsIm1hYyI6ImE0YzMzMGNhNjcyYWQ2YjRjNTk3NWNmY2FkZWE3NjJjODAyZWNhNWZjZTMxNDZmYzgxNTBkZjA0MmNmNjhiOTcifQ==', 'eyJpdiI6IjlZdXF4Tk4yM29hNE5oR0tSck5hVnc9PSIsInZhbHVlIjoiK1wvNEpPV2krXC9JOEJVdWYwQTdYVVhiNDlHZW9cL0k0NnA4TDdsektjaFkxWT0iLCJtYWMiOiJhZDQwYmRjNTc5ODY0MDU0ZmI0ZDc5ZTg2YjJmOTUzZTMxZjVhMDFhZjUwZjkwZDViNjRlZWJmYmQ4NDdjZGMzIn0=', NULL, 'eyJpdiI6IkVMckg3aUNHelwvbHd5U1BcL2pUeW52Zz09IiwidmFsdWUiOiJWM0pOXC9TNEQ4ckxrUVZmOURIdEQrV2ZOU25sRW5UNStLYmhpOTN0ZXMxRT0iLCJtYWMiOiJhNzUwNzE5ZTc0Y2Y0YTA5MmY5YmZiNTBmMjBiMjdlY2I3NGZiMGFiZWM3NjQ0M2QwNzRhY2M5MmY3ODQxZGM3In0=', NULL, '2017-04-07 19:50:58', '2017-04-07 19:50:58'),
(15, '2017-04-28', 'eyJpdiI6ImZaWGQxb0huVk1KYUdBU29nVDJ6Z3c9PSIsInZhbHVlIjoiYStzbElcL2FOdGJhQlptTkV3U3lUUEU1Rk5vbkdrV3lyd2paRGVmejVaMUE9IiwibWFjIjoiYzdkNDFmNmJjMjU0ZjBiMWU1M2ZhYTA5MjU1MmJkMmY1ZTdhYWIyNGZhYzZmYzQ3YWQwOTk2ZDQ4NWJlYjdhMCJ9', 'eyJpdiI6InpBNUM2NEVGZW40VWtQXC9PblRyeERRPT0iLCJ2YWx1ZSI6IkZSeEdINTNPTkhpdXBmeERGWUtkUVE9PSIsIm1hYyI6ImRhZTQzZTE2NzQ1NDI5MGNjMjk5YWQ3MTU1Njc4ZjcyMGNkZDQwMGFmMTA5NGY5ZjZlYjVjNzlhZTM4MWRlNTAifQ==', 'eyJpdiI6IkZ6eXhlNmJ4TjRvY1FrUmMzMXM1OEE9PSIsInZhbHVlIjoiTGNvNXFZQVVmalhIa3RxMzBKaVpQQT09IiwibWFjIjoiNzYzNTNjMTgwNTk0YWIzZGZkYmYwMjE4NWMzYTIxN2RhYWNiZDRjNTkwNTFiYWNjNzIyMTA5YzcyNGRjMWQzYSJ9', NULL, 'eyJpdiI6IkhTS0xwM3d1ZTI1T1VQeFRrZjJtMUE9PSIsInZhbHVlIjoiOXZrd0l5bmVJSFAxYWVDZFwvSk96ZzdGanJIb253QXBMS29wd05pQld2VGM9IiwibWFjIjoiNjhiMGY0MDUzYWU4NWY0MTA2YmUzN2JlN2NiYjk0ZmQxYzg1ZGRkYTY4YWQ5ZjFiNzY4OGU2Y2RhMzMxMDgzMyJ9', NULL, '2017-04-28 17:25:31', '2017-04-28 17:25:31'),
(16, '2017-04-28', 'eyJpdiI6Im5uRzBPUm9rdlBzTkM0aUxWTElSM1E9PSIsInZhbHVlIjoiOUlSMHJ4K0xaXC9MRDNFbWVYSlA4U2J1Q1A4ZGtsSDdWTHRYdTM3MnBna1U9IiwibWFjIjoiNTI4ZTUxMWRmMWY1NGViYTMzOWRlMGJiNjVjYzdjMjdlNGJkNTI1NTFhN2EyZTJlMDAyZjJkMTcxNWI3ZDllZCJ9', 'eyJpdiI6Ik9IUWhYTHB3VUZ5dk1ZUWF1a0VMOEE9PSIsInZhbHVlIjoiOUhKY2R1Y1F0eWZEN0lHZnYwTlFBUT09IiwibWFjIjoiYzZkYWFjMDMxMjc0ZTU3YzI4ZmIxMWU2MDkxNmQ2NTZhODA3OWZhNWM2NzUwZDEyOWQzMmQ4MThhZjlkNTk3OSJ9', 'eyJpdiI6Ikg3cDdhTE1HUGdZOTBWOVBjaUxcL3NRPT0iLCJ2YWx1ZSI6IldqQmlTZjNhSnhCdUdwbkZmcytuTlE9PSIsIm1hYyI6IjU3ZmZmOThiZjVkMjMxYzQwNmE1OTE3MWRkZTQ4YzBhOTc1YjliZjRmODg4YTUwY2E3NmZmZTYwZWFiMTFhMjkifQ==', NULL, 'eyJpdiI6IkdYY3J3ZityZ1wvTjJ3M1RHRXNJeEp3PT0iLCJ2YWx1ZSI6IldGRGFmekZla2ljb1daQUxveVh2ckNqWkNXTG8yVTR6aTVIS1hZOWZ2Ylk9IiwibWFjIjoiMjE2ZWQ2YTAzNGJjNzQ3MWFmNjRiYmFlY2QxZjZmNDZhYzFmMjhmYjU3MDI3MWQ3YjdmODc2ZDZkMjhhZmExMSJ9', NULL, '2017-04-28 17:49:52', '2017-04-28 17:49:52'),
(17, '2017-05-25', 'eyJpdiI6ImNpa2hSaFZMVWQ2ZHdOd241ejd3Ync9PSIsInZhbHVlIjoidk1relRrZVRIUko5dlROeFdNWlFiaUNOYXZLK09TTzRQMWM1ZW9pQytNMD0iLCJtYWMiOiJjODkzOTIzMTllNzI1NDc1NjdlNWQwNjc1MzAyYWIwYjA5OWJlOWQ5Nzk3NzRiMTkwMGVmYjQ4YjNjMzdlNWFiIn0=', 'eyJpdiI6IlZ1elI1YjA0eFpnakVJTkNqUWRLcUE9PSIsInZhbHVlIjoiNUxQR05xQ1RxNW5GMlVTTEppU04wUT09IiwibWFjIjoiM2NkZjlmNGE2M2QyMTcwMWQyOWJjMWQ0MmE1MmNkZmE0MmJkZmM5ODJjZjQ4NjNlOTgxYzkwZTU2NDRkM2MxYiJ9', 'eyJpdiI6IjV6aW5tM05VWHlDemRiMWs2ZXE3N2c9PSIsInZhbHVlIjoiQW9NZzNMS081ZWIzdlJcL3d4MjFhQjZpU2JGU0d3eGJGTHU5NlwvK2ZQQU5jPSIsIm1hYyI6ImMzZmU5ODExMTc3YmFkM2QwYzFkOGZiYmY3NTlmOThiY2RlNDYyY2ExMWExMDA4ZjVlMDdlNjJlNTgzNzY1ZTAifQ==', NULL, 'eyJpdiI6IjdCbFVGcFwva3daREY3YzJDNVlIcXBRPT0iLCJ2YWx1ZSI6ImFpSUNCOVI1VkNRUjlleGt0R1VhQ0g3STFUeUEzRW5rQUhUelRPelNqR3M9IiwibWFjIjoiYWZjNTU5NmVkMDZkMWMzMDViMTQzZGZmN2RlNzYyZDJkYmU2ZDdiYzdkNDU5YjBmMzEzYzc5N2I2ZmVhZTQ0YyJ9', NULL, '2017-05-25 14:10:41', '2017-05-25 14:10:41'),
(18, '2017-05-25', 'eyJpdiI6Im92SjVhQ1VMaVFrMlNnZHpuMmxTRWc9PSIsInZhbHVlIjoiRUtKalNzVElOalwveXJqaE9MdlhQbk5EbFhZdTU1MUJnR2V4MXBwbndXMlk9IiwibWFjIjoiYTllZGYwM2RhZDM5ZDBlZTU2N2MxYzc4YjlhNTg4MGI3MjMxYzAyZmM1ZTdmODU4MDQzY2MxMzczNTY1N2U2ZiJ9', 'eyJpdiI6Ikt5eG94Y1c2TWFzS28yaTVRMmdaVGc9PSIsInZhbHVlIjoidURQdzRoeTRJdGQ2UnJ2WktzS1wveEE9PSIsIm1hYyI6ImRmYWUyZGQyYWQ3MjViNjM1N2FhZmFiOTg1YTgyOGE1MTc1MDY4MjI0ZTI4NGM2YWRlNmUzMjg5YzQ4MTc1OTkifQ==', 'eyJpdiI6IlZlKzFYRVR5TFpaeUtiYyt0NHZQSnc9PSIsInZhbHVlIjoiKytkMFArNStIOUdwT2tiRERTTlwvdENvc0tPaktNTWdMTUphK3c3MWU3dW89IiwibWFjIjoiNTRhMzRlZDM5YWQzZjhmMTUzN2M3N2M1MDJjYmViOWYyM2ZlMjY1Mzc0MDFkODA1ZmI3N2UxNDJjZjY3YzNiMiJ9', NULL, 'eyJpdiI6IjJ4bUhjOW4rR09tUGRaOWtnbVhUcVE9PSIsInZhbHVlIjoiQW1IWGRHRTl5aFVtbUlRQ2JVdXpuSENiSmZSSGhnQlNIM1M3MzBCNFdkRT0iLCJtYWMiOiJiZTA2NzBmYzkzMmE5Mjc3NTQ2NDcxNmM3YzQ3MWNjNmEwZjFlMjkxMGNjNWExMDhmZWJlNmQxOWU2ZDNkODdlIn0=', NULL, '2017-05-25 14:11:22', '2017-05-25 14:11:22'),
(19, '2017-05-25', 'eyJpdiI6IkJEUWRoYkJSXC84NmZlY3lpeTd1eUhBPT0iLCJ2YWx1ZSI6IlludmxNb21oMDlreXlqbnNXcjdablVsNUNnc0xsYVo1QzJOb3YwbkRhb289IiwibWFjIjoiMmYyNDY0NGIwODlkM2QyYTNmYTdjOGRiZjRjOWQ4N2FjZTVkNWRlMjRhMTBmZDA5MzE5MDZhZjFiZmI0YWQwNCJ9', 'eyJpdiI6IngrVU1PWFoyUWlENzJzZGhXcXk5NWc9PSIsInZhbHVlIjoiZEhIYVpXMFhjcnh5Mlh1b2pSWWVOQT09IiwibWFjIjoiZWUxOTg4ZmNmY2I1ZDkxZjhlZGVhNjgwOTc0OGFmMTNmODRkMTVmMzIzMjY4YTE2NzgwMzk5OWJhNjgzYjdmYSJ9', 'eyJpdiI6IjJVV3dmNHhzWWVhTGZ6NUh1R3JMYkE9PSIsInZhbHVlIjoiWGd1QWFZa0R0RUFxcDBxcENncWlCd1k1MHpyVllUSXFiTFwvWnFNUDE5M2s9IiwibWFjIjoiNTBmNjNmMWMwM2M3MzFjMjk1YWNjMGZkNGRlMzY3M2EwYWEzOWQ1OWI4ZWIxZGMwZDdiZTA4ODkzODAxMWRiZCJ9', NULL, 'eyJpdiI6ImdEM1VnSUxSQlNHaGs2ajFmMWFTdUE9PSIsInZhbHVlIjoid1RtOTlBOFJHSzBLdzVoVlFOMUFEbFFOdFZNWmpTNUVNSkpKY2I1dktqMVhJUGZcL0JHNzBpdGZ4Q1Z3aXZ3RmMiLCJtYWMiOiI5MjkyMDE1NGY0ZjM0YmEzM2ViMDNmY2IzMGYxZTBlYjIyZTNjOTQ0NjQ2MjFkMTcxYzM0ZTA5ZjBkMzk0YzVkIn0=', NULL, '2017-05-25 14:17:08', '2017-05-25 14:17:08'),
(20, '2017-05-25', 'eyJpdiI6IkxYdHc1cExBU3N2XC92YlRWNWkzR2NRPT0iLCJ2YWx1ZSI6ImhwanNpdkVXT1ZESkNXXC9lZ1B5NFhwc2ZRNk56cWcxQWxiblNKTThnOVlRPSIsIm1hYyI6ImMwNGViN2Y1MWRjZDUxZDY1MjQwNjQ1YzM3NTVlMGIyYWVhNTAwNDA5MTFlYmQ3NWJhODFhNWMwMGJlYWUyMDAifQ==', 'eyJpdiI6IjZrajZrMWMyUWNrV3JTc3paV3VTYkE9PSIsInZhbHVlIjoiVFwvb2VvZWU2dHBvOCtnaU80Z0htWmc9PSIsIm1hYyI6ImY1YjVmZTEwNTMwNDhhYjA4NmY0NmViN2Y3YmY3NmQzYjdkMTI3NjI0MzFmNjY2MWFhZmMwZTA0NjIzMTkxMDkifQ==', 'eyJpdiI6IjRHMkFrSFBQV1MweHE0VGRrajZWTEE9PSIsInZhbHVlIjoienFBZzhKZkROTzBKZStEaVJndnFrc3BGMGZjT3l6cVJFUDhYbGduME9hWT0iLCJtYWMiOiJiNDM4NDViYTc2NDI5NTZiNDg2YTFhYjI0ZTY5MzY2MjlkOGEzOTk4MTA2NDRhN2I1ZDBiNTE4ZjI5ZTk3NzRjIn0=', NULL, 'eyJpdiI6InJPMVVDWlVwWUFJTFhEUXF4SExWSEE9PSIsInZhbHVlIjoiVTlxV043NVNLN3hwaG9VTXVWYlNsXC8wb1dUaUZwZUtxSVM5M1R6S0xyYnNMcksybFptRG5NaUpjSWRSc2FRa1kiLCJtYWMiOiIwMzNkNDk2NDYzNjM5MDc5ODM3ZjQ5ZGUxMWE4MDJiZDQ1MzBjYTg4ODE3Y2YyM2RmNjZkMzg5MzU3YjM1OWQzIn0=', NULL, '2017-05-25 14:19:49', '2017-05-25 14:19:49'),
(21, '2017-06-02', 'eyJpdiI6IjY4OW92R3B5U2JDcHk5eFwvZlZUeW5nPT0iLCJ2YWx1ZSI6Imt1RTIzRzk0bkdSNUVBYVc5MDNVSndEZmhSVCtFXC9scVgzOWpLelNLVUhFPSIsIm1hYyI6ImY0ZThiMjZjZTQ5YmM4OWUyZGZjYTVkNjI4MWRjZWI1NmZiYmI3YTQ1MjcyOTdhM2JkNTU1NzAyZGQwYjU0NTMifQ==', 'eyJpdiI6IlpWa2hmXC9yN2ErYnZXUkdrVGZVOVhRPT0iLCJ2YWx1ZSI6IlRvQXRQcXEyelduZHk0UWVrMjBsUnc9PSIsIm1hYyI6IjQzMzhjZTE3OTJmOTEwYWEzOGJhYjQ5NDc5ZjM5MDQ2ZjQxNjNkZDU5YTNlNDAxYjA0OWZmMjI5MWNkNGMxOGYifQ==', 'eyJpdiI6IlNaMnQ0aDh5bkp4ZWdWTnNOY0ZXVHc9PSIsInZhbHVlIjoiRSt4ZkJHM1dPQUQzMUJVbmlcL3Zwd1E9PSIsIm1hYyI6IjRiOGEyN2M5ZGEwMjc0NTE1NWZmYTljN2FjN2MyNTNhMjY1M2ZmOTFlMDU2OTcwZDE5MWFmYWJlNzIzOTNkOWMifQ==', NULL, 'eyJpdiI6IkJhOGRRaWp0TmdOSERhNkxpN2lxN0E9PSIsInZhbHVlIjoiMFFPenFYSmt6RHVQMlJhNGI3STMzS0trOVwvZmNGejlWZkU4MlVDdmQ1bVk9IiwibWFjIjoiMzdiOWRmNzFkODUyMjRiMDNlNjI0YzM5YTkzN2RmOGY0OGJlMWQzZjY4MTU4ODMzYWM1NjNkZmQxZDRjYzQ4NyJ9', NULL, '2017-06-02 13:56:33', '2017-06-02 13:56:33'),
(22, '2017-06-02', 'eyJpdiI6Im5rSFc0WFRBdVlzUG0zT1QxWVFVRkE9PSIsInZhbHVlIjoiTjB3MktWdnluMU9kSndaQncrRXNLVEZBejJRdVFDQWRcL1FOVzBnNHJxc3c9IiwibWFjIjoiNzFkYzAyMGYzMjg0YzIwY2ZhYjkzOTAwNzM2ZmU0MjUxYzZhMjM1OGNkMjQwZjk0MjllYWRlNjI2OGU3Y2UzNCJ9', 'eyJpdiI6IjB6M2lRa1Q3WXpINTlVUGZLZ09tNnc9PSIsInZhbHVlIjoiV2FLOUZzaE5WakJwVVJadFNkRlRoQT09IiwibWFjIjoiMGM0YWM4NzM5MjVkNTMxODhjMGVhMzlmNGI2MWYwOTBlNzM0M2Q4YzA4YjRjYzY0NmViNjcyMWU0OWM1OWQ4MiJ9', 'eyJpdiI6IlVXWnRvU0pEMkNwY2pZU2NDVFBDblE9PSIsInZhbHVlIjoiY2dNc3psM2psQlwveWp0Y3R3RVNmblE9PSIsIm1hYyI6ImNhNDc0YzBlZGEwZjhjNjNkNGRhNGI5NzgyMDhiMjk3YjU4MjRkODA3ZWRiOWUwZDZlNDAyZjk0NzlmM2YxOTkifQ==', NULL, 'eyJpdiI6IlpMOEV3VTJjcEpINjBuME1UbVQ5eWc9PSIsInZhbHVlIjoiRnJXbXI1OGdIcWE1S0o4NEpib2JQTmNZTGlXZ1pzbytuZzVGZU52a2NxNWJOejlOeXFVcEJBVVNVcEtLQSt0ZiIsIm1hYyI6IjBiZTRlYzlhNzFhNzM5ZGFkOTJkZThhN2FmMGUwNGIwY2Q3ZTMxNzkwMzkwYjljNjhkNDJlMThhYTVjYmQ1OGUifQ==', NULL, '2017-06-02 13:57:42', '2017-06-02 13:57:42'),
(23, '2017-06-02', 'eyJpdiI6IkhZQmJ2YzJoMnhRRjZvUCtONlAzRVE9PSIsInZhbHVlIjoiWUptaVl1NWV5OVlcL2NDVFpKUWV1OHNyZFJJOTNJSzFqc2lQb2dVNVI2WlE9IiwibWFjIjoiY2NjYzI3NjhjMTA3ZTU5OWQ0YmRhMzczZDcwNWNmZmM3YTkyNjRiNTQxODlmZTIxOGVlZTljMzE4NDMxM2Q5NSJ9', 'eyJpdiI6ImFWWHdJTURlRWlha0tEQnhtWGREekE9PSIsInZhbHVlIjoiYnJPRjdYZ2VlMGFlUDZkeWYxK1k4UT09IiwibWFjIjoiM2M1ZTlkZDY1ODFiOThlNWE1MGNhMTMxZDA0Yjk2YTg1OTcyMzhkYjg1MTc5MzUyMTg1Y2U3Nzc3NDY1NTJlNSJ9', 'eyJpdiI6Ino4OW0rMXhzdU5lR3F4ZXl2a0QzSVE9PSIsInZhbHVlIjoiendSSjdZVk9XeEZ3bW9Hd1NlSktaZz09IiwibWFjIjoiN2EyMTBjM2EzZDVlMDk5ZmUyMTA5ZmI0YWZjZTBlYTkwNzZjNzg3NmQxY2FiYmJjZGUxZjYwOWU2ZWM2MTE2ZSJ9', NULL, 'eyJpdiI6ImJOYlwvYkNwdDdubEVKSlVrSWh5RjBBPT0iLCJ2YWx1ZSI6IlN0TXdVUUtrZHA3bG5rU1c2b1MzZlVhdmFJSkRJTk5kXC83bGFIeWpqT1FzPSIsIm1hYyI6IjAyNjIwNTQ3NzM0MWJhOTBlMTgzZjkyYjM0NzYzOTZkZjY4NGUwNzJmYzExNDM5NjIyN2IzNmU3YjY4NDQwYTAifQ==', NULL, '2017-06-02 13:57:42', '2017-06-02 13:57:42'),
(24, '2017-06-02', 'eyJpdiI6IjdPYTY5SjFWaU9tdm0zVlI4OG4wcGc9PSIsInZhbHVlIjoiSWZUV0gzUTBxd0NvQ3FJV0JoVVZyRG1keTJMQ0ZNb1wvdkVmOENUeGFhZlk9IiwibWFjIjoiOTRiZjc1NGUwMDlmM2NiNDA2ODk5MzNlODI4MzNlOTVhOTNkZTZlOTVlN2JjNzFhMGNjOTQxN2M3NTcxZTExNiJ9', 'eyJpdiI6Im0yclFMbDE0dWlJVDFmRGZNTHBFSXc9PSIsInZhbHVlIjoiUzcxUzNpYzMxcHR5TXRUMExtTnpTdz09IiwibWFjIjoiNzdkZjI4YmIzNTI1MjIyOTI4MGI3YjdhMDljZThiODg3OTYzNjNmN2M2N2M0ODgyM2E5OTY2NDJhYmQ3N2UzYyJ9', 'eyJpdiI6ImMxdUFJWm5URDRvOEpXYXB4TlhraWc9PSIsInZhbHVlIjoiMFwveWVMMmtwQmRTT0lrZmdTbEJ5MFo0YStyS3VcL2FIbTlvWVJ0T1hwZjhFPSIsIm1hYyI6IjU1OGY5MGI4N2VhNmYxYTdkNzEwZGU3YWNkY2U4NGEzY2JjNGZiYjFiMWY0YTU0Y2Y4OWQ2NWZkMTMyYTExZDkifQ==', NULL, 'eyJpdiI6ImtFYkRJK3IxdGJUWXFlb21Kclo2UHc9PSIsInZhbHVlIjoiaW9LUGNyWFJCZ3ljUTBjRnlnZDZyR1B1UGNRSW4wQUg1d2pBVk45SlRiQzFKelUyUTNEejlsNnRUM2Q2MUgrZCIsIm1hYyI6IjMzYWYyMmVhNzZkMzZiODVlZGZiYmE0ZGRjYjEwMDI2NzZhNjBjMDkyYzI3MjY1NjhjZTQzOTc4ZDUzY2MwZjEifQ==', NULL, '2017-06-02 13:58:03', '2017-06-02 13:58:03'),
(25, '2017-06-02', 'eyJpdiI6Ijdrd0Q3OUFXcDkxNHJ0V2daRnhZU1E9PSIsInZhbHVlIjoib05VS2VSZjBZcVVzKzVpOVVRa0lhenBVRzB0blBMaUFMVWw0c3ArOFoyVT0iLCJtYWMiOiJjOGYxNmU5MjBlZjRkYWExYjRkZGU0YzE5ZmM3MmI5ZjRhODRlMDM4ZWY2OTBkM2UyMWI1NWE4ZWQ1OTAyNWUxIn0=', 'eyJpdiI6IjM2QTViTnh6emlNa1BmbkRmUzRDbGc9PSIsInZhbHVlIjoiT1VoTzVvVFBqNEQzU0dhU1VCSnJYQT09IiwibWFjIjoiNDc0ODAyZTFhYjVkMjRmMzI1MzhiYTFmOGM4MzkyMDc1ZmI5NWFjMzIxYzY5MjljYmUyZDY1MDVjNDdkNzZjZiJ9', 'eyJpdiI6IlVZTU93blwvU09hYnFtZTZqWlBUcFFnPT0iLCJ2YWx1ZSI6ImpKUXpMZnF6ZENydmZhVTZvK0szaVAzdVFyK0thZHNGSFV5dlRuV1lDZG89IiwibWFjIjoiZjEzNTE5ODY1ZTk1NmI3NjY5Y2IzZjdlOWZiMDc4Zjk5YTQ3ZDA2OTg0MTUzMDVlYmNmMzI0ZDBmNjI3MTkzOCJ9', NULL, 'eyJpdiI6InJTbytLUUthcDB0R0RHNlJYZE85Ymc9PSIsInZhbHVlIjoickpua1wvcU5hekJDYWtaRnN4Sm9ESDBjQ25hVjVcL3FHUHE0WGw4TGFma1wvYlJiQVdxdTRqYTF5T3RNbDdIa0h0cCIsIm1hYyI6IjFlNWY2YjU4OWNkNDQzODk0NDBjZTEzZDc2ZGMyNDcwYjk5N2RlMDVmNzdlZmNiZGEyYzU0MzI4ZDNhNjhiNzQifQ==', NULL, '2017-06-02 13:58:21', '2017-06-02 13:58:21'),
(26, '2017-06-02', 'eyJpdiI6ImVZcm1xZFBGaXBWcDhJSE9tWG9kWlE9PSIsInZhbHVlIjoidmpJM3BrRWpwSjB6OGZqYk1VdG1yUjlWekVFVXI0c2FcL0FCNkhQMkJvRWM9IiwibWFjIjoiMzNiN2JlOTI3NjViMGRjZmRmMmVkYWYyZWM0MjE5YmUwY2RmYmI1MWQ2YzBmNjVhZDgwYjU5MGI4N2M2ZWEzMyJ9', 'eyJpdiI6IkVHUGNnMDErM1NNbXNpZitWSUZsWEE9PSIsInZhbHVlIjoid2FrSll1NUFIQ2JZTXhCOWVEZWtYZz09IiwibWFjIjoiN2MxZjI0YjIxZTQzMmM1YmI5NzZlOWZjZmZmMTU1YjkzZjMzYzVjNGEyMzI2NzhkOTg2ZGQxMzFlMjBjY2RhOSJ9', 'eyJpdiI6Im0rRVdcL1wvRzBJRk9mYXN4cmJEaTV4UT09IiwidmFsdWUiOiJSbGpiZGd6VDY0WXNqVkF0RDlCaXZhcGx3aWxmTk5DRUdYXC8xaHZWTDM2VT0iLCJtYWMiOiIwMzI4MmNiOTYxOWI4OTI3YjYwMjNlM2MyM2Y3YTJlZjhiNGYzZGUwNzJkYjVlN2MzM2QwYTc2YWRlOThlNTQ3In0=', NULL, 'eyJpdiI6Imd0cEhkeUxEbWJUSnA0NWhCQlJTREE9PSIsInZhbHVlIjoiQ21CRnpmUmpaOEg5czJWNlNmXC9QWTVKTU1tWGNQc3BUVmpCUHNUaGt0K21hdkROYUVlM0FacDRCckVzek9yakVUUWtORGI5c3Q0dXNWdnpnNCsrXC85QT09IiwibWFjIjoiNGYxYTVmYmQ2MDllZDZmNDJlNWU1MTFhZWQ1NTQxODI5ODRjNDY3OGNhNWM5NmZkNGU', NULL, '2017-06-02 14:00:15', '2017-06-02 14:00:15'),
(27, '2017-06-02', 'eyJpdiI6Im9TaFlIZDRFR0phdUdWMkR5S3RRRXc9PSIsInZhbHVlIjoiXC9tMmF4NlJwRndOd2IrbTJwV0V5M1VhaVBNU1pLUENycGdFcE5UTkV3dXc9IiwibWFjIjoiNjRkYWViMjIxMzc5Mzc4YWNmOGViZDE5OGMxYzE1NzYzZmQyMjM4NzExNGI5ZDFkYzdmYmJmNGM4MmI0YTBhNSJ9', 'eyJpdiI6IlN5QWphMWpBTUtTdEQrUEtFNGNjaWc9PSIsInZhbHVlIjoiVUMzaDRVTFVTYXVVYXU4QjdERkNPQT09IiwibWFjIjoiOWVlZDg4OWU1NWY2NjUwMDkyOWZlN2M2YzQ1NzUzMjQ2ZjhkYzM4ODUyMGUzNTk2MjQyNmJlMjRlZmM2MDdlNiJ9', 'eyJpdiI6IjV4UzRNRTA4XC9wM1NZSE1RYXFwWWVnPT0iLCJ2YWx1ZSI6InB6YURFcFVJdGhSeEI1U1wvd1NhT0NkNVhjbzRSdU1rNHpqSU9aRzVLanJjPSIsIm1hYyI6IjM3ZmNmZmFkZjZiYWU1M2RkMDQzZWM4NDEwNGZkNmQ2OWQ5N2U5Zjk4ZTQ5Y2UxYzYwYTIzMmRlNmJlNGIxZDEifQ==', NULL, 'eyJpdiI6ImNMcnYzXC9DeDRrKzJjNVB6bitPdXlBPT0iLCJ2YWx1ZSI6IkFOVEQ2RDBzUUNcL2QyWitET2dNZ1BhdGlvNkVrRGczbkhMZzd1eVRpcUdVPSIsIm1hYyI6ImUzYTQwZTMxOGZjNDQzOGNlOWUzYjFiZmZmMDM4YTRlZGQ1MmQ1M2EzOWI4ZDMwYTNjZjg0YjNiYjhjNGJmODEifQ==', NULL, '2017-06-02 14:00:31', '2017-06-02 14:00:31'),
(28, '2017-06-02', 'eyJpdiI6Ik9lMjI2dVpGTStyamR1Z25LVU51aVE9PSIsInZhbHVlIjoiWm9EUUFkdllBNkFzSTIrdUpoaE9YUTdpV0ZuWXJ5cXRIUGVVWGwyd3V2MD0iLCJtYWMiOiJkOGYyNTQxYmM2NDIxODUzMGU2ZDI5ZWE3MjBiNjMzZDViYTVjNGRlOTFiZWJjZGUwYTFhNDhiMWI4NDVkOGVlIn0=', 'eyJpdiI6IjNRWmNPZE9DOVRaNCtuSFhKV0s2VkE9PSIsInZhbHVlIjoiYjNSQmJrSEg1VkcyVjY1VTU5UlFZZz09IiwibWFjIjoiMzY3NmVlOWYwM2U5NTExMzM0YjliNzA4OGM5NTk3YTgxMjk1N2U4NzkzOTkwNmFlZGVhYjFlOGY5YjQ4MTIzZCJ9', 'eyJpdiI6IkJhdUF1aWpjdmRHWUFQbTQ5NGE2a3c9PSIsInZhbHVlIjoiZzlvNE5pXC9zNWhMYlNSMWtnTmtsdkE9PSIsIm1hYyI6IjljYjU4Y2FlMmU5MDAzN2U3YjdhODAzYWFhMGNkNjc1Mjc2YzczODRiNDQyNzc4ZDhkNDcxNmMxMWQ3ZmFiNjkifQ==', NULL, 'eyJpdiI6ImxzVWhZamFOWmtxS2tESHhZYWZ4MEE9PSIsInZhbHVlIjoiYUQ4RFwvbWhPM3RUVXY5K3JJUGtOdHZhTGp2WFE4Y0s1RVNtV2JGM2JQa1k9IiwibWFjIjoiY2NmOGU0M2FlMjg3OTE4OTUwYzMxODY2MDJhMTZjNmQ1OTllNjljOGNkNTU4Zjc3MDJhMGU4ZDg1OTlkNzg3OCJ9', NULL, '2017-06-02 14:07:01', '2017-06-02 14:07:01'),
(29, '2017-06-14', 'eyJpdiI6IlI1bElNSndBN1czS3dYVWJMSTlWc3c9PSIsInZhbHVlIjoiVFdHaXpxcUVVOVBKKysyYnpcL1ZYWEJnM0RsaFdZTEFSNFlcL0gxdkU2Q2IwPSIsIm1hYyI6IjlkNGI0ZTY0OTYzYWNkODIzNDcxMmU2ZmI2MWVjYjUwMGQ0Mzk2Njk0ZDc5ZjUwOTE5ZWU0YmMyOGMzNGM1MjkifQ==', 'eyJpdiI6IjdtTG51U1VMWW93U1I2YlMyTlwveWZ3PT0iLCJ2YWx1ZSI6IkpFUHdDa2tCd1VLZ0JHXC9cLzlaajNzQT09IiwibWFjIjoiZjM5OGE5ZjY4OGE1NDFlNGU4MTU5NmQxYTIwNGMwOGU4MzBjZGVjZGM3MjIzMjVlZjcxNWI2YTE4MzhjOGNhNyJ9', 'eyJpdiI6IjBkY1dLWnc1ZW8xWHZIVUZhVFwvVTBRPT0iLCJ2YWx1ZSI6InVqREJ6Y0lPaThVYytFS3A2TDVzcWc9PSIsIm1hYyI6Ijg5OGIxOWYyMjhiN2MzMmVmOGVkMTJhMjc4MGVhZTI2YzkwMTg5OTk5YTBlMDk5YjBmYTFkYWQ2OWFlNzRjYTIifQ==', NULL, 'eyJpdiI6IjZJY3FLZ2ZmVUFlNkhlSjRHSmN1cmc9PSIsInZhbHVlIjoiSldvb0NnU1ZFYnZEajRVVXZmVTh4alwvQ1hPSXJoZWxEZ1Bad0pIcUF0U1loXC9uRXlGbTNHR0hKWnRXQnhCM1hBIiwibWFjIjoiZDY5NzRlZGQzNzQ1MzUzNDJmMmMxYTk4N2RjMDhkMjRlNzk4ZWM3ODVkYmVmMDQ0NzU2ZTIyZDU1MWMxMmEzZiJ9', NULL, '2017-06-14 15:37:17', '2017-06-14 15:37:17'),
(30, '2017-06-14', 'eyJpdiI6IitOUUtpNUdcL1dHZE5xNlpob0NLMTRBPT0iLCJ2YWx1ZSI6InBhVjZTUWRnUjFFeUZ2T3NXR1ZvdVo2ajdlYXFKS1hBVytIUGdqS2Y0K0k9IiwibWFjIjoiN2YwMzM3NzRmZWI1ODllMDM1MDBhNjZiMTMxOTAyZDRmMWMxZjk0ZDA1NjUzZWRiMzliM2UyODAwNDMyZDQ3MSJ9', 'eyJpdiI6InduSzY4Mjd2QUJwdmZPREVRekJIK1E9PSIsInZhbHVlIjoiNWU5ZDFGdzRQQWd6VmpYaTFXRHZIQT09IiwibWFjIjoiMjczY2UwNDVhMTIwMWM3MDU2YTA3NDIxN2EzMzFhNDRkMjJiMGE4YmQ1MGQ3Y2M0ZWE1NmNlYjVmMWEyODE3ZCJ9', 'eyJpdiI6IkdDRnk3VDNSdDR1clJueXlUQjd1K0E9PSIsInZhbHVlIjoiMVZzNlMySW0rSnByczNsdUZOVVFxY2tHUERJbjFUekVDalFIem5FSTY1VT0iLCJtYWMiOiJjOWFkMGZlNGYzZmIyODcxNmZkNjk5OGNiYjY5OGZlYjdkNDZlMzY0NTJmMmNkYWViNjM1Nzc4NmJlNWYzZmRiIn0=', NULL, 'eyJpdiI6IjhkVXIweUJ3cEVJRGJza25WN0JoVUE9PSIsInZhbHVlIjoiUENXUDY2eFNvZU1iUnRIcDVBM2t5eThDMERtd1ZUcklnREVOWExtaVpoTT0iLCJtYWMiOiJlNGZiY2E5M2UxZjgxNzVlYjVlNmU1MTFjYjllMGNjZDAwNDA0YWUyZDJmNDlhZDA0OTMzMDI1NmQ1NzkzY2M0In0=', NULL, '2017-06-14 15:37:18', '2017-06-14 15:37:18'),
(31, '2017-06-14', 'eyJpdiI6InQ2cnVzM3g2OU0zb2RaVUM1bW5VRFE9PSIsInZhbHVlIjoiK3B2MGRFdTE4Zlh5UGw0RnM2Q3pDZ0o3U2htVnJOVEl6aDl0NmxrRTJIVT0iLCJtYWMiOiJjYzBiODUzNzhlYzdjMTI4NTAyYzFlNTFlN2JlMGMwYzNlNjA1YTk2YmFhMDM5YjUxOTUwYjc2Yjc2Y2M4NTg0In0=', 'eyJpdiI6IklsQ0xvUUNybjRCa3VLXC9KbmRWWlwvdz09IiwidmFsdWUiOiJvRUpwWjNxaWE0U0JPWnNqem5DRU5nPT0iLCJtYWMiOiJiNGZjZTlmNTA0ZTcxMjEyOTU2MzcwY2ViOGVjYjY0NjNmZTBhYTVlZWMxYTcyNTllNzVjYmQyYzk2N2JhODgxIn0=', 'eyJpdiI6InRDN3lrOXpEdVwvQllKTmdlWkhWWXJRPT0iLCJ2YWx1ZSI6IlZ0djFsYUVINHhrQmZGYUluNFlCQUE9PSIsIm1hYyI6IjUyZWJjOTE5M2M0ODRiNDU4ZjZhMjQ2YmFiMGRmYmU5YzJhMGFmZDFiNTg0YjQzMzU5ZjQyMzVjNDgwZGVhZjIifQ==', NULL, 'eyJpdiI6Im16aFwvdk5MTW5zMWFPUFdoa2x6MXpBPT0iLCJ2YWx1ZSI6Ijg5cEY2OENOMVBxNUJFTVdrVzVhRmc4aVVpdnlhdW5LY0lyKzN0YlY5XC9DQldnaFA3SDVwbjVOS3prSUdhU2FTIiwibWFjIjoiYTFjNzViMTM0OGRkNmI3NzI5OTcyODRjM2QzOGYwZDdjMmQ1MWNlNTljM2IzYmEyYzczMTUwMGE4NmQzNGNjZCJ9', NULL, '2017-06-14 16:03:01', '2017-06-14 16:03:01'),
(32, '2017-06-14', 'eyJpdiI6ImNRY0JLRHd5RXFTN2xOVFNFYkRiOWc9PSIsInZhbHVlIjoid0VsZHlvWW5zZWhENE1MY3d1cElZaE93cTYxZnRTSmpKd05XKzM0TFRKcz0iLCJtYWMiOiJiZDFkYmJkY2VhNzQ5ZDkyNmNlNTUyMzAwYmMzN2EzOTM2MDVhNzg0ZjBiNTAzYzkyM2Q5ZGI0OTQ2NmNhNGZkIn0=', 'eyJpdiI6IlRhYTROVEF2Z1ErY3RhNm1zQ3k3SXc9PSIsInZhbHVlIjoiN3M5ZmN6Rk03Z1FDXC8zZVJ3XC94UWRnPT0iLCJtYWMiOiJhZDAzNjUxMDIyNzEyNmZhMjQ2YzUxMDA4OWI1NTIyZDc3ZGU5NjExNDA4ZDU4YmY1YmFmMDU5ZWFiMzQ4YmUyIn0=', 'eyJpdiI6InBwQ1wvYTdIUzVVdW1kdzF5M2l6dXRnPT0iLCJ2YWx1ZSI6IitYXC9hOGw5T3JOa1dnV0ZOUEFDU2tmcE1jUTI5MDdDYWFSZVRsMytlaDdvPSIsIm1hYyI6ImRmYThjYjFlMzYzYWY1ZWM4ZTZlYTg4ZjJjNTM2ODQ5MjFlNTc4ZjQ2NjBmZjg3MTBlODMwMWFmOGVmZDliY2YifQ==', NULL, 'eyJpdiI6ImxRaVBrS3JNdUd0Y1lWeWFHOGc3Q0E9PSIsInZhbHVlIjoiYm1nTFVDMlJ6RUpLTk5xZWZIZGNIclZ0ZUZ4VEpEMlB3WEl6YVI2RjAzVT0iLCJtYWMiOiIwZjE4YjliNmNkYTdmODcyYzliYWZmYjU4NGJlMGQwNGMxZjRlYTRiZWI3YjAwNGUwYWMwZmRkY2FkZTk3OTlkIn0=', NULL, '2017-06-14 16:03:01', '2017-06-14 16:03:01'),
(33, '2017-06-29', 'eyJpdiI6IlJjUmRzZW9ydHlNS0pGS1cwcEdmaUE9PSIsInZhbHVlIjoiSVwvR21KVGhtdVlpaEFOM1UwSlk5MlU4azhoSXZpZTVGSFdlY2ZObmNtcVE9IiwibWFjIjoiMjNiYTk5MWI0YTEyMWVhOTI0N2EzODA2ZDg4YzMzNWVhM2Q3YzEwZTNjOThmNzBmZDQ1ZDZlNGI2N2YxY2NjNyJ9', 'eyJpdiI6IkdYcHo5MHo3NFczZ2o2RXg2endEZXc9PSIsInZhbHVlIjoiODB3VXZxM3JZM2VZajNERlBrSTBcL2c9PSIsIm1hYyI6ImY2ZGYwNmZjZDNlZjFjZGVhYmRiMDJjZDFhZTg0YWI0NTE5YjIyYTA5ODEzN2U2OTg5NWZlZTkyYTYyYjE0NDQifQ==', 'eyJpdiI6IlcwR21HMmhxdnlLMndsWXdcL0ZCZURnPT0iLCJ2YWx1ZSI6IlZFQW5nZmsySEZmbVArdktjVDU1dWc9PSIsIm1hYyI6ImQxMGNlZTQ5ZDY2NGUzNjQ5OTU5OTM5YTUxYmViODY0MjdmYTllZjJiZTc0OTI5NzRhMjlkM2U0NmEwMTk1OWIifQ==', NULL, 'eyJpdiI6InFWbU5qY0lQeFlaenphcHdxOE5HdUE9PSIsInZhbHVlIjoia0hCWW5cL2dNOVlsNmtOT2orZEpnbjVGeDVzZjc3RzZsMlE1NGtPcHR0Rmc9IiwibWFjIjoiYjU4YWZjMDhiOTg3Yzk5ZWNlZmEyMzc5YjhmZGZiNTk3MzcxYTk1Yjc4ZTAwOWFlMjFkNzk4NGMzOWE2ZmJkOSJ9', NULL, '2017-06-29 09:42:18', '2017-06-29 09:42:18'),
(34, '2017-06-29', 'eyJpdiI6IjErYUZyd1VGVWZrdUJSMDFFWVwvTmlnPT0iLCJ2YWx1ZSI6InNcL0RyeDN2Z1VPcWxPZGQrdld3ZWxhRUdBTElpRndSaGZFeTg2QzhjNDQ4PSIsIm1hYyI6Ijk2ZjFkMTY2YTVkZmY3MzNkZjI4OGQ2MGM1Y2Q4ZTU2Njg5YmRiZDgxN2YxYTM1NWUwY2VkZDI3ZDRlY2JhZTEifQ==', 'eyJpdiI6InBHb1YwbjJkaW02QldmT3pLenJUVFE9PSIsInZhbHVlIjoiQzZ0cFwvWkNnVXgxZ0FET1Z6aldNNWc9PSIsIm1hYyI6IjBmMWNmMDUwZDkzNDNiZTI0OTQ3NGIzZTUxNDNlYzlkMGU0NzlkNWM4YzAwYzU0NWFlMWNiMDk3NWM5NmRkMmQifQ==', 'eyJpdiI6IjFsbWU1bGhrbVVqWUFaXC9ZTzJJblVRPT0iLCJ2YWx1ZSI6InJMMm5xMFJ2cnpyZ3ZySGFDbzQ0NENSWU8xRk1kQ2YrWnl1KzlZQjA4dHc9IiwibWFjIjoiOTc5ZGQ1MWY1MGIwYWY1OWYzY2IyZmUyMzFiZWYyZjAwYTNiZjVkZTc4ODliYmM1ODk1NTBiYWY0NzA0MmUzYSJ9', NULL, 'eyJpdiI6IkZsQlg4dmVCRXF5cFJzQjhzblZJYlE9PSIsInZhbHVlIjoibFIwb2RcL0F1WnNFcW9EblVOem1BaFwvXC9GcUxjOUxuUitWZHJGd0dvVURMND0iLCJtYWMiOiI0Njc3N2IzNWVlMmFjYzhhYWUzM2MxY2ZjZTVhZWYzMDUyZWQwN2E0Yjg3NTQ4YTI3NjBmOTM1MGI1YjQ5MTg5In0=', NULL, '2017-06-29 09:42:35', '2017-06-29 09:42:35'),
(35, '2017-06-29', 'eyJpdiI6IkJWTzJjdkFGMTh1bWVRT0FlSGlCZnc9PSIsInZhbHVlIjoianlRRTc3RDZRUVhiUkUzc1NxSDFSb3Q4T3VMWEU3M2ZLZ0l2R3VyUHJXRT0iLCJtYWMiOiJmZGJkNDgwYjhhNTI5YmRiY2Q1NTUxODZjOWFjNGJkNzA0OWJjZWNhMzhhODhmYzgzYzY5MzBkNzk3YzMzNTQ2In0=', 'eyJpdiI6IlhCajRCem01dFJVRkxqalJlSWtId3c9PSIsInZhbHVlIjoieFZlOW9rbWwzWGRBSkxoYVlhNkYzZz09IiwibWFjIjoiNjVkMGJmZjYyYzQyNWI0ZDkwOGYxMWFjNWJmMThkMmRhYmM0NDc3ZDQwNDUyOWMzZGUwZWIwZGI2YTNlYjU3MyJ9', 'eyJpdiI6IkZSYWIwR0szNFpOZWtWK0xackgzamc9PSIsInZhbHVlIjoic2VVVXdBTVdTT3NZZTlKM3krVElMQT09IiwibWFjIjoiNDc0MzFjY2ZhODM0NmNiZmNlYmNiOWZkMTdhM2Y5YTUyZDc0YTJhOTM5MTdjM2IwYzI0NDkxMDFlN2M1YzNiYSJ9', NULL, 'eyJpdiI6InI2UUJNM2xISGhLMlpUeFhyUFBSdUE9PSIsInZhbHVlIjoiRUJ6UDRQQkUxdWFrXC9JWFdaYjNiMnMyM1JMbG14UGpNVUVER2lwNTlmdkRRelpMaDk0WTU5Z09oM2FcLzJFd0ZEIiwibWFjIjoiMzkwZjlkMGZlNjc1ZjBkNGQxMjNmODMxMTRlMTE1ZGZlNTQ3MzM2ODM0Mjc4ZmUyODI0OGNjZTQ0OTBjY2M1NiJ9', NULL, '2017-06-29 09:42:57', '2017-06-29 09:42:57'),
(36, '2017-06-29', 'eyJpdiI6InJLYzROMWh1WnpjYW9cL095QVRxWEF3PT0iLCJ2YWx1ZSI6InJBMitVbFp5UDNkVWJhWkNYVlR1b0xzOEE0U05uSmRjUmxEUkREVnhZbU09IiwibWFjIjoiYWU1NDE3OGJiNWU1YzRjMTFkZjRlNWM2NTdiNWRmYzRjYjhiYWFiZjQ0ZDZhMzFmZWM1MzM5YTNiZThhZTlkMCJ9', 'eyJpdiI6IjJXeGhwbkJMV1hBYXo5N2NKTHFTSXc9PSIsInZhbHVlIjoiTnA4OTlTem5mSlFcL0VFb3ZGQXJJMHc9PSIsIm1hYyI6ImVlYWQ3NmViYTQzMzA3Y2E4NjI5MGJiZGM2MDM5MzkyMWUzNjU1NzgzNGMzYTAyYjk1MmMxYjJjNzAzOTFiOTMifQ==', 'eyJpdiI6IitIM0lTR1RwQ0FxZmUrM1Nzc3ltMGc9PSIsInZhbHVlIjoidzYyaG1TbXZcL0gxUWZSUzhReUlCRmc9PSIsIm1hYyI6IjE5NzBkZDgwMjI3ZGRjNmUwOWE3MzEzY2NiZjY0NGQ4ZWMwYWNhMmNiYWFmZGI0ODE2NDk2MmJmOTU2N2MzZTEifQ==', NULL, 'eyJpdiI6IjhTRUJLTHhmeFpzcjFaTWJqZUE2MUE9PSIsInZhbHVlIjoiSWlqNkpmcGN4SnlBMFBsOXMwT0x2aitkbnBBZSttUnN0eFkrUHFMZTFacz0iLCJtYWMiOiIxY2Y3YTY5ZTllZGVmMWIyMTY4OTgzZDZjOWQ3ZDI1ZjRhZTZmZDkzYTA4YmMyMDAyOWRjN2YzOTZjYzA0ZGQ0In0=', NULL, '2017-06-29 09:42:58', '2017-06-29 09:42:58'),
(37, '2017-06-29', 'eyJpdiI6IldBMU5lUWR3amVsMU5KcEVOamx4T3c9PSIsInZhbHVlIjoiUmdWVWNaNzFqSnh5NVR5aWNORUFxY2puRzVsXC9nMWl5Y2xzdDdIMkNQVDg9IiwibWFjIjoiY2M1OWRjZmY5NGYyYmZmYTNjMmExOWMzNjEwNmEzOWY4N2U2MDViZGNhNmEzYmY3N2UyNjY1NTk4YjQyNzYwYSJ9', 'eyJpdiI6InZOWW9majJIZUFKRk1YQ043a0ZPV1E9PSIsInZhbHVlIjoiVVcwY1VZWDBCTTJuTGRYUWtXM0RxQT09IiwibWFjIjoiYWI0N2NjZmY4OTNhYjlkZTA5OWQ3NmQ2MjBmMTFiZDAwYjczYWQxZGYwOWVlOGZhNWRlNmNjZDIxMzE4Mzc4NCJ9', 'eyJpdiI6IjY1UElSMFwveHVoSjJNODFUcGl0K2ZnPT0iLCJ2YWx1ZSI6ImpnZzlncDFBUk0wQXlXK0U5dUF2amc9PSIsIm1hYyI6ImM0NmM5ODhhMDU0OTE5YjA1MjUwNzFiMzEwZDRlYzk5ZTFjZTAzZGM0YTg0MjJlNjc0MzNjMjA2ZjhkNzQwMmMifQ==', NULL, 'eyJpdiI6IlN0V2Q1OHNySU90XC9LaGkwQkcyVE9nPT0iLCJ2YWx1ZSI6IjgxZExIR0NSaFpaZjh3QzQ0MFEzelpWdHQ3cTVVbW5wYXYzczNFOTlnOE5ZSmx2Y2tzd1wvNHF0clVmK0VZVm45IiwibWFjIjoiOGU4NWMxODFiNWJkN2E4MzMwNTg4MmFiYWEzZjlhYzMxNjVmM2NlZGI0MTdkMTlhZDUyZTZhODExOGQzZDc4MiJ9', NULL, '2017-06-29 09:43:26', '2017-06-29 09:43:26'),
(38, '2017-06-29', 'eyJpdiI6IjJRajhRb0xieTlLT29OMnZhYkN1ZEE9PSIsInZhbHVlIjoiUzFGc0VZTWhDeFFqdkZYN2R0ek5wOHVPMEdwd2NvUVNNWm4rY0ZScnJKST0iLCJtYWMiOiJjNjliZDYyOTc4ZDNlNjVmOGFkNWY5NmE4NDY2NWIzM2FkNjZiZTkwYzczMGZjY2VjZDc1ZmE2MjJkMTMzZDE4In0=', 'eyJpdiI6IlRuWnJ4bkRKa1FPRlhscXFcL2ZDVURBPT0iLCJ2YWx1ZSI6Iks3c0dEQTV6T3RITVJuYU1BWXB6akE9PSIsIm1hYyI6IjVjYWEwZGIyNzNhMmFmOTJhNWQxM2I2YWMzNjUzYjI0MTljNDQ4Y2M5ZDc4MWQxYmY3NWU0ZDVjZmNkNzkxOWIifQ==', 'eyJpdiI6IkVGS1JtRDhOTVhTbGx6bVp5WWR4Unc9PSIsInZhbHVlIjoiSWV0VDJcL3FJblR6Z2ZTVURQNEFnWWc9PSIsIm1hYyI6IjY4MzBhNTg4MTc5MGYxZmYzMzBiOWQ0OTVmNWNkNzBhNDQ4ZjhmYTIwMDI1MDcyMDA3Zjg1MTcwYWEzYjBmYTEifQ==', NULL, 'eyJpdiI6IjgwK1p1WU5cL3JZTFRVR0NtTWNXdWNnPT0iLCJ2YWx1ZSI6IjBTYitNa0ZuUTFKNnBlWk1zVFlvY3RiRVwvcUw5eHoyekRaaGc0c2xvckVRPSIsIm1hYyI6ImI4OTg1ZjcwM2MxMjc1OTJjNTIxYmYwNTJmMWVjNmYzYzYwZmJiNTVhMGRmZGU1YzYxYzNjMDU5ODAxMjIwMDcifQ==', NULL, '2017-06-29 09:43:28', '2017-06-29 09:43:28'),
(39, '2017-06-29', 'eyJpdiI6IjhuZVc4aXFxbHlEK2taVDE0QW04YXc9PSIsInZhbHVlIjoidExvbEF1M3NEMGxsUG1MVTdhM3ZzeXJtUlhXdDdEYnp1YWt6cytjN2M4dz0iLCJtYWMiOiI3ZjgxZTY5ZDQ2ZjYyZDg0NzkwMWJmNzM5NTc4NGNhMjFlOGFlYTUwMTVmMTkyNGUwZmY3MjU2NjY1YjQ1MGM5In0=', 'eyJpdiI6IlpFaW4zUEhJQ0p0dDVFdUU3MW56Vnc9PSIsInZhbHVlIjoieTIybzlvRHRVcjlSYWxQQzNENnJMZz09IiwibWFjIjoiMjc5MGViM2ZkZWI4MmM3NDg5ZGRlYWQ4ZjRjZDM1NTM2YzNkNTgwMzI1YTdhZjRlMmViODYwZGM2YTIwYjc1MiJ9', 'eyJpdiI6IjhSSmxVTzIrVmFNTysxRGRBSGliTHc9PSIsInZhbHVlIjoiK1NuKzRoXC9NS0hKYUg1a1V3amhDa2JpRWRnd1h2V2pFTVBkelVBaG9SMEU9IiwibWFjIjoiOTc2YWNlZDJkNzMwYWQ1MzMyMjY4MGRiNmNiMTY1MzQ2YzQ3NmQ3MWZlZWM2NGY1YThmYTQ1NzYzMTU1ZmE4OSJ9', NULL, 'eyJpdiI6ImhiK0txNnlLNU1OQ0hHV2JtN2xpZUE9PSIsInZhbHVlIjoiNTNOK2JVWDJyWTBNZmUxUVZNbmRmMlJsT0NYeHRzUFM2MzdzTE56d3I4VUIyZEhEZnorWThIbGhGOVFoNHliTSIsIm1hYyI6ImZjODE0YjlkNmNiODY3OTE4OWVjYTAyMTgwZTQyNTUyMjEyMDkwNmQxYzVkODgzZWZlMTRkZmRkNTk0NmFjOWQifQ==', NULL, '2017-06-29 09:43:32', '2017-06-29 09:43:32'),
(40, '2017-06-29', 'eyJpdiI6InZHSWZDb0Rocjd5MjdiaW14amFBV0E9PSIsInZhbHVlIjoiWHdCd2xlNVJmSmZsS0RjRm1sb1RSb1Bxb1JSeUpwcU5XeDl3aU0rbGNoVT0iLCJtYWMiOiI0MTAwYjc4M2UwNzU3N2E2NTNmZDM3NzhiMWZmYTIzNzVjNTNjYTAxODIyOGY4MTAzZGY4Y2E3YjNkMTRhNDYzIn0=', 'eyJpdiI6IkwwdHdCdWtjQWpTb0JpOW43YUNOeXc9PSIsInZhbHVlIjoiRjlpa2F4eTRrbERva2MyemNPMXJ0Zz09IiwibWFjIjoiMjIyZjlkYjE3NWM1YTgyZTZhYmQ5NzEyOWNkZGVlYmJiZDRmYTcwYTFhYzRhZDIxZWJlZDMzYmIzYTIyMTQ3MiJ9', 'eyJpdiI6ImtlSE51SGJ0U0QyMnlLUGxhS3Zsenc9PSIsInZhbHVlIjoiN3RYcm1CNGdqS0ZaRk02RVQxaTdNeVVFbmJTQVVLUlZjZEZuelZqNTF0ND0iLCJtYWMiOiI4YzA1NmY0MDU0YTVlZjU4ODU1MjE4NDFiMjViMzE0Yzg3MTJjY2FlOWIyZTA0MmNjZDIwMjdlYmZiYWExY2M5In0=', NULL, 'eyJpdiI6InpZK1F4clRNa1dpZ2dMZUFlc1FzT1E9PSIsInZhbHVlIjoiQThHak9yMExyYzlqOHVDU3VYQjE2ZHdQbHhjNlhzZWl3SXpYc0pQcVV5VmlXbGlSRU9hUVJaRUh0cVJKN3RkbSIsIm1hYyI6IjkxYjY4NTExNjQ3MWJiYzBmNzkzNWU5YTA2YjhjNjQ5ODk4NGRkYmU1MmFiMWI2ZjM2YmQ5MTA2ZjlhNWE5NDEifQ==', NULL, '2017-06-29 09:43:47', '2017-06-29 09:43:47'),
(41, '2017-06-29', 'eyJpdiI6IlpDMHRwWFc1Tk5JTWtkRjJNcmJpUmc9PSIsInZhbHVlIjoiNnk4VURoNXZLM3ZkMlp6WnhjYmUxZHFuRVwvMW4xQkNmQlVXaGUwS3JlYzA9IiwibWFjIjoiNDc3OGY0Y2U2ZTExNGM3ZGI3MDI0Mjk1MDA0NTYxZjQzZmM5ZjM2ZDQ2Yzk4MmY0ZjVmNjhlMThlNWM0Nzk4ZiJ9', 'eyJpdiI6IlV2ekY5TDFlcEUwbTh4Z09xekpjeWc9PSIsInZhbHVlIjoidFUwSkg1Tk9xOHBsRCs0MFhnMThLdz09IiwibWFjIjoiZTVmZWQxMThlZDU3OGQxMjBiZDFiNzc0ZWIxNTNlNGEyMzMyN2I3MDliMzM5NjYxMTA5OTBmNWEwMzA1YTczYiJ9', 'eyJpdiI6ImJLbFFMeHhwY1RJTUd4N2ZFYjN5cnc9PSIsInZhbHVlIjoiS25MOVVWOFwvek5nbUZNczdhb3hnc1wvWUl2TlQrMnJWWEhxUjJVeGFaY09BPSIsIm1hYyI6IjA5NDFhYTIwZDQ4ZGQ4ZWY0NDY2Zjc4OWUxYTQ1OWM3NGQxMjk1ZDJhMTcyNWU0ZWRkMmJjN2M3NGRmNTllYWEifQ==', NULL, 'eyJpdiI6IjV4bk1Rb0dxcTU4bnI3SzNUa0lQWFE9PSIsInZhbHVlIjoiNmtjQ0ZHRFRYcnJoVlNmaXkwTWZsaTBuQUV5XC9CS2RzVVhiRjNONzNFU0xMdDJGeEJRYmRUWUloMFFXbUJcL0xEIiwibWFjIjoiYmJmYTgwMDFlN2E2YWJlOTkxM2U4ODg1Yjk0ZGEwNDBkY2VjYjM1YTQwYWYwODE5OGVmMjkzMTYxZjRkN2JiMiJ9', NULL, '2017-06-29 09:44:01', '2017-06-29 09:44:01'),
(42, '2017-06-29', 'eyJpdiI6IkJGMVMzZXRaaUp0SFBCT3I2QXdoZ0E9PSIsInZhbHVlIjoiRFwvdGt4MjFOTDZqWm5lQ2RWXC9IVm92amhudDhWd05vODZJWnhUSWFjZGxjPSIsIm1hYyI6IjA3NTdhOTFlNjdhZWEyMzQzNmFiOGI3YzllMDA3ZjNjMThkYjNmODg0NDVjN2M4MzYzZGQyMGFmMDQ3ZDI5NGYifQ==', 'eyJpdiI6IkR4VE5PZmZqSlhcL3k4MmZHQkhmdGpBPT0iLCJ2YWx1ZSI6ImdETHZ1NE9mV1ljekwrQUg2RkZTbHc9PSIsIm1hYyI6Ijg4MWEwNWQ1YzE5ZjU1YTZkY2M1OGU0YTI5ZjIzMjI1NzU0MGI5YmE4YWY4YTU5NzNkYTk2MWFhOTdkZmRmN2EifQ==', 'eyJpdiI6ImxZRkN2eDBQR1RWUGJZZjVMemZlUWc9PSIsInZhbHVlIjoicmFyYlY4em1qb0l3WTRINGFtdjNhaVQ3cWVVanhnckU4eU8zdkI4bjlFRT0iLCJtYWMiOiIxMjExMjlkMTA4N2Q5ZTgyOWE3NTE0NDY5YzM4YTIxODQyNjNmZjBhYmMxMzgxMGY3NzAxZGZiODZhZjliMDVjIn0=', NULL, 'eyJpdiI6IjVBTndVdlwvMFFVQnJkTlRRUzA4YndnPT0iLCJ2YWx1ZSI6IjhvUjlJV3dnTzRRVWZcL09IYUFnS1JtMGhwRE1NbGhqRXBNY3hZVXRacFwveWJwejdzMzhMV2VLdGo3RG1DN09JTiIsIm1hYyI6ImNiMjQwNmEyYTA2YTJmMGM0NmFjY2FiZWM1ZTdhY2JjNmI4NDRlZjBjMWJjOWViMDY1MDQwZmFlMTQ1ZGM5NWUifQ==', NULL, '2017-06-29 09:44:02', '2017-06-29 09:44:02'),
(43, '2017-06-29', 'eyJpdiI6IlVYa0hTWmI4cEljSWlsY1JIYU5sM1E9PSIsInZhbHVlIjoiVVNGa1lyd0ZhUWJCMzdQdUROSTlKNGhMS1wvUVBLOXBoY1FIWVRcL3pnaVdzPSIsIm1hYyI6ImQyMmM5NjMxMTE5MTVhMjVjMmU3NjI3NWQ3NzIyZjljYWNkZTkxMzBmMGVmOGYyMzQ1YjE0OWM5MjUyZDEzMDkifQ==', 'eyJpdiI6ImQ1RTNcL3ZiWWdwNVBcLzBRWDNUZGpHQT09IiwidmFsdWUiOiIySElJQ1RaSXdRVktmNkJQR0VJbnZ3PT0iLCJtYWMiOiIzZjJiYjExZDg0Y2JhZGE3NjhhYWIwNjA4N2U3ZTNlNTVjNDRkZWI5NjliZjI0NmY2ZGM3NzBlNGU4Y2Y3YjQ3In0=', 'eyJpdiI6InNEWG5pd1RNOTM5a3FwMnpqSlwvdXhnPT0iLCJ2YWx1ZSI6IlNFRStTUVJXelZjNnhXa211N0VHTFwvUStHaVEwUDJDQXNsakxPUVE2SlM4PSIsIm1hYyI6IjQ4MmQyYWNhZmEyZjFlYmIyNGNmZDI5MjJjMmE5MDMwZjQzYmQ0YWI2YTk0ZTEzMGEzMGE3MDgxMWEyODVhMzAifQ==', NULL, 'eyJpdiI6IlljVmM4dHlNMmFWRHdJME4xZEpLZ3c9PSIsInZhbHVlIjoiV3Y0ZkRwcndPMDdnQ0lSK090eUp5aW9qZUlMcmpIMzcxMjlcL3JpSnN4a3I1Szk0dE5LMEVDTFdWQ0F2TkRoc1kiLCJtYWMiOiJiNTczOTliM2YwM2VjY2JhYjZkZWRkZmM1MmQyNmE0ZjhkZDkxNzUxOGY1NTk5ZDE3MjkxYjJkMmE1ZjkyM2JmIn0=', NULL, '2017-06-29 09:44:06', '2017-06-29 09:44:06'),
(44, '2017-06-29', 'eyJpdiI6IkZqVVwvQUZPOW9EeWFoNVlZTnF3clZnPT0iLCJ2YWx1ZSI6ImVFdys1eERacExWNjYxT3h4dEoySW5SQytFbGs5dVZEa083aW9yKzdYa1U9IiwibWFjIjoiODA1Y2I5NDcxMDIyZThmY2Q2ZDI1ZDgzODIzMDE2NWMzMDUxYTg4OWM3ZTk5NmFkZGRiOTYwYmNmY2Q2MWExNSJ9', 'eyJpdiI6ImlhRUFYVjFDemNLS0ZzZ1ExMUduZlE9PSIsInZhbHVlIjoib2NOc0pGWkVEMFVRSG1zUmgySEt6Zz09IiwibWFjIjoiMzJhYjVkOWVjN2E5ZTMxYzA2MjYzNTk5YzY5NGVmNzk1YWY2NjIzNTY1MjA5ZDRkM2Y4MmViMjdiN2RjYzQ2NiJ9', 'eyJpdiI6Imo0RURXaHdJMDJ2REgrZ05oTHphdmc9PSIsInZhbHVlIjoiY0NObUtJOExHbThiOHlIWmk1ekVQQ2dFTnFiRDNONVRRYVwvbzhIUHVNMlU9IiwibWFjIjoiYmNlYzBkYWU5ZmE1MDYwZmY4ZDg1MmNiZTI0ZDk2YmIyMGM1ZmE4NDY5MTg2NDYzMTA2MWI0M2FmMzBmYmE4OSJ9', NULL, 'eyJpdiI6IlFkMThxbWRRZUhcLzArWDVyT2pvZ2FBPT0iLCJ2YWx1ZSI6InRPY2k1cGp2RWVhR1V2YW0yVVwveUMrTDJvcGF2N2x5VzdMcjZuWDUyZ21cL1R6XC9BcmNsQ0hJUGZPYjdkc3ZmK0MiLCJtYWMiOiI0NjM1NjZkZGJlYTUxM2YyODk0Yjg3MDNmN2RmNWI4YzBkM2UzNmM2YmRlYjkyMzQwMWRiODBlZDQ0ZDQzYTBkIn0=', NULL, '2017-06-29 09:44:20', '2017-06-29 09:44:20'),
(45, '2017-06-29', 'eyJpdiI6IkJWNlNadEtvbDZRYncyazNwVXAzZlE9PSIsInZhbHVlIjoiRWM5MjBnaXFPZXBGcjNcL1p1K0w5Ynp0R2pyT21CT1pCZU1ralhtb0x6Rjg9IiwibWFjIjoiYzBiZGJiZDZjZGM3YTcxNmQ0YzlhMDQyN2NmMmMyNWZmYzM5MjcwOWNiYjYwMjljNTY2ODVlNjM4MGFkZTQyNSJ9', 'eyJpdiI6IjdPUWZHejNOZTlWdDRGRVQrTWh3b1E9PSIsInZhbHVlIjoiaFlRS2k2WXV3c0NsNlMrRk00N2srZz09IiwibWFjIjoiZDUxNTBmZTZmNTlmNjg0ZjlkYjg4MDc0MjRhZjFhZjdlOGQ1NDlhNDExM2Q4OTAwZDQ0YTIwODdiNzdhMzA0NiJ9', 'eyJpdiI6ImFZcndYOGlZSlVIVWxRNnc0YmJKeGc9PSIsInZhbHVlIjoiVGtwRDJORFNtdno3R2N3UnpvREF6SUI5cVZZWnpyazByMkxySnY4V1lTMD0iLCJtYWMiOiIyYzk0YTdjY2YzMGJhYjk4ZTVlMWVjNGRhMzMyZTM2MGZkZTY4MzljNjI5NmNmMTc5OGVmNTMyZmZkMzZmY2NhIn0=', NULL, 'eyJpdiI6IjJqZTJOZUc0ak5ROE94Zllxb3QyZGc9PSIsInZhbHVlIjoiUFkxV21wdzdEMUNxSzZRQTZEdURMUmRZRXBESmZPMTN5N2s1SmpodUZQTStCbjhwc1BlVXBBMzM1SDQ3YWpqc25wR3FMKytrK3FKcEFkaWxRY2tnMWc9PSIsIm1hYyI6IjZkMzJhYzdhN2I2ZDYzNjBlMDIxNDgzYWNiNjU4MDZmYTU1YTM1OTJhYWQyMDg2NTYzZGJ', NULL, '2017-06-29 09:44:31', '2017-06-29 09:44:31'),
(46, '2017-06-29', 'eyJpdiI6Ikk5SnZtanZIXC9PY21RMlN5SFlqZVpRPT0iLCJ2YWx1ZSI6IkZTM1JwVkJQZ2tzWXkwZTBTSFAwSDNkY1hNUnNOMkZqZGxqSWpyRHVZZnM9IiwibWFjIjoiMGNmOWFlNmViODQ2MzZiZWFiODg3ZWM3MTZjNmU3ZGVlOTc3MGNmZDBhZDM5OTlkZDAzOTdiZjNmZDE5MTE0NiJ9', 'eyJpdiI6ImxpdTZEcVdVdzNRTDU4RitkOFM5SGc9PSIsInZhbHVlIjoiNFFTeExVdjhjQ05sVG1uMGNTaDlwQT09IiwibWFjIjoiMDQ5ODdhMWM0MmFjOWVkNDAzZmJjMzNiODczZmU3YmExNGVhNDY2Mzc4ZTI2MTE1ZTgxYTFiMmYwM2I1NDUzMSJ9', 'eyJpdiI6IlhuaTR5dFwvSWhmdlVEUWVUTHBOaUlBPT0iLCJ2YWx1ZSI6IkhWOXZnMUxnM3NpajEwR202WkpyTzRZWXNjZUl5TDB4SFwvXC93THRhTmUrZz0iLCJtYWMiOiIyYTg3YTE3Yjg5NDJlYWY5YWRhZjkxMDU4ZmQxNGJmNDZhNmE4Y2Q0ZjllNmNiYjNhZDY3NDk0Mzk0YzkyYWJiIn0=', NULL, 'eyJpdiI6ImR2ejIzMVwvVHNUYVNlQnZkcEhPN1R3PT0iLCJ2YWx1ZSI6IklWbnI1cENsSENUY2g1KzB6TkV0cUZDNGlIY3NmcU90ZzU0K2Y1eVBkQUJHVWZ6V0N6cHFuYVNwVDRXTUJaVGMiLCJtYWMiOiIzYTkyYTgxMmQwZTAwOWIxMGEyMDM3MzVlNWZjODZhOWM3NjAxOWE2ZjU4Mjc2OWQ5NjZjOTZiZDdiNzBjMjZmIn0=', NULL, '2017-06-29 09:44:33', '2017-06-29 09:44:33'),
(47, '2017-06-29', 'eyJpdiI6InF2WkFMVzZDRmQ5WkFOXC92eWtHbmlBPT0iLCJ2YWx1ZSI6IlQyUGlPMjBKQ2tQN2NBXC9malJsbjd2MVIySVZ5SEVZTStITWdlbkQySTJBPSIsIm1hYyI6Ijc1OGIzZjMzNWNiOTZlMzhmNzZhMGQ5YTEzZThjMmI3MTYyMDc4NTIyOGI5MjAzODhjNWIzOGZiNjI2ZjRlNTkifQ==', 'eyJpdiI6Ik1wMHFmZXFRVld5b1ZcL1hkbjlYOHB3PT0iLCJ2YWx1ZSI6IkRtS01uYlphcUVlYW5GYzFxdjZKUUE9PSIsIm1hYyI6IjQxYWM2NWU1ZDFkZDdjNjNhZDEzMTQ0YWZmZTE4ZWYyODJlNTY2MzNmODY4ZWE0ZDBhNGQ3ZTczM2ZjZjA0NjAifQ==', 'eyJpdiI6Ik9DUmRZVDI4bUpHdVlGOGVEZ2xIMUE9PSIsInZhbHVlIjoib1FQYWVndDc2UXFxcWQzak9cL2UxOENib3QxT3RhS3Zqb0s5K3J4WWRWSUk9IiwibWFjIjoiMDJhZDM3MjQ5YTZmZjRmNmVmZjJlYjA1ZDA3NTU2MDFlNWRiZmZhYTQ1ZWM1NjM2MTEwZjk5MzgwZDI5ZmY1ZCJ9', NULL, 'eyJpdiI6IlY0Zm51d2xBcnQzbzExQ1pHWXk3aXc9PSIsInZhbHVlIjoiUVpJaWowVjNZWFhYako1SFNkUDA0UWxxRlNUeUdpNXF0WXlcL0xSM2ladlhxR1VcL3lXUWpucXg4cUpFTTQ0QmJ2IiwibWFjIjoiYjQzYmMyM2I5OGRkMmY2ZTVlZTRhYmRhNjIwMzEzYjhmYzAyZDAzNzMyN2ZiMGQ3NDA0NTJkM2EwZGQwNjc4YiJ9', NULL, '2017-06-29 09:44:57', '2017-06-29 09:44:57'),
(48, '2017-06-29', 'eyJpdiI6IlpVXC9zWGNzTzB4SVpOaXIwcEtlOGl3PT0iLCJ2YWx1ZSI6IjJab2tzaHFUamVPR09GenZ4Z2VqbG00WWNhWjFEamxlQyt2Y09rZEllWkU9IiwibWFjIjoiMjA0Y2Y2ZTE0NDMzY2M3Mzk5NGU4NGVmNWFiNGRkNjUxNTBiYmVkNzMyNGI0Mjc3NWIyNDI3MjYwZWEwYmQ2MSJ9', 'eyJpdiI6Ik8rSHV0QkI4QlwvaVNRV2ljS09uWmtnPT0iLCJ2YWx1ZSI6IjFjU0xZRmp0aXJTNmxLNjRhSjRoOHc9PSIsIm1hYyI6ImJlZGUzZjIxMjYxYjNiMzUwYWVlYzY2ZjliOTczNTAzMTkxZTEyZTFlZWQzNmIxZWJkYTA2MWU2ZjgxZWEzOTQifQ==', 'eyJpdiI6Inlsa1B1QXRZZ0ZWZFFDMTYzUWQ5N3c9PSIsInZhbHVlIjoickdSODM1ZGUzWU5iZU9rU29UNm1KZz09IiwibWFjIjoiM2FlNTk4NDVkN2VkNDdmYWI3MWI1Yjc4NzQ1MzY1Mjc0MzY3Y2VmMDE4OGVmMTlhYTE3NWQyNThlMjZiODIzNSJ9', NULL, 'eyJpdiI6Ikc4RlhhXC9ZSDc4NHlobUVXamQ4Yk9BPT0iLCJ2YWx1ZSI6IjZmd1I0T3VCcDhSTjU4c0dGcEkyUVpWemtwU08wTlVGZzRkVXVJZW1yb009IiwibWFjIjoiNWNjZDFlMjk3ODQ5YTlkODljZGE0OTY2ZjRlYTcwMzI2YmVmZTI0NGE0MzhmMTBjNjJkOWQ1MDkzOGEwNzE0YSJ9', NULL, '2017-06-29 09:45:38', '2017-06-29 09:45:38'),
(49, '2017-06-29', 'eyJpdiI6IjQ2WEMwSXBtbjRiZ0pTRWkyRGdQeVE9PSIsInZhbHVlIjoiNUsrYkFjekxZTkJweFloeEg1Z1BMMWJYM1lITVwvRVlaRk5Wb1V6VFN0Z2M9IiwibWFjIjoiYTk5ZWFlZDIyYzUxMzQ5YmM0MjlkMGE2YThkMzMxZjY4NTJlODM4MzNkZjg0NjZiMTdmZDBjMjc5YmI4YjljOSJ9', 'eyJpdiI6ImpHWERtYkJlWTdxb0R4MmMxMHRDMWc9PSIsInZhbHVlIjoiNmpxbkJmalJjTmRIVFVBa3ZQcFwvOVE9PSIsIm1hYyI6IjRmZWUxNGI4NTU0NzJlNGYwODYxNDRlZDU3ZTdlOGIyZmQwYjcxMDU4ZDE3MWI0ZGUxZDg5NGEzMDYxNzgzZTEifQ==', 'eyJpdiI6ImFxN1BmU3VqUkYwMjhFZGUrSHpMWWc9PSIsInZhbHVlIjoiRXI4d3ZyU3Eyd2tzcmRMdU1sY1J5Nm1UNWtWcHdKeVR5MUN0SktzZzRxcz0iLCJtYWMiOiJlMjFmZGUyMTE1Y2UzMWQ5MDA5NmQ0MzRmOGY3ZDc0MmJjZjhlNjBiNzZiYjMzN2YzOTdmMTE3NWRkODBiNzYxIn0=', NULL, 'eyJpdiI6InVxRTVqTURpVjNjQXFCREJ0NUhmQkE9PSIsInZhbHVlIjoiaW1kR0dcL1p2MjJNWUFweVZ0Y0FLbHNcL3dBMXYwdlwvQm9HbVdqMTloSmk1OD0iLCJtYWMiOiI5OGMyMjFhYmRjMTQ2MGI0ZmNkNjQ5ZDMyOGNiNzgzYWM5N2Q0YjRjNTE0ZmFhMTI0ODBjYWM1MDBjYTU1Njk5In0=', NULL, '2017-06-29 09:52:55', '2017-06-29 09:52:55'),
(50, '2017-06-29', 'eyJpdiI6IjQ2cFwvSWs3amZybVR2WW9EdTlqWU1nPT0iLCJ2YWx1ZSI6Im1LTVNva3JSVkxER2V0blhBcll4TTZlVkgyZzZCZkxDUkI3RzJyXC93NTNrPSIsIm1hYyI6IjkzNTM5Y2M3MjE5ZWJkOWZmZmI0MzhjNGJjYmJkMDlmN2E3ZWVjYjNlYmU2MWRiNzA1Y2E5ZTE3OGE4MGUyZWQifQ==', 'eyJpdiI6IjhVcmhkUldiekdYSnJ0ZnBXcjV5SkE9PSIsInZhbHVlIjoiVFQ2bWU5UzRvZGxmbDh1Z1wvbEp1bEE9PSIsIm1hYyI6ImYxOWQ1MDg4ZTQwYTk3MDE1NTAwNzIzMWY5ZjJiZTBiZjY3ZmE4ZmIyM2E1MDA4YWM4ODQ4NTJlYTBlYWZhNDIifQ==', 'eyJpdiI6InFzUXhZZDVBT3RvamhqNDl3VkRJR2c9PSIsInZhbHVlIjoibXpQM0ZyUjVqb3Vxc1RubENZY0YrZz09IiwibWFjIjoiN2Q3NjJmNjEzNjVlNjUwMjA3NjAzOTdhMDk0YzUzMGM1OGE3OWJlNmE5ZTNjNWRjNWMwZmJlMTc0NzA1ZDg1NCJ9', NULL, 'eyJpdiI6IjEyeGozY01zWnc4YUx6SGhVVk5HZ1E9PSIsInZhbHVlIjoiUjF4b1pEK0FtK0ZoOXRuMGZoNnRSZXlHZEswRkpsdFRVRVpwMU9CSkdPND0iLCJtYWMiOiJmMGI4ZmY2NzFiNjA5N2YwOWY0OWIwYWZhMzI5MzQyOTU2ODI1NjdkYjVhNGMyMWJiMGY0NTg2NzE4YmU1ODlkIn0=', NULL, '2017-06-29 09:54:04', '2017-06-29 09:54:04'),
(51, '2017-06-29', 'eyJpdiI6IlNGNzN6aXFqV1RVVzJqZk8zWGs1cHc9PSIsInZhbHVlIjoiUGVnc3NKNDBjbjJib25cL04xWVNYSjdvYkhcL3hyd1BNRUluOHBONUFad1ZJPSIsIm1hYyI6ImUyODI5Y2ZlZjg2MDE1NzNmODdkN2YzYjZiYjhiY2ZiNjBmZWE3Mjk4NDA0OTNjMDVmMzU0ZDRiNDExNDM5OTUifQ==', 'eyJpdiI6IjJRV1JcL0RwOVB1c3RLaERqRHpER2RRPT0iLCJ2YWx1ZSI6Inl3Vno5bk0xQ0k1SlwvRXE5S2swSEJ3PT0iLCJtYWMiOiIyYjhmMDA1NTVkM2MzMTcwODk0MGMxNTdhMjJjZTQ2YjkzODIyYTJlMWY0M2E3MjA1OTFmOWRkM2QzZDcxNjI1In0=', 'eyJpdiI6ImUzMzY3dHY4c290dWxwd05nTkRCNWc9PSIsInZhbHVlIjoidlNPN1NtMG5venZFc2JTK0hcL1JUMnc9PSIsIm1hYyI6ImVhMzkzYzg3MzQ2MzI3ZjJlOGNhOWMxMTY3ODAwODgwM2E0Y2E5Njg5MjE2OTA1OTFjZjMzMThjYzU1NDk1N2EifQ==', NULL, 'eyJpdiI6ImFndlVZZnUrV0E0c0hkUkYrRGRBOGc9PSIsInZhbHVlIjoid0luMzNZYk9VSm8rR3gxRkw1eXQxR1Jwd1B1N3FQTkxtcHk0VkE1WXBPUDBzT293cStRb2xBQUV2SHpjUGJoNiIsIm1hYyI6IjJjNjFiMzljYzRkZDBhOWQ5YzIyZmNlMjRjMjUyYzIyMGY0ZDYzYmJhY2FlMGQ4NTQ4ZGVjOGJkMGYwM2VhNzQifQ==', NULL, '2017-06-29 09:54:51', '2017-06-29 09:54:51'),
(52, '2017-06-29', 'eyJpdiI6IkVZYjNsbThXSFlKZjM1ZldiWG9cL3lBPT0iLCJ2YWx1ZSI6Ikl2cVp2ZVFSN0V6SENxTFNMMG8xZ2pPc0FYV0dNM1lvRzZHS29JR0hlNm89IiwibWFjIjoiODNkMzA5OTk1ZTFmY2Y0MzQxNDcyMzlhZThlMGYwZTQ1OGFjNWUwYWIyZWI1Mzg1OGMyNzAzYzQwYjUwZTQ0MSJ9', 'eyJpdiI6IlFiSmFodHFqY0E3d2VGMXBiWjU5YXc9PSIsInZhbHVlIjoicUVMQWhsa2htb0lhUEJrejZrZGJzUT09IiwibWFjIjoiZWNlNzU3MDhjY2Y5ODM4YWFiY2ZmZTZmYzY2NjZjNGI0YzUzMjljNmVlMmI3NGM4YzYwODkxODA5NGFhYTViOSJ9', 'eyJpdiI6Ild5MVVubUR2RlZYQUN5R1dtXC9xcEhnPT0iLCJ2YWx1ZSI6InNvTVl1NXQ4QkJRcTZFQ2Z4M2dqRjVvZzRrUDJPb3dwcitxanJGMlV0cWc9IiwibWFjIjoiNTBlYmNjMzM3NTY4YTk0ZTZjMDhmZmVlODJkN2UwMjUyZThkZGY1ODcxODk0MDM3YWM3ZjA4MjYxZTc0M2MyZiJ9', NULL, 'eyJpdiI6InJsbFNMZVZjUXFrSlpBanNWK2p1VkE9PSIsInZhbHVlIjoiNmhocWxzRWVzaHpyRnVcLzlORkZUUjU5cWhPN09YRnc4aFJzZDRDWjgwNUE9IiwibWFjIjoiZDA0MjViMzVhMmU3OGUxMWY5MzFiMmI5OWM1ZTIxOGViZjdkYjVlMjRiNmIwNzBkOWVlNGU2YmY4YTY0ZjcwMSJ9', NULL, '2017-06-29 09:54:52', '2017-06-29 09:54:52'),
(53, '2017-06-29', 'eyJpdiI6Ijh0WWNod2NDUWc3N25uanJPWm1lYlE9PSIsInZhbHVlIjoiR05hSjN5blwvSVwvRGJ3c09IcFpWVzArOWZkRWhXVGhRTFROSG1qdG4rZlRzPSIsIm1hYyI6IjE0OWZjYmI1Njc4NWFkNTdjNDRhZDFkYTNiYWUyYzZkNTE0ZWRlZDMxMjJhNGUyYmI1YjA5Y2E0NmZjMTY0ZDAifQ==', 'eyJpdiI6IklUQ2l5N1BqWEdWcUR4RFVhYXNoRWc9PSIsInZhbHVlIjoiaHJjYUJzSHQ4dUFZNUtXNmFqUVlJZz09IiwibWFjIjoiMjY0MjFkMGExYTQzNjgwZjMwZjY0NGM0NWMzMTNmZjQxZmMwOWJhMTZhMTk5NmQ2ZDY3NDQyNDVhODdiOGI1MiJ9', 'eyJpdiI6InRkVTlFQ3F0dFwvQkJUd2U1UlN0V2NBPT0iLCJ2YWx1ZSI6InM1dHExWlAxNklPMGx0VXZUVFBwSHc9PSIsIm1hYyI6IjAwMGFlYTc1MzZlZTQwZjI5NjQ4ZDJmNjk5OGI2ZjI2ZGM5NTRhYWM2YTQ5YTVlZjY4Yzk4NTc1YWNjZjNiY2QifQ==', NULL, 'eyJpdiI6ImgwXC9uYnhUNXBWWUgzTFNuK1hiXC9RZz09IiwidmFsdWUiOiJ2SUZSZWNaRXpcL3ByY2lmXC9pQ1F6Wm00Vmg2WHBIU0xQVzdhc0JsMDRQMG89IiwibWFjIjoiNjEwNjllN2I2ZTc2YmEwOTRhMDJmMDZiMzE5MWFlZGQ0ZDRmOGIzOWZkNGI3MmQ0MTc4MWEzNGE5MWU4ZDU3NiJ9', NULL, '2017-06-29 09:54:58', '2017-06-29 09:54:58');
INSERT INTO `audits` (`id`, `date`, `user`, `action`, `entity`, `amount`, `description`, `organization_id`, `created_at`, `updated_at`) VALUES
(54, '2017-06-29', 'eyJpdiI6ImFCQzNlMStwVG9kSDY3eGxnRnhqeUE9PSIsInZhbHVlIjoiTU1uR3JGSHVIM21HVWZjTzViNXZJM3JSN0l2c2lcL09qNFVnT0dHWGY2aWc9IiwibWFjIjoiMGY2ZmUzZmJhZjI0ZTQ4Zjk2YTAyMmExYmI3MzA5YmJmZmQxZDE2M2Y4MGU3OTUzNWI2ZjRkZDQ3YjQzZmNjNiJ9', 'eyJpdiI6IlRvcTZ4TDhHSlloVTliRUJqVmFMM3c9PSIsInZhbHVlIjoid3l4V21HejFLQXJRc3RsYnhPbnRVZz09IiwibWFjIjoiYzYwZWY4MmM1OThjZWFmYTQxM2NmMGQ1YTllMmE4MDI2NjIzNDk0ODdmMGM4NWQ3MWJlODZmM2FhNDFkMGE1NyJ9', 'eyJpdiI6ImV1eWNVQ1FiS05SNkNcL2NhYjMzVDRBPT0iLCJ2YWx1ZSI6ImYzMnd3NkRvakZKdEwyaUVoYkpyU0E9PSIsIm1hYyI6ImY0NjFmYTA1OGQ4OTljZDlkODhjMjI2YzlmMmUxYmNmZDU4ZjI3YTc0ZGViNTZiM2ZkNWU2MzllMTQ1N2I1YmIifQ==', NULL, 'eyJpdiI6ImxJdGhDNzVXUXI0WUtSQzFSTkpEcHc9PSIsInZhbHVlIjoiZlJzcXdST3BTTHFwTkUreUZOQ2JvNlIxOHdHMnZ5TTBLU3AwazhycVc1ST0iLCJtYWMiOiIxNTFlYTVlZDlkYjZiZmIxZjEyMmYwYmEyNTYyOTBiODdlMzZhMWI5OGZiNmI4MjAwYmM2YjEyMGNlY2QyNDFiIn0=', NULL, '2017-06-29 09:55:51', '2017-06-29 09:55:51'),
(55, '2017-06-29', 'eyJpdiI6IjRoUmswb2xcL3NmQlFtME9raW9pZm1BPT0iLCJ2YWx1ZSI6IlwvQXVcL21KYnpJUUNQR1NBejBpMWVEYUU3bUVHUFk3bDhOOU9NUFFvNlVibz0iLCJtYWMiOiI2NTllYzdiOWQ2YzRlNTZlNTcwNzU4OWZmZGI3MDQ5N2FkYWQ5OGZhM2E2MzA0ZmE5YmI4YjNlZTU0NzVjMjRjIn0=', 'eyJpdiI6IlhcL3FUTDJpUGJjVFRmWDl1QTJxSkVRPT0iLCJ2YWx1ZSI6IkZQZ3VXTzVvVEgxYm9CK3dURUdTaGc9PSIsIm1hYyI6IjkzZTU3ODBmYTIwZWYyYmFlOTY4ZjBkNjZjODhlOTFlZjUwZWQ3NTNkNjgyZTUzNmQ0NmJkOGQ4NThmYmMxOWMifQ==', 'eyJpdiI6InI5bFJvRGtkTlVnaDMreHZLUHdrQnc9PSIsInZhbHVlIjoiSEh4SEprRjdLUGMrRlwvU3l2d2V0WkE9PSIsIm1hYyI6ImQ4YWMxNjljYjM3ZGVlZjZiZWY3MzlhMzIzZWIyMmM3MjE0OTUzYzM3NzA3Njk2ODRlMDU3NzU1YjBlY2U5YTYifQ==', NULL, 'eyJpdiI6Im11WVlxY3lrbm1PTXhxYmZQXC9OOEdnPT0iLCJ2YWx1ZSI6IkNPcVB6M3dBczMrOXkyWXdjUkhxQzRuekNWSWVuTGhRQUNKZEFXa1k1OUk9IiwibWFjIjoiOGMyOTgwOTg5ODRhNzZkMDJjMWQ4YjMyYTdkYmU4OTRkZDlmZDJiZTM0OTAwMWViZWY1Y2QwMmMxNWI4MTAxMSJ9', NULL, '2017-06-29 09:59:56', '2017-06-29 09:59:56'),
(56, '2017-06-29', 'eyJpdiI6IjhXXC9BcUJNd2NjWHJ5SDQ5RzU5MnB3PT0iLCJ2YWx1ZSI6Imh6dGxtQW1LcFlSMG5kU0I4SVE0aXZiamZXN0V0VEZpSGp0TXFHQ1ZncW89IiwibWFjIjoiNWJlYzA0ZjdkOTA1OTY5ZjliNDdhMzRhOWZkNzBhMzZiNmMzZWMyMDE3YmNmMGVkODQ3NDkyMTVhZjU4MjI4MCJ9', 'eyJpdiI6ImFrWjk5VWpSTmt4aE9Ja0N0U2RUblE9PSIsInZhbHVlIjoiXC94MXFSRWxqcGtKV1cwc1RyMmFyYmc9PSIsIm1hYyI6IjZhYjUxMjMyYmUxMDMwYzU1ZTdkODljZDgxM2NjMDJlZjljODdmMDJiNGVjOWMwNjE0ZWUzZTU1YmY1YzY1ZGIifQ==', 'eyJpdiI6ImFnNXh2dVwvKytsYVh6RzZLajg5MUpRPT0iLCJ2YWx1ZSI6InN1UkpEdTdQd3BIWVZWendlNUx1b2c9PSIsIm1hYyI6IjUzOTA1NGE5MDk3YWU3OTU0YmI2MGNkYzUwY2VmNjJhYjk2NmVhMjZjYjhjYTUyN2YwMWZiMTEyM2UxMmZlYWEifQ==', NULL, 'eyJpdiI6InBOMTdFdEgzZkpBWFQzeWQzNDdORFE9PSIsInZhbHVlIjoiV2IyM2pRVDU5VlVMODdzcDJPMG9XXC9uZmM3bTI5SHRDZnZZWkQ2YkNRakU9IiwibWFjIjoiNTlhZjM5ZTM4YTdkZDJkNTlhY2ZjYWI5OTQ2MWZkNjRjZWQxNWJjYTQ1ODkzMjhmM2NkMTZiMmQ3OWRjNGQzYyJ9', NULL, '2017-06-29 10:02:01', '2017-06-29 10:02:01'),
(57, '2017-06-29', 'eyJpdiI6IkQ3M2lSUjgrUk4xSFNuWmI1eUw2NGc9PSIsInZhbHVlIjoib0xXNGxTT2YxUTVidEFoSkZmNDlPazZHMUQ3clRETmd0Y05XZDIxM1pzQT0iLCJtYWMiOiIxYjRlNDM2ZjIzOWYzYzk0Mjk1YWFmMDQ1MWNkYzgyYmJhYjU5MDA0YjQ3ZGM1OWExYzIzMzM1Mjg3MDUyNTExIn0=', 'eyJpdiI6IkJ0QUFKeGxReDlrc001OFwvdEg4M2RBPT0iLCJ2YWx1ZSI6IlpuU2Z5clIxVWxSdjBiSHE3dzV0Qnc9PSIsIm1hYyI6ImNiZjNiOGE4NDZiMjY2ODI4NWI2YjE4Njg2ZTBkMmU2MDRmNmRhMjgwYzFkNjk3ODRiN2FhYTg2MzY0NjJlYjkifQ==', 'eyJpdiI6IlMrdzA4R2l3NnRoczllcFd1NHBQcFE9PSIsInZhbHVlIjoid2hFWkJZRFI3dWw1UVMzMjZxR1pLdz09IiwibWFjIjoiMDEwYTAyOGIzN2E1MjhmNmZlMzNjODQxMDk1M2M0YjE1NTM2ZGUxMjA5MzI3YTQxMzIwMjZlYmIyMmQ2MGM3MCJ9', NULL, 'eyJpdiI6Im5nZDNPcUc0bG5RUitNV1J0cmppQ1E9PSIsInZhbHVlIjoibml6UVBXejcyelhjN3p3XC9oZDZPSEdBR1wvMjZvWHVKRld2UVFaRWFkcU9vPSIsIm1hYyI6IjI1OGEwYWNmOTQ0MmE5ZjZiYjI1ZTkwZGE4M2ExMjRkMmVlODk5YmVhOWM4NGZhNjUxNTBmMWI1M2FiMmI1ODUifQ==', NULL, '2017-06-29 10:02:59', '2017-06-29 10:02:59'),
(58, '2017-06-29', 'eyJpdiI6InhkZGFYbGgwbzg2K0hLNEZPaEFMNEE9PSIsInZhbHVlIjoibzBEYlozK2tad2RIazdVQnlNU3RwelZ5UjJFRzNkQm9oUUVYaVJVVVRDdz0iLCJtYWMiOiI5YjBmODhmNWY1MTIzYWIxZGQ4NjUzNjIwNGZmMjhiNmIwYmQ3MzY1NGQzYWE2OTkwMDdkYjM0NmM5MjcwYjQwIn0=', 'eyJpdiI6IjNkOWJGVUZZMDdsN2VDeHg5TlRTdXc9PSIsInZhbHVlIjoiZHhJYk9yMms4U0I1T1I3QmlQbkZ3QT09IiwibWFjIjoiZWZjZDJhYTAyMzcxZWU5YmJlNjNmZWQ5Y2I5MjQyYjNmMmUzNDY4NzFmNDA3MGU5OTE5Y2FhOTFjMzNkMTZmNyJ9', 'eyJpdiI6IkR6Ym1hZFJcLzJaNW5FZkpqQ3BQaEx3PT0iLCJ2YWx1ZSI6ImlDOTB3QVJ6RTZkQmpaK2lWTzFyZHlFbW1XXC8xSlozV0xkZ09NMWdpQmE4PSIsIm1hYyI6IjNiYzg0YjkyODcyNDM1Yjk4Zjc5MzVmNWQ0NjBhZGNjMThiMDEzOTVlMmE4ZjhjMzkzOTA0Y2ViMjM5YmEyMTYifQ==', NULL, 'eyJpdiI6IjAydXQ3QUo1NWtlc1Zwd3FYczNrVFE9PSIsInZhbHVlIjoiSEsxZ2tENWpWN2dBUFNJNTJ6bUw1Y0hVTFllNWtXQ2N4WmNtYSt2Tmx3ZVNtV3k4VGxWY3N4a1NaN1ZrUW1QTyIsIm1hYyI6IjNlZDA0ZGY1MWZlZDJhYzVlODRiNzljMDMyMmM2Nzg3M2Q3ZTQxMGJjMGY5MzQ3YTA2NGIyOWNiMzcyOTFjMTIifQ==', NULL, '2017-06-29 10:04:20', '2017-06-29 10:04:20'),
(59, '2017-06-29', 'eyJpdiI6IlJnWEQxWm5wUStialFwZHNPajljWEE9PSIsInZhbHVlIjoialc3UlFzSFljUThFS1pzamtLaFJmY3FBcTVFU3g3NWZmU1NTRWpOekhcL1k9IiwibWFjIjoiMTY5YjdmM2ZjNGM0ODU2MTc0YzcwYjc4ZDhjOTJlOTk2OGU1MmU5NTcxYmE4ZGE2NDE5NjRlZTExNWQxOWE2NiJ9', 'eyJpdiI6InhmY002bndmbHRrWGcySmNzY25GUFE9PSIsInZhbHVlIjoidGhuOVpEdEw5aUZlS0twMzBkMjA3Zz09IiwibWFjIjoiYzFiZmJkNjJkOTY0ZmM3NmEyMTE0ZjY2MDA1NzdhNDJmZWIzMjE5N2QzMzc0MzMwY2VlYmZhYjNiMjkxNzhmYyJ9', 'eyJpdiI6IlRrRnMwWU9KU290NTRwdEg0aENBVXc9PSIsInZhbHVlIjoiWnpycUVCQm1BdjRBcFdabVJqeDJnZz09IiwibWFjIjoiOTFhN2IzZTNlNDE2YzY2YWM4NGYwZWRmNTBmZDU2MWNjNjhmNjA3ZjRjMTc5MGU1ODNlYjVlMDUxODI2Nzg1MSJ9', NULL, 'eyJpdiI6IjlpWTRPN0s4VnFlN081REg1WGExZ3c9PSIsInZhbHVlIjoiU2VXWjZ1a1wvWVExVHQ5U0hSSGR0QUtpUjhlWTZYWFJDN2ZENTRCQmtndjA9IiwibWFjIjoiMGMxZWRkNDM5Nzk3ZTljNzQ1NGJiNmI0NjUzMDZmNDg5NTg0OTE0OTg3NmU4ODI4YTU3N2I3MzMzZWU3NjNmMCJ9', NULL, '2017-06-29 10:07:38', '2017-06-29 10:07:38'),
(60, '2017-06-29', 'eyJpdiI6IjlJc1VmcDRQc3d6dTFlQ3NoOGtkTkE9PSIsInZhbHVlIjoia25mM0kwdmxHTnlGcnZTc2t6bUhmXC9tKzlZOFRLdlpVeHFZbWNZXC9MVW53PSIsIm1hYyI6IjVlZWViNDJjN2QzYjBhNmY5MDkwMDM4NzYxNGY3OTE2YTRjNjBmYTdkMWUzNzBmNGU1YzVlYzU2NmE3NGEyN2IifQ==', 'eyJpdiI6ImNWVGg5V0d3SVl0Z2cwbmVDdXR1enc9PSIsInZhbHVlIjoiVHBkZVYzbkQxd2g3M0plck5DMk85UT09IiwibWFjIjoiZDU0ZmQ5NTUyNTM5MDNmNDc1Y2M2M2E1YTdmZmY1ZDlhZGM1MTZmODZjODEzMDViYTRkNzM4NGZkMjYyYjQ0ZiJ9', 'eyJpdiI6IllUWDBcL2c1QTNsM0VBVU5Gc2N5V0dBPT0iLCJ2YWx1ZSI6ImtUSjVMcXVreW9RUUJnZVNlWkhlSXc9PSIsIm1hYyI6IjJjNzA4YTBmNDE3OTM5MTVlYWFkYjU1MjVkM2Q3NTNkM2M0NmYxNDc1OGVkOWEyMTRhMzJkMjZmNmVmYjkxMDUifQ==', NULL, 'eyJpdiI6InQ0ekFjVlZVYWozUWpTNWgxSGFjM0E9PSIsInZhbHVlIjoidGpYanFUMDRDbGt6cWtyanlTMjV6VHhqRjl1d2tWekxtWlIwc0JYd0pMdz0iLCJtYWMiOiJmMDNlZWFjZjA5NGIxNDAxYmU0MWYxMzZhZDkzNWVjZmI1MTEzZTMyZTkyZmY3NzU4OWQ4Zjc0MTQyODZkMWFlIn0=', NULL, '2017-06-29 10:08:16', '2017-06-29 10:08:16'),
(61, '2017-06-29', 'eyJpdiI6IkV5TXV5cUtCUCtmblp3VWxCckk0cFE9PSIsInZhbHVlIjoiM1hvejNsZjQ2c1RaRkRJb1R1VUhiRFRMUllBcFVCVzl3RjRTU1c0dXN5MD0iLCJtYWMiOiJiZTdkMGQzM2FjOTA5ZTZmYTVkNWY2Mjg2NGI2MWU3MjI3YzYyZGQxMGRhNWFlMDcwZTQ4MzllYTg1YTFmMjg2In0=', 'eyJpdiI6IjZxc1BjSHM0OTZ4NnM1YlVuN1pja1E9PSIsInZhbHVlIjoicTN4QkZYZlFMWVY4V2VKdzFSUUhTdz09IiwibWFjIjoiN2ZiMzNjMGQ1ZTM5Y2U2MDA4NjRhMDI5NmM2OWI4MzlkNjcyOTJjZDMyYTc2MjBlNGZkOWNkODk2NTliOGQ2OSJ9', 'eyJpdiI6IlRqWDlmZTZ2QkRPRDhkc3U4UXdvWFE9PSIsInZhbHVlIjoidHVZS253MmNWaDFIUkdCTVdjV0tjQT09IiwibWFjIjoiNWFkM2RmMjI5ZDBkOGQ1ZjA4OGYwOWI3YmVjMzk5YTZkYTY5NDAwNTFjN2NhZGI4MzJlNDliMWYxMGExNGNlNyJ9', NULL, 'eyJpdiI6ImlLVUFERE1QQk9CWUJBa0xYdGtyQkE9PSIsInZhbHVlIjoiWnl5YmZ5WEJsejc2OXZZY1ltOFBKczhVR0gwZ016akpSMFZoaFZId0RaMD0iLCJtYWMiOiIyNDZmYWQ4MmM0ZjNhOTA1ZTc0NDUxZjYyYmFhYTY0NTJmMzJkZWIxNTkwZWE1NGNiODE2MjcwOTNmMzM3NDFkIn0=', NULL, '2017-06-29 10:11:17', '2017-06-29 10:11:17'),
(62, '2017-06-29', 'eyJpdiI6IjU2U1VuU1RhT0tLUG81YUpUc3JzeHc9PSIsInZhbHVlIjoibEZ0Wms1S09Cd2ZlTW5BRmVHNVRucmFGSDR6VUtQdENuOTlqRzZGXC9FR0U9IiwibWFjIjoiZDFlNjc0NmI0NTgxZjQyZjBiNGUzN2M2ZWZkODg4MmUwZDJmMDdmOWEyZmYxMTYzZjJiOWFjNzQ0OGIwY2JmZCJ9', 'eyJpdiI6IitSUmx0VXozNjVuTnRzRjFCR2Y0anc9PSIsInZhbHVlIjoiTWYwNmRjWDZya0o2WG1UbUZwK1Zodz09IiwibWFjIjoiYWFhZWFiMDc0MjkxOTQ3ZmU4MjhmMjU2OGVkMzM3NTdiYzkzZjBhNTg0NDVlMGVjNmFlZTU1MjdkY2RmMjFhYiJ9', 'eyJpdiI6IkZDVEpcL2JFUlBmTjVPaXpWK1ZtMzh3PT0iLCJ2YWx1ZSI6InJZdFJiQkdTUHhEMk5PQ2ltajhjMGc9PSIsIm1hYyI6ImQyOGE5NjAyODQxNjk2ZjBlNjdhMjM2Yzg1YjA3MWFkMzg2YmMxMDRkMmUzZjMxMWQ1YzU1Nzk0YTRmYTk5M2YifQ==', NULL, 'eyJpdiI6ImNZc21yWklybHgrTXFPUnZ2MDBXbHc9PSIsInZhbHVlIjoibXZuYm9WSWx4bmtjNnR6SjFib2RHU0kyVXFhUTB0NDR1VndINEY4SlwvV1E9IiwibWFjIjoiOWRhNDUwZjU3OTQ3NzY4N2JkZDc4NWVjOTZjMmRhN2RmZDNjOGNmNjNiZTFhOTEzOGI2MjM0ZmVjOTgyMGNhOCJ9', NULL, '2017-06-29 10:21:26', '2017-06-29 10:21:26'),
(63, '2017-06-29', 'eyJpdiI6Iml1aE9DcTBQdVwvclF2SmRFXC9HRUczUT09IiwidmFsdWUiOiJVc2NtaEhYcXo0K3ZlYytORGdreXZZUGZsSTB3N09wNmlXdW96dHozWkhZPSIsIm1hYyI6ImY1YzU3YWJhNTEzOGVmMGRhZGQwNDg3YWQ4YWFjY2QzMmY4MzE4Yjg2ZjQ2OWZmYzk3NGU5Y2QwYTkzOWYxMjYifQ==', 'eyJpdiI6Ik40VWl0czExQXhFREo5bmpBQ2JEK2c9PSIsInZhbHVlIjoiV1ZXTjNzUFBmMURaT2c1QW9mWWRZZz09IiwibWFjIjoiOWZiMWJhYmNkNDk0N2UwMjc5YjE5OWRkMTdmNWRkOWYwMTY0NzBhNjI2NWJhZGEwYWUzNDcxZGU0MDNhN2IzYSJ9', 'eyJpdiI6Im95Z3pSQ2VuYTdYZjlPamd1cE03Y0E9PSIsInZhbHVlIjoiWWtabTZpbG02WU52RDhqcVo1VEZEQT09IiwibWFjIjoiNjNkMzZjZWFkOTFiZDQyZjJkMmQ5NmRlNGQwYzRhNDEzY2MxZjIzMzAxMjkzYTkxM2Y1NTJiMjUwMjhhOTk2NyJ9', NULL, 'eyJpdiI6IkJVMCtmWlhFTFRPUWRyNjBPWEY1Zmc9PSIsInZhbHVlIjoiMnJlUGVEVWhmXC8xK0lJU0R1a0VUTDkxUktzYkNhZGtwV0J3SHdqanVkQ1E9IiwibWFjIjoiYjNkNDkxZjU0OGJhZGE3NDAwMzRlY2E2MmRlNmNhODdkNjZhOTdiOGI3ODFjMjhhOTRhMGU0MjFiNTRmNzdjNyJ9', NULL, '2017-06-29 10:21:48', '2017-06-29 10:21:48'),
(64, '2017-06-29', 'eyJpdiI6ImdIbjRET1M2R3NyNlpKbDBCSUdZRUE9PSIsInZhbHVlIjoibUdORHF2cUx0d1VyWXp5d1I2ZTIwU051akhMTmZ3ZGI5Zmd2cDJcL09kRUE9IiwibWFjIjoiYTc2ZWFkYWYxMmRkNTI5NTg2MTViYmFlODg5ZGJkOWNlNDMwZmNmYmJiNDNiYWUyZDE5YTY0ZGNhMzVmNzc5NiJ9', 'eyJpdiI6InY0OWpmNzNPRWNHVTRnelBYTm9ZQnc9PSIsInZhbHVlIjoicGZ6TUJnV1Z0eU9qcWRiUkU4NnZEdz09IiwibWFjIjoiNzQwZTNlMjg1ODczYjNkM2RhZjRmMGFkYWIxMmM0ZjBhYTk2ZTVkMzYxOTg2NGFmODFkMDViZjEwZDNhZWJiOSJ9', 'eyJpdiI6ImxRZ3hMSEtqT1VHRFFyOG1mOStKaXc9PSIsInZhbHVlIjoiK3h2amo0TjI1SFQ5K05cL2xZXC9MOWtBPT0iLCJtYWMiOiIxZjUyYjM4MWZjMWNhZjA0MDJiN2I3ZmU0MzgyNzQ3OTExYmM2YmRjYWQwODI0ZjM0ZTJiNjY2MWI3ZTgyYzkwIn0=', NULL, 'eyJpdiI6IlVWTk9oZDhGMElhcUl6R1o4NEY4QkE9PSIsInZhbHVlIjoiaE9aM0diNkFXZHJ4WVVXUGs0T3pwOXZqZXIrY0FjM0R0TklOUlJZMDhmST0iLCJtYWMiOiI5NTg3ZGU2NWI4MGEwYjk4MDJmODEzMmExYTE1ZmU5MjE1YWY3OGYwMzU1YmNhMDAyNzgyYjE1MDIzZWE4ZWI3In0=', NULL, '2017-06-29 10:22:15', '2017-06-29 10:22:15'),
(65, '2017-06-29', 'eyJpdiI6IkpPbGVoaWlaRm8rYTBtY3UxNVBHQVE9PSIsInZhbHVlIjoiZHdBUjc1RUtUUEtJb3BTMlByRWoyWGRiK2VmMjhTaEp6QjVSbkFHQlpCOD0iLCJtYWMiOiJmOWQxNjNiMzM2OGNmMTY2ODRhYTAyZWJlNzkzNGIwYWM3NmQ2YjBiNzk3ZDE2ZjEzYmRhMmFiZjI3ZDAyZDdlIn0=', 'eyJpdiI6ImtTajdpSFdOZFRoNUl5anA4ZHhjVnc9PSIsInZhbHVlIjoiQjlSTDltQTFcL0RtdUV1ZEU0Q2U4MkE9PSIsIm1hYyI6ImJkZTQ5N2RlZjUwM2U2YjVlZTUwOGMyNjBkMDkzZTkzMjM3OTUyZGFhZDk0MjMxNDVlY2JmYTJlMzVhOWM3NDgifQ==', 'eyJpdiI6Im8zYWJ2enFxRkUzRndhaFl0SWVIQkE9PSIsInZhbHVlIjoiK0xzaHR1S1RLVWw3Q1lyMnNneXlXdz09IiwibWFjIjoiOTg0NmY0YTQwOTU0N2Q5NTZjYjNlOGUyMzI0ODAzNzE1OGFkNTRhZDcxNTQwMDU3MGI3ZGMwMzQxYTUyYjU1NiJ9', NULL, 'eyJpdiI6IjNGbWNNMjRNelBVS21tOTh5VnVYT0E9PSIsInZhbHVlIjoiMXFmSGNBVFwvMEZ1ZEVkUDhFUFBBcnRXOHU5dzgyQ0pQd2Z6SDBHU1NNUUE9IiwibWFjIjoiMmVmZTM4ZWYwOGE3N2FjNDkwODgyOWY5ZmNkMGJkYTYyMzBlNDZjMzczMmQzYmY3N2UxZWEzYjUzMjJmMjgwYyJ9', NULL, '2017-06-29 10:23:57', '2017-06-29 10:23:57'),
(66, '2017-06-29', 'eyJpdiI6ImdrNEJWcjB6R3Z6ZEVJc1d2QkxTbEE9PSIsInZhbHVlIjoiTmN3cGZ6NFwvbkE1aW1vYzhDbng1aUJoU0x0aFB0VVQ3b3JNQjFzSjVqSDQ9IiwibWFjIjoiMzUyNjNjNGU0OTEwYTEyZWYzMjEzZWM4M2RmYzkzNTlhZjQ2MWY5YjIxYzczNGM5NWE4NjYzZjFiMjBiYjRiZCJ9', 'eyJpdiI6ImQxeGlLU3RqV1RGUkU2SVFGdHUxT1E9PSIsInZhbHVlIjoibE9qTkVsM1NZaStudHlHXC96RHJHOXc9PSIsIm1hYyI6IjI3YjI5NmYxZGFjNGQ2NzljNDM2NDZmNTMxNjBjOWU4OTQ0MTk2ZmIwMDViNWM3ZGY1MDBmYzNhNzA4ZGE4ZmUifQ==', 'eyJpdiI6Ikk5cTl6NGdGTGRpZDVxaldhcmxhZmc9PSIsInZhbHVlIjoia2I1YW53aVhFc2xzeTRyZFVnbGNqQT09IiwibWFjIjoiMGM5YjMyZGE2NGVmNjc1MjI1YzMyNTE1ZjA3NmM5MTJiZDY3NmFhODczYjE4YjQwZWJlYzFmOGVkNWFhNGZiZiJ9', NULL, 'eyJpdiI6IjNCNTNlbTd6N2N4ekN0dllXbGRWdmc9PSIsInZhbHVlIjoiTXlDWmYxV2MxQzVqcjQwR2JualwvdFlVVmFHbXYwM0lGaUEwQWg5WWhxTTg9IiwibWFjIjoiZTI4ZmM0MmYzNjU5YWM5ZmFmMWJmODBjMzAyZjNjM2RjYTliYTU3MjI0N2E2MjY1NDhkYzhmZjM4OWVmMmI5YiJ9', NULL, '2017-06-29 10:24:24', '2017-06-29 10:24:24'),
(67, '2017-06-29', 'eyJpdiI6ImNcL3JEQW9oSkI4YTlEY1wvWWliQ1BzQT09IiwidmFsdWUiOiJqR254K0N4U1BLMHRqNjROTDNwVWFOdXRaRzMyS1wvWDc2cEhDQ1wvaXhtZ289IiwibWFjIjoiYjhlYTgzZDAyMWM4MjA3MTUzZDkxNWFlYjVhNjEwN2YxNDY3YTZkNjFlOGQxYTA0OGVlZmM4OTAyZTUwNThkOSJ9', 'eyJpdiI6IlpxMGVLbjRNN0V3bmdBc1ZXWTVMamc9PSIsInZhbHVlIjoiQkhTc21qZDNRb01tSitIXC9UZEZJd1E9PSIsIm1hYyI6ImRiMDFhNDdmYmFiODJjYWM1YjIyNGIzOTdjM2M1YTM0MDExZWJiYTRkNGM5YmQzOTMxODlkOTc4NWI0NmQ0M2QifQ==', 'eyJpdiI6Ik1HMnhcLzBJazE3cXJVbnVLNFk3VllRPT0iLCJ2YWx1ZSI6IlBPN1wvZzU0dlJGU1Y2OEQxRjJJMDlRPT0iLCJtYWMiOiIzYTNlMzU3NGM5ZjFhNTYyNDY2OWM1MjFjYzUzYmU5MTc4NDQwNzIzY2I3MTdlNDA3NTM4NjViMmMwZDU2YzIwIn0=', NULL, 'eyJpdiI6IjZQZVlxNFwvam92YmV3VEFpdkozTlJRPT0iLCJ2YWx1ZSI6ImxoVktKTXUwUXN2cWp0ODlBT0F0dW50QyswT0lNV2dLSVdTUnltTENjdkU9IiwibWFjIjoiMDFmNDliZjM3MTFiMjk2OWQ0YTIzY2JmZjVjMzNhYzhmMDQ5YWRlOWI5NDdjMGVkNjllNjVhYjk0NmY5MzM0YiJ9', NULL, '2017-06-29 10:25:15', '2017-06-29 10:25:15'),
(68, '2017-06-29', 'eyJpdiI6IkZSSU9pT1VCaWZBbGVcLzdZbllzakV3PT0iLCJ2YWx1ZSI6IktJUmtGNkxONTRuV0JGblBOUCt1ZWNZd3Z2WExnOGswclFqYllLVndxNmc9IiwibWFjIjoiYTFhZWVhOTFiZDkwZGRlMzlkMjQ0MjIzZDk5YzJjZGRlMDQ3ODAyNDA3NjdiYzE4OTM1OWI2MWYzODZjN2Q2OCJ9', 'eyJpdiI6IlUwak14N0t3WDc5c2NBRG5GXC9xa2NBPT0iLCJ2YWx1ZSI6Ijd4dW92T2s1QTFSVGViXC8wVEdCQ1hBPT0iLCJtYWMiOiJhY2ZlY2QyNmMxOTVmYmMxZDlhM2QzNzY5YzgzYmEyZGFhMDcyNjA2MDUyYzVmZDgzNTI3YmZmYWMwNDJjMWM0In0=', 'eyJpdiI6IkNGVUo5bExXTG1wUjc5TVwvZkR4WWd3PT0iLCJ2YWx1ZSI6IlZ3QnB2Y3FHMUhwdWRZaEp4YmxCUHc9PSIsIm1hYyI6ImRiY2IzZTIxYjczZTMwNWMwMzljZDMzZjI0ZmIyOTQ2NGFlNzI5YmMxMzliNTYzN2JmNDcyYzEyOTBiY2U0OTQifQ==', NULL, 'eyJpdiI6InZSYXNXU3YwcjAwMEpTSmxORFhrdVE9PSIsInZhbHVlIjoiK3I0ZWdBVEM5T3lvTUp6a0hBSFBmV3lxMVpxWU5DR051UVpReUtFNFN1cz0iLCJtYWMiOiIzMTk1Nzc2MzUwNTNmM2M2YWU5MmQwMmM4MTcyZjc0ZWMzN2Q1YzUzY2I5NDVlMTVhZmM2MDZkZGM0MmViYWZkIn0=', NULL, '2017-06-29 10:34:14', '2017-06-29 10:34:14'),
(69, '2017-06-29', 'eyJpdiI6IlwvRlQya0d6alwvOXczRUdUaGR3Rm0xQT09IiwidmFsdWUiOiJxWjZKd3RhejlTb1J1YTQ4T2lCSGplc0VGc3pyUHhyam5OWkhqbkRIOVJZPSIsIm1hYyI6ImE2Y2MyM2Y1NTc5NDg4YWYyMjY2MzM3MWVkOTU2ZjY1NDc4ZWExZTY1MjJjYzc0MzE3OTdlOTkxOTVlZTc1YTIifQ==', 'eyJpdiI6IkRmVmJrT1dOaElxd2NQbWxFUWtIWkE9PSIsInZhbHVlIjoiUURHTnZcL05OcFdyTm5xazVrZzFsVmc9PSIsIm1hYyI6Ijk1NTllNTJlYTBmYTY2ZjQ4MGY2MTMzZmFkNWY5YjExNGQ5OWY3ZTA4Njk3ZDU4YzQ5MzQ5ZGJlODY5Y2M1NjIifQ==', 'eyJpdiI6IkZmbk53aCs4VzZsYkQxNzZRbnY3dkE9PSIsInZhbHVlIjoia1FGMjU4T0g1R3lMOHVnKzVMQnROUT09IiwibWFjIjoiOGI2OTcwYTc0NGMwZWI2NzIyODA2NDk5NzQ0M2MyZWQxYjFhNWUyYTMzMmU0ZDYyNDA0YzcyYzkzMzVlMDhkYSJ9', NULL, 'eyJpdiI6Ild3WFBRRU90VjBSeWNmaDRiSENzNVE9PSIsInZhbHVlIjoibG9ISDVcL1lNb1NxNkkzYklkZ1NhOCtOWVJOb0pETk1XTWc5aVhscDFIaEE9IiwibWFjIjoiYzk4ZjQ2Zjg2Zjg3ZDM4NmEzODlhYmMxYjcyYWFhNGZhYTBhNDlhN2Q3ZmU3YTAzYmNiOTFhMDkxOTkwMTVhNCJ9', NULL, '2017-06-29 10:36:07', '2017-06-29 10:36:07'),
(70, '2017-06-29', 'eyJpdiI6InVhaGdLZWJqbnpJVTJLcnlKNFp5cXc9PSIsInZhbHVlIjoiQ2JuZjRsQkdyY2dqclZHNHFPYVFVdGZCczNPZTBiUlFyMWVic2pLQVBxOD0iLCJtYWMiOiJmZDcxNTdhNjNlYTk0OTY4YzRlNzU0MWMzNzYwMDMxNjIwOTk2MTZlMjliMTBmOTJmNWM2YmEyNzRlNDI3ZWYwIn0=', 'eyJpdiI6Ing3Q0VGQjBKN1pRN1wvRUVpNlk1R013PT0iLCJ2YWx1ZSI6IlBcL3hKR25ueEwrTmo5NXpwNGNoXC9Mdz09IiwibWFjIjoiMThiMzVjYjYxNzJkMGE0ZjdkMTkwZTk0OWE2ZDBlMGQzYjk4YmZkZmRlYjkxYjA1MDg4NThkNjg5NWIwMWIwYSJ9', 'eyJpdiI6IlcyUW5cLytKXC96azRoaHFFY2hKbjk2UT09IiwidmFsdWUiOiJqTmJodERXdTF2U0o0WVwvOVhCMER0Zz09IiwibWFjIjoiMWY1OGU0ZmM0ZWVlZTQyNzQwYmU0YTBjZDJkOWE3ZWM5ZWQwOTJjYjY3YzVkYTdkYTZjMzY5OWUyMzUxOWYyNCJ9', NULL, 'eyJpdiI6IlhXcUJJNFF0MVwvV2xaSTE1WnczTm13PT0iLCJ2YWx1ZSI6Ikc3ckNWMDJEMEJ3NFlWMlg2VlhpSTlIYkpUd21TbWg2QkZDa3NuV2tjTUQyaUY2cHNPd0NRT0F6b3hQTGlPc0UiLCJtYWMiOiIxMjJmMTI2MzRjZmQzM2Q5MjVjYmY2ODM3NmM0YmJiZDczYzMwM2M4YjMyNjFhOTM2ODliZmEyMWE4MzM1OWRkIn0=', NULL, '2017-06-29 10:36:29', '2017-06-29 10:36:29'),
(71, '2017-06-29', 'eyJpdiI6IlFpUllzeXBZK29mRVp1XC9EWFZ3cjhBPT0iLCJ2YWx1ZSI6IlNVeWNuWWt3cnJiVWZNTEU5bTVaK3AyUDZJUitLM0xNWkcxdGxoeFdCc1k9IiwibWFjIjoiMjBlNmU4MjY4ZGE5YmE5YjEwYjJmNmNmMWQyZjNkMTVhMmJlN2U0YjI3OWFhZjdhYzhhYTFhZGNjMzIzYzIwMyJ9', 'eyJpdiI6IlAwSXVRYlVORHBXMnVLTnE1Y2ZNQWc9PSIsInZhbHVlIjoiZ2RMXC9Yc1R1djdudW5sTmtuS1ljcVE9PSIsIm1hYyI6ImQyOTZiNDQ3NjY5MjRiNjczN2NmYTk2NmY3NjA3NzM3NTk1ZjllZDM1ZTE3MTdiZjY2YjMxYzk5OTFmNDAxZTEifQ==', 'eyJpdiI6IlZuTkNZS0dTY3QzcDdoY1dxdStnbmc9PSIsInZhbHVlIjoiWm9PWmNOR1V1MHZUcHpJSHN0bWg0Zz09IiwibWFjIjoiYjk1MmYzNmMxNTRmYzQ5MWY3ZWVmMGRmM2UwZjFiYWMzNjk3ZTRjM2VjMzIwZTk5NzlkYWYwYTM5ZmU0NWI1NSJ9', NULL, 'eyJpdiI6ImdiUVgrZ1wvVFlEa0piczlHVmZhNTJRPT0iLCJ2YWx1ZSI6Ik9pNzNSUDFRSlJYYm9HbGI4c1lOTmJLUDFwMlNMYk5hR3d3NVJMU0lGVnQycFZqYkprSXlZSGlVU0ExOWk2d2oiLCJtYWMiOiIwOWE4NWNlYjEyMjJlNzAzMzZmODVmOWNhYWQ2ODIyZGI3ZDZiNzRkYjE2MWFmMmVlMzk2NGQ0NGQ2ZmI3YWYzIn0=', NULL, '2017-06-29 10:50:57', '2017-06-29 10:50:57'),
(72, '2017-06-29', 'eyJpdiI6Im8weXFGWHFvMndiOUo5WENJSjZ2Rnc9PSIsInZhbHVlIjoiazFNbDYzY3FwTmNkR2tnVHc4Ukk2VGh0bnp2eGJIVTc4MG9BRHg3aU8yaz0iLCJtYWMiOiJlYmQyNTZiNTg1MWQ2ZjVkYWIwNmRjZGE2NWFkNjVkYWU2YTMyY2U3MGNjMDcyZmJiZDMyNDk5ODRlYzdmNDgyIn0=', 'eyJpdiI6Imw1M2RmeWNQd3R4MEg1TGNHcHJqcUE9PSIsInZhbHVlIjoiSlByWHJmN3hja2tEVmg4ZTROM0NrQT09IiwibWFjIjoiZTRlYTI3ZDY3YjM2NzAzYTdkYjgzMDExYzU0ODlmZjY0NDdjZGMyZDUyNjJkNWEwM2ExYjZiYjM1OTNjYzA5NiJ9', 'eyJpdiI6ImFGNkliWkI4RjZrVHVoTGxOXC9WdFZnPT0iLCJ2YWx1ZSI6IjFJZ2FiUUhHSUVnQmc3aHJMb0FHcXQ2VTlycGxsUFlDVXlWK0JHTGFZYXc9IiwibWFjIjoiN2U5MTM2NmNhNDA0YjhjYWI2ZWI2OWY4NTljODRkYWI1NDMxYmRkMTlkMzI5YmZiOTE0YWNiZjNiZDMxMjdmNyJ9', NULL, 'eyJpdiI6IllQQ0FmYXA0TFRwYTA4WTFcL01VWmtRPT0iLCJ2YWx1ZSI6IkNjd0ptUEUzNFdnZTlYNHJSTDJoa05xTlp6UWtja3JLOTd4Vmd5V2ZYaXM9IiwibWFjIjoiOTA1ZDlkZGFlNzM4NTk2NzZmODQ2MGM4YWI4NTI5Y2VkOGU4Y2YzNzgyYzMwMjNhYmFkZTcyNWE3YzdjMmQyNSJ9', NULL, '2017-06-29 10:50:58', '2017-06-29 10:50:58'),
(73, '2017-06-29', 'eyJpdiI6IlA0QjBETjFyY3Fnd1hYRmZaamJjaXc9PSIsInZhbHVlIjoiWmFxMjMxMFoxVXFpT3QzZG5reG5lRFdDeFhySExVNjJqNGdnV1FicEdGMD0iLCJtYWMiOiJhZWE1Yzg4NjQ1OWQ3ZjZiNjczZTZmZGM3YmUxMWIyODU0ZmViODRjMDE3MTk2NDRhNmM0NDZhZDVlYWRhNmQ3In0=', 'eyJpdiI6ImpIejlIc1RWSnYxeldoUG92RkpNb1E9PSIsInZhbHVlIjoiZWRac09ZdHZ6bXRFeTQrckt5c3pSZz09IiwibWFjIjoiZWRhYmI0NjZkZTIxZTZjOTRlYmZjNzQwOTVhNWM3NzYxNDUyYWYzY2I0NzUzMDE2NjdlYTRlOTQyNDY4ZGI4YSJ9', 'eyJpdiI6IjlzVFNhZFA0STEyaGdOT0p2cXZXQ3c9PSIsInZhbHVlIjoiN29SYjlCME14R1dBOERwdVNOcXRcL3c9PSIsIm1hYyI6Ijk5NWYzZjRiZGQxZDJmMzhmOTg5MzllMWIxZmJmZGY1YjY0Njg2ZjhjMzRjNDU0N2JiOWQwMTE5MmZhZjVjZGEifQ==', NULL, 'eyJpdiI6IjFuaUhtVkNSaDkzTVdJaGYxRDFxMUE9PSIsInZhbHVlIjoiZ1JTVVI0UTV5NGFzaWR4OXhzSys1d3h6VkN6U3dEQkMxRWUralAxMlhSRT0iLCJtYWMiOiIxMjQ3MzJmOWY2NTVhNDU5MjNjMzVlN2I4OWU3ZGEzMTExY2FhYjY5ODk2NjNmNjg2ZTJhOWMxYTVhMWE5ZWMxIn0=', NULL, '2017-06-29 11:14:30', '2017-06-29 11:14:30'),
(74, '2017-06-29', 'eyJpdiI6Ik5yVzI3SklUakRBMlNJTnFxR3V2emc9PSIsInZhbHVlIjoiY1ZmV0tKcFJkZzl6eTlkUzZhSXNtVE1GckdVZDhudGxFQlo4cU1IS3BOTT0iLCJtYWMiOiIxMWJmZjE2MjYwMDJkY2ZlMTYzMDU4ZDYwZDlhMTM5ODhmMDQ3MDcxZWUxNGJjYWZiMGQ5YmU3NTU3MTViOTU4In0=', 'eyJpdiI6ImdrcjVERDVBeTU3XC9Tb2dtR1RqVDBBPT0iLCJ2YWx1ZSI6InNFZVwvMHVobW1ZRnM4eUpqM2lLVGFRPT0iLCJtYWMiOiJiNGYwZmJkNzgxYTk4YTk2ZTljZjlkNTFkYjA1YTBjODM4ODA2ODY4NGQxZThlYmJjNGE2NzRmZjI2YzZhMDMxIn0=', 'eyJpdiI6ImVFZmlsODY3U3dObW94M2tLS2tjR2c9PSIsInZhbHVlIjoiUnBkWmk2VnUwU3N1aDNTOCtNcW1vQT09IiwibWFjIjoiOTk0YmU2YTU4YTc5MDY4Y2NlZTY3MjU3ZjZiZmM5ZmY5YTcyNDJjMjQ3Yzc1YWE4OTY4ZWNkZDA3NzI3YTgwYyJ9', NULL, 'eyJpdiI6InNtQWRIT2F0MzRNMDlhTjhrT1JTclE9PSIsInZhbHVlIjoiVStvQUQwT1d2YjdnSnd0MTBBcWhxclFuY2J4OGZkTGtTdmFicldVMGlsaGtObWd4K3NvSGlaNFwvMHZhZUwxQW4iLCJtYWMiOiI3NWM0OTllZGVjNDkyNTlkODJlN2E3MTY1MzhkYjk5MTkyMGU1MGM5NmJmOWI4NDM0OTRmMDk5NjAyZDVmMWUwIn0=', NULL, '2017-06-29 11:14:53', '2017-06-29 11:14:53'),
(75, '2017-06-29', 'eyJpdiI6IkIwQ0hkMVJYcFNYN2JpVHJCVmdCY1E9PSIsInZhbHVlIjoibmFlM0gyNjRBcEVuVm52MEJsYVVOWkUrR0xjZmxXbG1pSm0yUXgxeUVDND0iLCJtYWMiOiI0Y2RmZTlkYzBjMGY1NDliYzIxM2Y4YjBkMzE0ZmNiYzg3ZmQ4M2U4YzIzNTIxMGZiZjAzZjkwNjAyNTM3OThiIn0=', 'eyJpdiI6IlVLY2xTaW45NE83SDlEbjFXcHhRUHc9PSIsInZhbHVlIjoiRWNNb0FtT0VoUFg5OTF1VStjVW1jdz09IiwibWFjIjoiYmUwOWJlMzZhNDAxZmNiMmMwYjI2OGU2YmRiMzI1YzUwOWQyNTk4NWJmMmJkNGJlNDIyZDRlMjc2NmFjMjYwNSJ9', 'eyJpdiI6ImlDeVhuZlFvUG9vd21PelBIRHdmZXc9PSIsInZhbHVlIjoidjdEaGxwcFB4ZG5mVDRITnBlbkE0dz09IiwibWFjIjoiNWMzZmY4YWZiMDZiMGY1NmRiMjhiZGM4NmFkZjEwNGQ2YzI1NDZjMWJmMWM5YjNiMzE0ZGQ1NTc1YzQ0ZThlYiJ9', NULL, 'eyJpdiI6InFNU1dFdmJwOUtHQVFTMFRVZndEVmc9PSIsInZhbHVlIjoiS1pSSFZVK2RDTFJvZWlwOWxmTXFYSlkxZ1lhS2w5N21qTTBGdmx3Y2g5TT0iLCJtYWMiOiI5YWY5Y2I5NTk0YzlmNjE2M2EzYjdiYzQ5OTVkYjE2NTY1MmFjYzdiYjM5ZmE5YjM4ZDgzZDIxNzM0ZDYxM2ZjIn0=', NULL, '2017-06-29 11:16:22', '2017-06-29 11:16:22'),
(76, '2017-06-29', 'eyJpdiI6Ill3VytrZ09PWm9nUU5OdEJYT2tTMVE9PSIsInZhbHVlIjoiTFwvdG1iYmhacDk4V0xGVjF6TWhUQUNCMEk0am03QjdYWCtcL0ZhXC9NRW1nTT0iLCJtYWMiOiI0M2NiMWE5MTMxNTljZTFlMGUzZDFkZjkwODg0ZjNkY2I5M2QxYzQ4NmNjNmY4NmUyZDA1ZjY0MmQ3Zjk5MGU2In0=', 'eyJpdiI6ImltNmJUVkpVRHJGQ3JtZ1M5andNZkE9PSIsInZhbHVlIjoiSGU2RlhoZUZGTHpYeWdMczFhZG5zQT09IiwibWFjIjoiYzJkNGJiNTRkYmM1OTI5YTM4ZGQzNTQ4ZGY4NzliNDZlMTEyYTYxYzAzOWQ4ZGM0ZWU4MDA4MjNlYjVkNjkzMyJ9', 'eyJpdiI6ImhZRmxxVk5LK2ptQjNZSDJnZEp1cFE9PSIsInZhbHVlIjoiMFFETnd6UTdhU2FSc09VV3o2YVRTdz09IiwibWFjIjoiMDBjMDA5NjY4YzFiNWM0YjQ2YzRiOTc4OTY0MGRlYmU1OGUxNGE2NmM0N2Y1YTUzNjE4OTljZTRiNGM3ZjEwZCJ9', NULL, 'eyJpdiI6IjI0SEtHMnZpQWYwaWF0NGVvWGVES2c9PSIsInZhbHVlIjoiMjhoQjRlbVhEVnF0SDYzUmRnclVTRVwvTWVQVnYxMytjNk16Y3hGanVDUWxhMitXcEVnRXdVUHUyVjJiVU96TTAiLCJtYWMiOiJiM2ZlMDhjYWZmZWZkYTc1NjA5M2Q5Zjc0YjM3MTVjOTI1NTllMDgyNzAxY2U1YjdiNWQ2NzMwODQzNDViM2JiIn0=', NULL, '2017-06-29 11:16:37', '2017-06-29 11:16:37'),
(77, '2017-06-29', 'eyJpdiI6IitkV1NUNEVLVmlPbW5aXC9VM09Jc0lnPT0iLCJ2YWx1ZSI6IlwvM3ZZd3l1bnp1dkZ4TnR3ME1hSm5YZ2cxazhSZFJmTG1jSHpkWVBMYmcwPSIsIm1hYyI6IjM2YzMxZGMyMDc0ZTk5MTU0YjBhNjhhMDg3NTZiY2RiMDYwNDRhNjFkN2IwODFhYjE3Yjg5YTI2ZjM3MDViYzQifQ==', 'eyJpdiI6ImJ1MzF0ck9Ja3lZWTg2UkNFXC9iaGZBPT0iLCJ2YWx1ZSI6ImhkZ2hUSldjR1hYUlRPcUhLTFwvdURBPT0iLCJtYWMiOiJhZmYxNmQwODdjMDk5OGY5YjkxY2YwNTZhNjgyNWQ0MzcyNmU3MWY1YThmMzIyMGQ2MDgyZDE1NWNkOGU1OWI0In0=', 'eyJpdiI6ImtYM25YSXFlOFI5cFhIcXdtbFQ1cEE9PSIsInZhbHVlIjoicm5ZRGNvOUVoY1NKSzVvUmFPNTh0Zz09IiwibWFjIjoiNjQ5Yzc2ZGY0ODY5MGJhZDBhY2RlOGUxNDM1MTU4OGNjNGNjYTQ4ODRlOGQ3Nzg0ZGVmYjVjNmQ4MjlkMWQ4MCJ9', NULL, 'eyJpdiI6ImNDS3pkRzh2RlZzaFNWVFg0Z0dINGc9PSIsInZhbHVlIjoiQWxMdkVNS2Y1Q2phaFk2bHhSYUt2VEJvRFYxU1NRMmF0OVduQ3RKaFErbz0iLCJtYWMiOiIwM2FlNmUxMGY3ODNhZDIxMGZmYjE3YTI3MmZiZTQ2OGMwYjUyNDEzNGJiNzczN2NjMmU4YWQ0ODUzNzcyNWE0In0=', NULL, '2017-06-29 12:06:34', '2017-06-29 12:06:34'),
(78, '2017-06-29', 'eyJpdiI6Ijd1bUdVUlFlWFdDb29yUWgxb3dweFE9PSIsInZhbHVlIjoiOERmUGVaclZLMlF1VVNQQldGdnIwZldSUW5XQ0JIN015OVphWFJramdRUT0iLCJtYWMiOiIyMTU0MjlhMTljNjkwMzQzNmJkMjc0YmRlMWU1ZTkxNTYzZTIwMjczYWQ1YzZjYzZkNjY3Y2YzNWJkZmYwOGJjIn0=', 'eyJpdiI6IlEzS3ZacmpRRTFiU0RTOEp3T2VvMkE9PSIsInZhbHVlIjoicFo4b3JkWjFieGJkQ2VKU1B1M1BsQT09IiwibWFjIjoiNjZmMzM4MTU3NDRmMTEzNjA4MGFjZTc5ZTExMmQ0MGYwM2M3YzgyZmM2MzRkNTI4YWFkMDRlN2U2NmUzZDBjOSJ9', 'eyJpdiI6ImxqcGxJYVNhNG1QMmlLXC84S3QrcjNBPT0iLCJ2YWx1ZSI6IlUzOVBHWkROOHFOSVNlT25WWjVGUFE9PSIsIm1hYyI6IjliYjZmMjkzZGMzZDQ2ZTc1NGYzZmM4NTEzNWM4OWZjZWY0YzQ4OWJjMTgwNGRkYzRmOWY2NDk2NjAzNTIxZjYifQ==', NULL, 'eyJpdiI6ImxZSHhMQ1gxZnQrNDcxN3VudFwvQUVBPT0iLCJ2YWx1ZSI6IndLbEJia2JKWlFBRlNYOFFhWE1PczN6VGNkaHdQU1FvUkhhNitBeHRuSkk9IiwibWFjIjoiZGJiMjJhZDU2MTJiNmQzZDgyODE1MGM5YTA3ZTJlMWFkY2U2ZDM0YjgzYzRiZjkxYTMyNjEzYmE5NGQ0ZjI5YyJ9', NULL, '2017-06-29 12:08:03', '2017-06-29 12:08:03'),
(79, '2017-06-29', 'eyJpdiI6Im5zVW5UaFNsYmZEZkR3NVNsbm1VTmc9PSIsInZhbHVlIjoiUFhIXC9abWdYNTlodExWZWFQUWtkM21KQ1VNQVRRWFZjZ2wwM3p4M2M4bTA9IiwibWFjIjoiZWY4N2I1MzUwOWU4MGZmZDliZTYzZmFhODcyM2ZjOTRmZDkxZjdmNzE3MmIwNGRiOTlhOGQyYjY0YjkwMGI2OSJ9', 'eyJpdiI6IlRxVE5zalZxbW5HUzJLTDExVzBvd0E9PSIsInZhbHVlIjoiWjlZdHlGblRrRjV2cTdUbSt3Q3Nrdz09IiwibWFjIjoiMGFhMzNmODA2YWI5YzQ4NDFiZDkwNjc3Mzg0OTM3Mzc5NWZjMzhiMTBlM2FkZmE4MTc5NzFkNzg2Nzg5MmRjNSJ9', 'eyJpdiI6IjJrdUFzbmozTVp4dnhSWlRWQWp0QWc9PSIsInZhbHVlIjoiXC9VMTZyTGZ2bTJJNVh3NWRRWEEzSkE9PSIsIm1hYyI6IjllZjAzNjAxMjQ1Y2U1NzllZDNlM2IyMDk1ZDRjMWMyNzhiMjQ2ZGJhMzFlZWZiNzc3ZTkwNzViYWY4N2E5ZTIifQ==', NULL, 'eyJpdiI6IkQyTXNwY0F3QkdQbmQ2SjljVDhpOUE9PSIsInZhbHVlIjoiNUtBTUo1WXZWTmRJRFBNc3F3QU1aQXVUUGFlNHZwU08xbnIxaExtUkxcL3M9IiwibWFjIjoiYmQ3ODNkYTk5ODA2Yzg3ZGZmMzgzZGZlNzliNDhjNmYzMGE4MWZmYWEwN2E1ZmQzM2YzNDk3ODdjYWU0NjhmNCJ9', NULL, '2017-06-29 12:09:30', '2017-06-29 12:09:30'),
(80, '2017-06-29', 'eyJpdiI6IjYzaHg2OW5KNVZ4NWx0eXJGUW9DNnc9PSIsInZhbHVlIjoiYlhreHZSSUJmbXhBYlpFVFhMRmd0Z0pKdHVwSytiVGpQKzU5YjgxYkpnUT0iLCJtYWMiOiJmZmU0M2M4MTMyYzRjMWQyZTgxMTgzYTYxYTNjMDhmYWIxOGFhNWU4MWYzZTNiYTM4MTkwYzRlOTI5MjRlNGU0In0=', 'eyJpdiI6IkRUXC84a0xBVWd5ZVhYOWUwRjRJNTJnPT0iLCJ2YWx1ZSI6IjJoV2huMmZpR3g4aHA1aitseVhsM1E9PSIsIm1hYyI6IjU0OTY1NDBlMjVhYzM3MTdlOWFjNjZkZTMyN2UxZDAxMTliOGQ2ZDczMjVjODE3NjU0MDg3OTBiNjFiNjk2MDAifQ==', 'eyJpdiI6IjJDd0JMSTRTdmZjcVJcL2k3ZWNrM3NRPT0iLCJ2YWx1ZSI6IktxemllZFVPTUcrV3hSbkp3dWNZamc9PSIsIm1hYyI6IjNkNGIwOGQyN2ViNTRhMWY2ZDA2N2U3MDY0M2Y0MWE5NjlhN2FmNTA3NmEyZjJkODljZDdiOTVlNjUxN2U1MDcifQ==', NULL, 'eyJpdiI6Ik9waHZ4Vkg5YVF4aXpNb0M4Q044TXc9PSIsInZhbHVlIjoiSjZvdVlWMFBsNjJ0WmhcL2JIdXNLVTVRMWFnMlZKbzlva21PaklOMkFNaUlQd3Vya2pQYWgwU3FlbGMrU2k0Wk0iLCJtYWMiOiI4MzQyMTM4NGNlNzI4YWJkYzRlNzg5N2RmNjAyZTUwYTQ0MzZkODU5ZDc1MmE1OGI2NmMzOTAxNTViMmUyODJmIn0=', NULL, '2017-06-29 12:09:56', '2017-06-29 12:09:56');

-- --------------------------------------------------------

--
-- Table structure for table `autoprocesses`
--

CREATE TABLE `autoprocesses` (
  `id` int(10) UNSIGNED NOT NULL,
  `date` date NOT NULL,
  `is_completed` tinyint(1) NOT NULL DEFAULT '0',
  `category` varchar(255) COLLATE utf8_unicode_ci NOT NULL,
  `product_id` int(11) NOT NULL,
  `created_at` timestamp NOT NULL DEFAULT '0000-00-00 00:00:00',
  `updated_at` timestamp NOT NULL DEFAULT '0000-00-00 00:00:00'
) ENGINE=InnoDB DEFAULT CHARSET=utf8 COLLATE=utf8_unicode_ci;

-- --------------------------------------------------------

--
-- Table structure for table `banking`
--

CREATE TABLE `banking` (
  `id` int(10) UNSIGNED NOT NULL,
  `account_from` varchar(255) COLLATE utf8_unicode_ci NOT NULL,
  `account_to` varchar(255) COLLATE utf8_unicode_ci NOT NULL,
  `amount` double NOT NULL,
  `organization_id` int(11) DEFAULT NULL,
  `created_at` timestamp NOT NULL DEFAULT '0000-00-00 00:00:00',
  `updated_at` timestamp NOT NULL DEFAULT '0000-00-00 00:00:00'
) ENGINE=InnoDB DEFAULT CHARSET=utf8 COLLATE=utf8_unicode_ci;

-- --------------------------------------------------------

--
-- Table structure for table `banks`
--

CREATE TABLE `banks` (
  `id` int(10) UNSIGNED NOT NULL,
  `bank_name` varchar(255) COLLATE utf8_unicode_ci NOT NULL,
  `bank_code` varchar(255) COLLATE utf8_unicode_ci NOT NULL,
  `organization_id` int(10) UNSIGNED DEFAULT '0',
  `created_at` timestamp NOT NULL DEFAULT '0000-00-00 00:00:00',
  `updated_at` timestamp NOT NULL DEFAULT '0000-00-00 00:00:00'
) ENGINE=InnoDB DEFAULT CHARSET=utf8 COLLATE=utf8_unicode_ci;

--
-- Dumping data for table `banks`
--

INSERT INTO `banks` (`id`, `bank_name`, `bank_code`, `organization_id`, `created_at`, `updated_at`) VALUES
(1, 'AFRICAN BANKING CORPORATION', '35', 1, '2017-04-21 18:12:43', '2017-04-21 18:12:43'),
(2, 'BANK OF AFRICA (K) LTD.', '19', 1, '2017-04-21 18:12:43', '2017-04-21 18:12:43'),
(3, 'BANK OF BARODA (K) LTD.', '6', 1, '2017-04-21 18:12:43', '2017-04-21 18:12:43'),
(4, 'BANK OF INDIA', '5', 1, '2017-04-21 18:12:43', '2017-04-21 18:12:43'),
(5, 'BARCLAYS BANK OF (K) LTD.', '3', 1, '2017-04-21 18:12:43', '2017-04-21 18:12:43'),
(6, 'CENTRAL BANK OF KENYA', '9', 1, '2017-04-21 18:12:43', '2017-04-21 18:12:43'),
(7, 'CFCSTANBIC BANK KENYA LTD.', '31', 1, '2017-04-21 18:12:43', '2017-04-21 18:12:43'),
(8, 'CHASE BANK LTD.', '30', 1, '2017-04-21 18:12:43', '2017-04-21 18:12:43'),
(9, 'CITIBANK', '16', 1, '2017-04-21 18:12:43', '2017-04-21 18:12:43'),
(10, 'COMMERCIAL BANK OF AFRICA LTD.', '7', 1, '2017-04-21 18:12:43', '2017-04-21 18:12:43'),
(11, 'CONSOLIDATED BANK OF (K) LTD.', '23', 1, '2017-04-21 18:12:43', '2017-04-21 18:12:43'),
(12, 'CO-OP BANK OF (K) LTD.', '11', 1, '2017-04-21 18:12:43', '2017-04-21 18:12:43'),
(13, 'CREDIT BANK LTD.', '25', 1, '2017-04-21 18:12:43', '2017-04-21 18:12:43'),
(14, 'DEVELOPMENT BANK (K) LTD.', '59', 1, '2017-04-21 18:12:43', '2017-04-21 18:12:43'),
(15, 'DIAMOND TRUST BANK LTD.', '63', 1, '2017-04-21 18:12:43', '2017-04-21 18:12:43'),
(16, 'DUBAI BANK LTD.', '20', 1, '2017-04-21 18:12:43', '2017-04-21 18:12:43'),
(17, 'ECOBANK LTD.', '43', 1, '2017-04-21 18:12:43', '2017-04-21 18:12:43'),
(18, 'EQUATORAL COMMERCIAL BANK LTD.', '49', 1, '2017-04-21 18:12:43', '2017-04-21 18:12:43'),
(19, 'EQUITY BANK LTD.', '68', 1, '2017-04-21 18:12:43', '2017-04-21 18:12:43'),
(20, 'FAMILY BANK LTD.', '70', 1, '2017-04-21 18:12:43', '2017-04-21 18:12:43'),
(21, 'FAULU KENYA', '0', 1, '2017-04-21 18:12:43', '2017-04-21 18:12:43'),
(22, 'FINA BANK LTD.', '0', 1, '2017-04-21 18:12:43', '2017-04-21 18:12:43'),
(23, 'FIRST COMMUNITY BANK LTD.', '74', 1, '2017-04-21 18:12:43', '2017-04-21 18:12:43'),
(24, 'GIRO COMMERCIAL BANK LTD.', '42', 1, '2017-04-21 18:12:43', '2017-04-21 18:12:43'),
(25, 'GUARDIAN BANK LTD.', '55', 1, '2017-04-21 18:12:43', '2017-04-21 18:12:43'),
(26, 'GUARANTY TRUST BANK (KENYA) LTD.', '53', 1, '2017-04-21 18:12:43', '2017-04-21 18:12:43'),
(27, 'GULF AFRICAN BANK', '72', 1, '2017-04-21 18:12:43', '2017-04-21 18:12:43'),
(28, 'HABIB BANK A.G. ZURICH', '17', 1, '2017-04-21 18:12:43', '2017-04-21 18:12:43'),
(29, 'HABIB BANK LTD.', '8', 1, '2017-04-21 18:12:43', '2017-04-21 18:12:43'),
(30, 'HOUSING FINANCE.', '61', 1, '2017-04-21 18:12:43', '2017-04-21 18:12:43'),
(31, 'I&M BANK LTD.', '57', 1, '2017-04-21 18:12:43', '2017-04-21 18:12:43'),
(32, 'IMPERIAL BANK LTD.', '39', 1, '2017-04-21 18:12:43', '2017-04-21 18:12:43'),
(33, 'JAMII BORA BANK LTD.', '51', 1, '2017-04-21 18:12:43', '2017-04-21 18:12:43'),
(34, 'KENYA COMMERCIALIAL BANK LTD.', '1', 1, '2017-04-21 18:12:43', '2017-04-21 18:12:43'),
(35, 'KENYA WOMEN MICROFINANCE BANK LTD.', '0', 1, '2017-04-21 18:12:43', '2017-04-21 18:12:43'),
(36, 'K-REP BANK LTD.', '66', 1, '2017-04-21 18:12:43', '2017-04-21 18:12:43'),
(37, 'MIDDLE EAST BANK (K) LTD.', '18', 1, '2017-04-21 18:12:44', '2017-04-21 18:12:44'),
(38, 'NATIONAL BANK ', '12', 1, '2017-04-21 18:12:44', '2017-04-21 18:12:44'),
(39, 'NIC BANK LTD.', '41', 1, '2017-04-21 18:12:44', '2017-04-21 18:12:44'),
(40, 'ORIENTAL COMMERCIAL BANK LTD.', '14', 1, '2017-04-21 18:12:44', '2017-04-21 18:12:44'),
(41, 'PARAMAOUNT UNIVERSAL BANK LTD.', '50', 1, '2017-04-21 18:12:44', '2017-04-21 18:12:44'),
(42, 'PRIME BANK LTD.', '10', 1, '2017-04-21 18:12:44', '2017-04-21 18:12:44'),
(43, 'POST BANK.', '0', 1, '2017-04-21 18:12:44', '2017-04-21 18:12:44'),
(44, 'STANDARD CHARTERED BANK (K) LTD.', '2', 1, '2017-04-21 18:12:44', '2017-04-21 18:12:44'),
(45, 'TRANS-NATIONAL BANK LTD.', '26', 1, '2017-04-21 18:12:44', '2017-04-21 18:12:44'),
(46, 'UBA BANK', '76', 1, '2017-04-21 18:12:44', '2017-04-21 18:12:44'),
(47, 'VICTORIA COMMERCIAL BANK LTD.', '54', 1, '2017-04-21 18:12:44', '2017-04-21 18:12:44'),
(48, ' FIDELITY COMMERCIAL BANK ', '60', 1, '2017-04-21 18:12:44', '2017-04-21 18:12:44'),
(49, ' CHARTERHOUSE BANK LTD ', '64', 1, '2017-04-21 18:12:44', '2017-04-21 18:12:44');

-- --------------------------------------------------------

--
-- Table structure for table `bank_accounts`
--

CREATE TABLE `bank_accounts` (
  `id` int(10) UNSIGNED NOT NULL,
  `bank_name` varchar(100) COLLATE utf8_unicode_ci NOT NULL,
  `account_name` varchar(100) COLLATE utf8_unicode_ci NOT NULL,
  `account_number` varchar(20) COLLATE utf8_unicode_ci NOT NULL,
  `created_at` timestamp NOT NULL DEFAULT '0000-00-00 00:00:00',
  `updated_at` timestamp NOT NULL DEFAULT '0000-00-00 00:00:00'
) ENGINE=InnoDB DEFAULT CHARSET=utf8 COLLATE=utf8_unicode_ci;

--
-- Dumping data for table `bank_accounts`
--

INSERT INTO `bank_accounts` (`id`, `bank_name`, `account_name`, `account_number`, `created_at`, `updated_at`) VALUES
(1, 'Stanchart', 'Nedam Services Limited', '0102028974100', '2017-04-27 17:08:54', '2017-04-27 17:08:54');

-- --------------------------------------------------------

--
-- Table structure for table `bank_branches`
--

CREATE TABLE `bank_branches` (
  `id` int(10) UNSIGNED NOT NULL,
  `branch_code` varchar(30) COLLATE utf8_unicode_ci DEFAULT NULL,
  `bank_branch_name` varchar(255) COLLATE utf8_unicode_ci NOT NULL,
  `bank_id` varchar(255) COLLATE utf8_unicode_ci NOT NULL,
  `organization_id` int(10) UNSIGNED DEFAULT '0',
  `created_at` timestamp NOT NULL DEFAULT '0000-00-00 00:00:00',
  `updated_at` timestamp NOT NULL DEFAULT '0000-00-00 00:00:00'
) ENGINE=InnoDB DEFAULT CHARSET=utf8 COLLATE=utf8_unicode_ci;

--
-- Dumping data for table `bank_branches`
--

INSERT INTO `bank_branches` (`id`, `branch_code`, `bank_branch_name`, `bank_id`, `organization_id`, `created_at`, `updated_at`) VALUES
(1, '0', 'Head Office/koinange St.', '1', 1, '2017-04-21 18:21:45', '2017-04-21 18:21:45'),
(2, '1', 'Westlands', '1', 1, '2017-04-21 18:21:45', '2017-04-21 18:21:45'),
(3, '2', 'Industrial Area Branch', '1', 1, '2017-04-21 18:21:45', '2017-04-21 18:21:45'),
(4, '3', 'Nkrumah Road Branch/mombasa', '1', 1, '2017-04-21 18:21:45', '2017-04-21 18:21:45'),
(5, '4', 'Kisumu Branch', '1', 1, '2017-04-21 18:21:45', '2017-04-21 18:21:45'),
(6, '5', 'Eldoret Branch', '1', 1, '2017-04-21 18:21:45', '2017-04-21 18:21:45'),
(7, '6', 'Meru Branch', '1', 1, '2017-04-21 18:21:45', '2017-04-21 18:21:45'),
(8, '7', 'Libra House', '1', 1, '2017-04-21 18:21:45', '2017-04-21 18:21:45'),
(9, '8', 'Nakuru', '1', 1, '2017-04-21 18:21:45', '2017-04-21 18:21:45'),
(10, '9', 'Lamu', '1', 1, '2017-04-21 18:21:45', '2017-04-21 18:21:45'),
(11, '0', 'Reinsurance Plaza Nairobi', '2', 1, '2017-04-21 18:21:45', '2017-04-21 18:21:45'),
(12, '1', 'Mombasa', '2', 1, '2017-04-21 18:21:45', '2017-04-21 18:21:45'),
(13, '2', 'Westlands', '2', 1, '2017-04-21 18:21:45', '2017-04-21 18:21:45'),
(14, '3', 'Uhuru Highway', '2', 1, '2017-04-21 18:21:45', '2017-04-21 18:21:45'),
(15, '4', 'River Road', '2', 1, '2017-04-21 18:21:45', '2017-04-21 18:21:45'),
(16, '5', 'Thika', '2', 1, '2017-04-21 18:21:45', '2017-04-21 18:21:45'),
(17, '6', 'Kisumu', '2', 1, '2017-04-21 18:21:46', '2017-04-21 18:21:46'),
(18, '7', 'Ruaraka', '2', 1, '2017-04-21 18:21:46', '2017-04-21 18:21:46'),
(19, '8', 'Monrovia Street', '2', 1, '2017-04-21 18:21:46', '2017-04-21 18:21:46'),
(20, '9', 'Nakuru', '2', 1, '2017-04-21 18:21:46', '2017-04-21 18:21:46'),
(21, '10', 'Ngong Road', '2', 1, '2017-04-21 18:21:46', '2017-04-21 18:21:46'),
(22, '11', 'Eldoret', '2', 1, '2017-04-21 18:21:46', '2017-04-21 18:21:46'),
(23, '12', 'Embakasi', '2', 1, '2017-04-21 18:21:46', '2017-04-21 18:21:46'),
(24, '13', 'Kericho', '2', 1, '2017-04-21 18:21:46', '2017-04-21 18:21:46'),
(25, '14', 'Ongata Rongai', '2', 1, '2017-04-21 18:21:46', '2017-04-21 18:21:46'),
(26, '15', 'Changamwe', '2', 1, '2017-04-21 18:21:46', '2017-04-21 18:21:46'),
(27, '16', 'Bungoma', '2', 1, '2017-04-21 18:21:46', '2017-04-21 18:21:46'),
(28, '17', 'KISII', '2', 1, '2017-04-21 18:21:46', '2017-04-21 18:21:46'),
(29, '18', 'MERU', '2', 1, '2017-04-21 18:21:46', '2017-04-21 18:21:46'),
(30, '19', 'Kitengela', '2', 1, '2017-04-21 18:21:46', '2017-04-21 18:21:46'),
(31, '20', 'Nyali', '2', 1, '2017-04-21 18:21:46', '2017-04-21 18:21:46'),
(32, '21', 'Galleria', '2', 1, '2017-04-21 18:21:46', '2017-04-21 18:21:46'),
(33, '22', 'Greenspan Mall', '2', 1, '2017-04-21 18:21:46', '2017-04-21 18:21:46'),
(34, '23', 'Upper Hilll', '2', 1, '2017-04-21 18:21:46', '2017-04-21 18:21:46'),
(35, '24', 'Nanyuki', '2', 1, '2017-04-21 18:21:46', '2017-04-21 18:21:46'),
(36, '25', 'Lunga Lunga Road', '2', 1, '2017-04-21 18:21:46', '2017-04-21 18:21:46'),
(37, '26', 'Kenyatta Avenue', '2', 1, '2017-04-21 18:21:46', '2017-04-21 18:21:46'),
(38, '27', 'Sameer Business Park', '2', 1, '2017-04-21 18:21:46', '2017-04-21 18:21:46'),
(39, '28', 'Moi Avenue, Mombasa', '2', 1, '2017-04-21 18:21:46', '2017-04-21 18:21:46'),
(40, '29', 'Ongata Rongai II', '2', 1, '2017-04-21 18:21:46', '2017-04-21 18:21:46'),
(41, '30', 'Gikomba', '2', 1, '2017-04-21 18:21:46', '2017-04-21 18:21:46'),
(42, '31', 'Githurai', '2', 1, '2017-04-21 18:21:46', '2017-04-21 18:21:46'),
(43, '32', 'Embu', '2', 1, '2017-04-21 18:21:46', '2017-04-21 18:21:46'),
(44, '33', 'Gateway Mall', '2', 1, '2017-04-21 18:21:46', '2017-04-21 18:21:46'),
(45, '34', 'Kitale', '2', 1, '2017-04-21 18:21:46', '2017-04-21 18:21:46'),
(46, '35', 'South B', '2', 1, '2017-04-21 18:21:46', '2017-04-21 18:21:46'),
(47, '36', 'Digo Road', '2', 1, '2017-04-21 18:21:46', '2017-04-21 18:21:46'),
(48, '0', 'Nairobi Main', '3', 1, '2017-04-21 18:21:46', '2017-04-21 18:21:46'),
(49, '2', 'Digo Road, Mombasa', '3', 1, '2017-04-21 18:21:46', '2017-04-21 18:21:46'),
(50, '4', 'Thika', '3', 1, '2017-04-21 18:21:46', '2017-04-21 18:21:46'),
(51, '5', 'Kisumu ', '3', 1, '2017-04-21 18:21:46', '2017-04-21 18:21:46'),
(52, '6', 'Sarit Centre ', '3', 1, '2017-04-21 18:21:46', '2017-04-21 18:21:46'),
(53, '7', 'Industrial Area', '3', 1, '2017-04-21 18:21:46', '2017-04-21 18:21:46'),
(54, '8', 'Eldoret', '3', 1, '2017-04-21 18:21:46', '2017-04-21 18:21:46'),
(55, '9', 'Nakuru', '3', 1, '2017-04-21 18:21:46', '2017-04-21 18:21:46'),
(56, '10', 'Kakamega', '3', 1, '2017-04-21 18:21:46', '2017-04-21 18:21:46'),
(57, '11', 'Nyali Mombasa', '3', 1, '2017-04-21 18:21:46', '2017-04-21 18:21:46'),
(58, '0', 'Kenyatta Avenue , Nairobi', '4', 1, '2017-04-21 18:21:46', '2017-04-21 18:21:46'),
(59, '1', 'Nkrumah Road , Mombasa', '4', 1, '2017-04-21 18:21:46', '2017-04-21 18:21:46'),
(60, '2', 'Industrial Area', '4', 1, '2017-04-21 18:21:46', '2017-04-21 18:21:46'),
(61, '3', 'Westlands', '4', 1, '2017-04-21 18:21:46', '2017-04-21 18:21:46'),
(62, '4', 'Kisumu', '4', 1, '2017-04-21 18:21:46', '2017-04-21 18:21:46'),
(63, '5', 'Eldoret', '4', 1, '2017-04-21 18:21:46', '2017-04-21 18:21:46'),
(64, '1', 'Head Office - Vpc', '5', 1, '2017-04-21 18:21:46', '2017-04-21 18:21:46'),
(65, '2', 'Kapsabet Branch', '5', 1, '2017-04-21 18:21:46', '2017-04-21 18:21:46'),
(66, '3', 'Eldoret Branch', '5', 1, '2017-04-21 18:21:46', '2017-04-21 18:21:46'),
(67, '4', 'Embu Branch', '5', 1, '2017-04-21 18:21:46', '2017-04-21 18:21:46'),
(68, '5', 'Murang A Branch', '5', 1, '2017-04-21 18:21:46', '2017-04-21 18:21:46'),
(69, '6', 'Kapenguria Branch', '5', 1, '2017-04-21 18:21:46', '2017-04-21 18:21:46'),
(70, '7', 'Kericho Branch', '5', 1, '2017-04-21 18:21:46', '2017-04-21 18:21:46'),
(71, '8', 'Kisii Branch', '5', 1, '2017-04-21 18:21:46', '2017-04-21 18:21:46'),
(72, '9', 'Kisumu Branch', '5', 1, '2017-04-21 18:21:46', '2017-04-21 18:21:46'),
(73, '10', 'South C Branch', '5', 1, '2017-04-21 18:21:46', '2017-04-21 18:21:46'),
(74, '11', 'Limuru Branch', '5', 1, '2017-04-21 18:21:46', '2017-04-21 18:21:46'),
(75, '12', 'Malindi Branch', '5', 1, '2017-04-21 18:21:46', '2017-04-21 18:21:46'),
(76, '13', 'Meru Branch', '5', 1, '2017-04-21 18:21:46', '2017-04-21 18:21:46'),
(77, '14', 'Eastleigh Branch', '5', 1, '2017-04-21 18:21:46', '2017-04-21 18:21:46'),
(78, '15', 'Kitui Branch', '5', 1, '2017-04-21 18:21:46', '2017-04-21 18:21:46'),
(79, '16', 'Nkrumah Road Branch', '5', 1, '2017-04-21 18:21:46', '2017-04-21 18:21:46'),
(80, '17', 'Garissa Branch', '5', 1, '2017-04-21 18:21:47', '2017-04-21 18:21:47'),
(81, '18', 'Nyamira Branch', '5', 1, '2017-04-21 18:21:47', '2017-04-21 18:21:47'),
(82, '19', 'Kilifi Branch', '5', 1, '2017-04-21 18:21:47', '2017-04-21 18:21:47'),
(83, '20', 'Office Park Westlands', '5', 1, '2017-04-21 18:21:47', '2017-04-21 18:21:47'),
(84, '21', 'Barclaycard Operations', '5', 1, '2017-04-21 18:21:47', '2017-04-21 18:21:47'),
(85, '22', 'Paymants And International Services', '5', 1, '2017-04-21 18:21:47', '2017-04-21 18:21:47'),
(86, '23', 'Gilgil Branch', '5', 1, '2017-04-21 18:21:47', '2017-04-21 18:21:47'),
(87, '24', 'Thika Road Mall', '5', 1, '2017-04-21 18:21:47', '2017-04-21 18:21:47'),
(88, '26', 'Kakamega Branch', '5', 1, '2017-04-21 18:21:47', '2017-04-21 18:21:47'),
(89, '27', 'Nakuru East', '5', 1, '2017-04-21 18:21:47', '2017-04-21 18:21:47'),
(90, '28', 'Buruburu', '5', 1, '2017-04-21 18:21:47', '2017-04-21 18:21:47'),
(91, '29', 'Bomet', '5', 1, '2017-04-21 18:21:47', '2017-04-21 18:21:47'),
(92, '30', 'Nyeri Branch', '5', 1, '2017-04-21 18:21:47', '2017-04-21 18:21:47'),
(93, '31', 'Thika Branch', '5', 1, '2017-04-21 18:21:47', '2017-04-21 18:21:47'),
(94, '32', 'Port Mombasa', '5', 1, '2017-04-21 18:21:47', '2017-04-21 18:21:47'),
(95, '33', 'Gikomba', '5', 1, '2017-04-21 18:21:47', '2017-04-21 18:21:47'),
(96, '34', 'Kawangware', '5', 1, '2017-04-21 18:21:47', '2017-04-21 18:21:47'),
(97, '35', 'Mbale', '5', 1, '2017-04-21 18:21:47', '2017-04-21 18:21:47'),
(98, '36', 'Plaza Premier Centre', '5', 1, '2017-04-21 18:21:47', '2017-04-21 18:21:47'),
(99, '37', 'River Road Branch', '5', 1, '2017-04-21 18:21:47', '2017-04-21 18:21:47'),
(100, '38', 'Chomba House-river Road', '5', 1, '2017-04-21 18:21:47', '2017-04-21 18:21:47'),
(101, '39', 'Mumias Branch', '5', 1, '2017-04-21 18:21:47', '2017-04-21 18:21:47'),
(102, '40', 'Machakos Branch', '5', 1, '2017-04-21 18:21:47', '2017-04-21 18:21:47'),
(103, '41', 'Narok Branch', '5', 1, '2017-04-21 18:21:47', '2017-04-21 18:21:47'),
(104, '42', 'Isiolo Branch', '5', 1, '2017-04-21 18:21:47', '2017-04-21 18:21:47'),
(105, '43', 'Ngong Branch', '5', 1, '2017-04-21 18:21:47', '2017-04-21 18:21:47'),
(106, '44', 'Maua Branch', '5', 1, '2017-04-21 18:21:47', '2017-04-21 18:21:47'),
(107, '45', 'Hurlingham Branch', '5', 1, '2017-04-21 18:21:47', '2017-04-21 18:21:47'),
(108, '46', 'Makupa Branch', '5', 1, '2017-04-21 18:21:47', '2017-04-21 18:21:47'),
(109, '47', 'Development House Branch', '5', 1, '2017-04-21 18:21:47', '2017-04-21 18:21:47'),
(110, '48', 'Bungoma', '5', 1, '2017-04-21 18:21:47', '2017-04-21 18:21:47'),
(111, '49', 'Lavington Branch', '5', 1, '2017-04-21 18:21:47', '2017-04-21 18:21:47'),
(112, '50', 'Tala', '5', 1, '2017-04-21 18:21:47', '2017-04-21 18:21:47'),
(113, '51', 'Homa Bay Branch', '5', 1, '2017-04-21 18:21:47', '2017-04-21 18:21:47'),
(114, '52', 'Ongata Rongai Branch', '5', 1, '2017-04-21 18:21:47', '2017-04-21 18:21:47'),
(115, '53', 'Othaya Branch', '5', 1, '2017-04-21 18:21:47', '2017-04-21 18:21:47'),
(116, '54', 'Voi Branch', '5', 1, '2017-04-21 18:21:47', '2017-04-21 18:21:47'),
(117, '55', 'Muthaiga Branch', '5', 1, '2017-04-21 18:21:47', '2017-04-21 18:21:47'),
(118, '56', 'Barclays Advisory And Reg. Services', '5', 1, '2017-04-21 18:21:47', '2017-04-21 18:21:47'),
(119, '57', 'Githunguri Branch', '5', 1, '2017-04-21 18:21:47', '2017-04-21 18:21:47'),
(120, '58', 'Webuye Branch', '5', 1, '2017-04-21 18:21:47', '2017-04-21 18:21:47'),
(121, '59', 'Kasarani Branch', '5', 1, '2017-04-21 18:21:47', '2017-04-21 18:21:47'),
(122, '60', 'Chuka Branch', '5', 1, '2017-04-21 18:21:47', '2017-04-21 18:21:47'),
(123, '61', 'Nakumatt-westgate Branch', '5', 1, '2017-04-21 18:21:47', '2017-04-21 18:21:47'),
(124, '62', 'Kabarnet Branch', '5', 1, '2017-04-21 18:21:47', '2017-04-21 18:21:47'),
(125, '63', 'Kerugoya Branch', '5', 1, '2017-04-21 18:21:47', '2017-04-21 18:21:47'),
(126, '64', 'Taveta Branch', '5', 1, '2017-04-21 18:21:47', '2017-04-21 18:21:47'),
(127, '65', 'Karen Branch', '5', 1, '2017-04-21 18:21:47', '2017-04-21 18:21:47'),
(128, '66', 'Wundanyi Branch', '5', 1, '2017-04-21 18:21:47', '2017-04-21 18:21:47'),
(129, '67', 'Ruaraka Branch', '5', 1, '2017-04-21 18:21:47', '2017-04-21 18:21:47'),
(130, '68', 'Pamoja Branch', '5', 1, '2017-04-21 18:21:47', '2017-04-21 18:21:47'),
(131, '69', 'Wote Branch', '5', 1, '2017-04-21 18:21:47', '2017-04-21 18:21:47'),
(132, '70', 'Enterprise Road Branch', '5', 1, '2017-04-21 18:21:47', '2017-04-21 18:21:47'),
(133, '71', 'Nakumatt Meru Branch', '5', 1, '2017-04-21 18:21:47', '2017-04-21 18:21:47'),
(134, '72', 'Juja Branch', '5', 1, '2017-04-21 18:21:47', '2017-04-21 18:21:47'),
(135, '73', 'Westlands Branch', '5', 1, '2017-04-21 18:21:47', '2017-04-21 18:21:47'),
(136, '74', 'Kikuyu Branch', '5', 1, '2017-04-21 18:21:47', '2017-04-21 18:21:47'),
(137, '75', 'Moi Avenue-nairobi Branch', '5', 1, '2017-04-21 18:21:47', '2017-04-21 18:21:47'),
(138, '76', 'Kenyatta Avenue', '5', 1, '2017-04-21 18:21:47', '2017-04-21 18:21:47'),
(139, '77', 'Barcalys Plaza Corporate Service Centre', '5', 1, '2017-04-21 18:21:47', '2017-04-21 18:21:47'),
(140, '78', 'Kiriaini Branch', '5', 1, '2017-04-21 18:21:47', '2017-04-21 18:21:47'),
(141, '79', 'Butere Road Branch', '5', 1, '2017-04-21 18:21:47', '2017-04-21 18:21:47'),
(142, '80', 'Migori Branch', '5', 1, '2017-04-21 18:21:47', '2017-04-21 18:21:47'),
(143, '81', 'Digo Branch', '5', 1, '2017-04-21 18:21:47', '2017-04-21 18:21:47'),
(144, '82', 'Haile Selassie Avenue Branch', '5', 1, '2017-04-21 18:21:47', '2017-04-21 18:21:47'),
(145, '83', 'Nairobi University Branch', '5', 1, '2017-04-21 18:21:47', '2017-04-21 18:21:47'),
(146, '84', 'Bunyala Road', '5', 1, '2017-04-21 18:21:48', '2017-04-21 18:21:48'),
(147, '86', 'Nairobi West Branch', '5', 1, '2017-04-21 18:21:48', '2017-04-21 18:21:48'),
(148, '87', 'Parklands', '5', 1, '2017-04-21 18:21:48', '2017-04-21 18:21:48'),
(149, '88', 'Busia', '5', 1, '2017-04-21 18:21:48', '2017-04-21 18:21:48'),
(150, '89', 'Pangani Branch', '5', 1, '2017-04-21 18:21:48', '2017-04-21 18:21:48'),
(151, '90', 'Abc Premier Life Centre', '5', 1, '2017-04-21 18:21:48', '2017-04-21 18:21:48'),
(152, '93', 'Kariobangi Branch', '5', 1, '2017-04-21 18:21:48', '2017-04-21 18:21:48'),
(153, '94', 'Queensway House Branch', '5', 1, '2017-04-21 18:21:48', '2017-04-21 18:21:48'),
(154, '95', 'Nakumatt Embakasi Branch', '5', 1, '2017-04-21 18:21:48', '2017-04-21 18:21:48'),
(155, '96', 'Barclays Merchant Finance Ltd.', '5', 1, '2017-04-21 18:21:48', '2017-04-21 18:21:48'),
(156, '97', 'Barclays Securities Services (k', '5', 1, '2017-04-21 18:21:48', '2017-04-21 18:21:48'),
(157, '100', 'Diani Branch', '5', 1, '2017-04-21 18:21:48', '2017-04-21 18:21:48'),
(158, '103', 'Nairobi J.k.i.a Branch', '5', 1, '2017-04-21 18:21:48', '2017-04-21 18:21:48'),
(159, '105', 'Village Market - Premier Life Centre', '5', 1, '2017-04-21 18:21:48', '2017-04-21 18:21:48'),
(160, '106', 'Sarit Centre - Premier Life Centre', '5', 1, '2017-04-21 18:21:48', '2017-04-21 18:21:48'),
(161, '109', 'Yaya Centre- Premier Life Centre', '5', 1, '2017-04-21 18:21:48', '2017-04-21 18:21:48'),
(162, '111', 'Naivasha Branch', '5', 1, '2017-04-21 18:21:48', '2017-04-21 18:21:48'),
(163, '113', 'Market Branch', '5', 1, '2017-04-21 18:21:48', '2017-04-21 18:21:48'),
(164, '114', 'Changamwe Branch', '5', 1, '2017-04-21 18:21:48', '2017-04-21 18:21:48'),
(165, '117', 'Rahimtulla Trust Towers - Premier Life Centre', '5', 1, '2017-04-21 18:21:48', '2017-04-21 18:21:48'),
(166, '125', 'Nakuru West Branch', '5', 1, '2017-04-21 18:21:48', '2017-04-21 18:21:48'),
(167, '128', 'Bamburi Branch', '5', 1, '2017-04-21 18:21:48', '2017-04-21 18:21:48'),
(168, '130', 'Harambee Ave - Premier Life Centre', '5', 1, '2017-04-21 18:21:48', '2017-04-21 18:21:48'),
(169, '132', 'Kitale Branch', '5', 1, '2017-04-21 18:21:48', '2017-04-21 18:21:48'),
(170, '139', 'Nyahururu Branch', '5', 1, '2017-04-21 18:21:48', '2017-04-21 18:21:48'),
(171, '144', 'Treasury Operations', '5', 1, '2017-04-21 18:21:48', '2017-04-21 18:21:48'),
(172, '145', 'Moi Avenue Mombasa - Premier Life Centre', '5', 1, '2017-04-21 18:21:48', '2017-04-21 18:21:48'),
(173, '151', 'Cash Monitoring Unit', '5', 1, '2017-04-21 18:21:48', '2017-04-21 18:21:48'),
(174, '190', 'Nanyuki Branch', '5', 1, '2017-04-21 18:21:48', '2017-04-21 18:21:48'),
(175, '206', 'Karatina Branch', '5', 1, '2017-04-21 18:21:48', '2017-04-21 18:21:48'),
(176, '220', 'Mombasa Nyerere Ave - Premier Life Centre', '5', 1, '2017-04-21 18:21:48', '2017-04-21 18:21:48'),
(177, '273', 'Consumer Operations', '5', 1, '2017-04-21 18:21:48', '2017-04-21 18:21:48'),
(178, '300', 'Finance Department', '5', 1, '2017-04-21 18:21:48', '2017-04-21 18:21:48'),
(179, '337', 'Documents And Securities Dsc', '5', 1, '2017-04-21 18:21:48', '2017-04-21 18:21:48'),
(180, '340', 'Retail Credit Team', '5', 1, '2017-04-21 18:21:48', '2017-04-21 18:21:48'),
(181, '354', 'Credit Operations', '5', 1, '2017-04-21 18:21:48', '2017-04-21 18:21:48'),
(182, '400', 'Head office', '5', 1, '2017-04-21 18:21:48', '2017-04-21 18:21:48'),
(183, '138', 'Malindi - Premier Life Centre', '5', 1, '2017-04-21 18:21:48', '2017-04-21 18:21:48'),
(184, '139', 'Nyahururu Branch', '5', 1, '2017-04-21 18:21:48', '2017-04-21 18:21:48'),
(185, '142', 'Nakuru West - Premier Life Centre', '5', 1, '2017-04-21 18:21:48', '2017-04-21 18:21:48'),
(186, '144', 'Treasury Operations', '5', 1, '2017-04-21 18:21:48', '2017-04-21 18:21:48'),
(187, '145', 'Moi Avenue Mombasa - Premier Life Centre', '5', 1, '2017-04-21 18:21:48', '2017-04-21 18:21:48'),
(188, '146', 'Karen - Premier Life Center', '5', 1, '2017-04-21 18:21:48', '2017-04-21 18:21:48'),
(189, '148', 'Muthaiga Premier', '5', 1, '2017-04-21 18:21:48', '2017-04-21 18:21:48'),
(190, '151', 'Cash Monitoring Unit', '5', 1, '2017-04-21 18:21:48', '2017-04-21 18:21:48'),
(191, '156', 'Nakuru Local Business Club', '5', 1, '2017-04-21 18:21:48', '2017-04-21 18:21:48'),
(192, '158', 'Queensway Business Suite', '5', 1, '2017-04-21 18:21:48', '2017-04-21 18:21:48'),
(193, '159', 'Digo Prestige', '5', 1, '2017-04-21 18:21:48', '2017-04-21 18:21:48'),
(194, '162', 'Nkrumah Road Corporate Service Centre', '5', 1, '2017-04-21 18:21:48', '2017-04-21 18:21:48'),
(195, '165', 'Queensway Premier', '5', 1, '2017-04-21 18:21:49', '2017-04-21 18:21:49'),
(196, '179', 'Westgate Premier', '5', 1, '2017-04-21 18:21:49', '2017-04-21 18:21:49'),
(197, '190', 'Nanyuki Branch', '5', 1, '2017-04-21 18:21:49', '2017-04-21 18:21:49'),
(198, '206', 'Karatina Branch', '5', 1, '2017-04-21 18:21:49', '2017-04-21 18:21:49'),
(199, '208', 'Plaza Premier Life Centre', '5', 1, '2017-04-21 18:21:49', '2017-04-21 18:21:49'),
(200, '220', 'Mombasa Nyerere Ave - Premier Life Centre', '5', 1, '2017-04-21 18:21:49', '2017-04-21 18:21:49'),
(201, '273', 'Consumer Operations', '5', 1, '2017-04-21 18:21:49', '2017-04-21 18:21:49'),
(202, '287', 'Corporate Credit Team', '5', 1, '2017-04-21 18:21:49', '2017-04-21 18:21:49'),
(203, '290', 'Barclays Business Support Bbs', '5', 1, '2017-04-21 18:21:49', '2017-04-21 18:21:49'),
(204, '300', 'Finance Department', '5', 1, '2017-04-21 18:21:49', '2017-04-21 18:21:49'),
(205, '323', 'Tba', '5', 1, '2017-04-21 18:21:49', '2017-04-21 18:21:49'),
(206, '337', 'Documents And Securities Dsc', '5', 1, '2017-04-21 18:21:49', '2017-04-21 18:21:49'),
(207, '340', 'Retail Credit Team', '5', 1, '2017-04-21 18:21:49', '2017-04-21 18:21:49'),
(208, '354', 'Credit Operations', '5', 1, '2017-04-21 18:21:49', '2017-04-21 18:21:49'),
(209, '400', 'Head office', '5', 1, '2017-04-21 18:21:49', '2017-04-21 18:21:49'),
(210, '0', 'Head Office', '6', 1, '2017-04-21 18:21:49', '2017-04-21 18:21:49'),
(211, '1', 'Head Office', '6', 1, '2017-04-21 18:21:49', '2017-04-21 18:21:49'),
(212, '2', 'Mombasa', '6', 1, '2017-04-21 18:21:49', '2017-04-21 18:21:49'),
(213, '3', 'Kisumu', '6', 1, '2017-04-21 18:21:49', '2017-04-21 18:21:49'),
(214, '4', 'Eldoret', '6', 1, '2017-04-21 18:21:49', '2017-04-21 18:21:49'),
(215, '0', 'CFC Stanbic Head Office', '7', 1, '2017-04-21 18:21:49', '2017-04-21 18:21:49'),
(216, '2', 'Kenyatta Ave', '7', 1, '2017-04-21 18:21:49', '2017-04-21 18:21:49'),
(217, '3', 'Digo road', '7', 1, '2017-04-21 18:21:49', '2017-04-21 18:21:49'),
(218, '4', 'Waiyaki Way', '7', 1, '2017-04-21 18:21:49', '2017-04-21 18:21:49'),
(219, '5', 'Industrial Area', '7', 1, '2017-04-21 18:21:49', '2017-04-21 18:21:49'),
(220, '6', 'Harambee Avenue', '7', 1, '2017-04-21 18:21:49', '2017-04-21 18:21:49'),
(221, '7', 'Chiromo Road', '7', 1, '2017-04-21 18:21:49', '2017-04-21 18:21:49'),
(222, '8', 'International House', '7', 1, '2017-04-21 18:21:49', '2017-04-21 18:21:49'),
(223, '10', 'Upper Hill', '7', 1, '2017-04-21 18:21:49', '2017-04-21 18:21:49'),
(224, '11', 'Naivasha', '7', 1, '2017-04-21 18:21:49', '2017-04-21 18:21:49'),
(225, '12', 'Wesgate', '7', 1, '2017-04-21 18:21:49', '2017-04-21 18:21:49'),
(226, '13', 'Kisumu', '7', 1, '2017-04-21 18:21:49', '2017-04-21 18:21:49'),
(227, '14', 'Nakuru', '7', 1, '2017-04-21 18:21:49', '2017-04-21 18:21:49'),
(228, '15', 'Thika', '7', 1, '2017-04-21 18:21:49', '2017-04-21 18:21:49'),
(229, '17', 'Nanyuki', '7', 1, '2017-04-21 18:21:49', '2017-04-21 18:21:49'),
(230, '18', 'Meru', '7', 1, '2017-04-21 18:21:49', '2017-04-21 18:21:49'),
(231, '19', 'Buruburu', '7', 1, '2017-04-21 18:21:49', '2017-04-21 18:21:49'),
(232, '20', 'Gikomba', '7', 1, '2017-04-21 18:21:49', '2017-04-21 18:21:49'),
(233, '21', 'Garden city', '7', 1, '2017-04-21 18:21:49', '2017-04-21 18:21:49'),
(234, '22', 'ELDORET', '7', 1, '2017-04-21 18:21:49', '2017-04-21 18:21:49'),
(235, '23', 'KAREN', '7', 1, '2017-04-21 18:21:49', '2017-04-21 18:21:49'),
(236, '24', 'Kisii', '7', 1, '2017-04-21 18:21:49', '2017-04-21 18:21:49'),
(237, '25', 'Warwick', '7', 1, '2017-04-21 18:21:49', '2017-04-21 18:21:49'),
(238, '26', 'Private Clients', '7', 1, '2017-04-21 18:21:49', '2017-04-21 18:21:49'),
(239, '27', 'Nyali', '7', 1, '2017-04-21 18:21:49', '2017-04-21 18:21:49'),
(240, '28', 'Malindi', '7', 1, '2017-04-21 18:21:49', '2017-04-21 18:21:49'),
(241, '999', 'Central Processing H/o', '7', 1, '2017-04-21 18:21:49', '2017-04-21 18:21:49'),
(242, '0', 'Head Office', '8', 1, '2017-04-21 18:21:49', '2017-04-21 18:21:49'),
(243, '1', 'City Centre Branch', '8', 1, '2017-04-21 18:21:49', '2017-04-21 18:21:49'),
(244, '3', 'Village Market', '8', 1, '2017-04-21 18:21:49', '2017-04-21 18:21:49'),
(245, '4', 'Mombasa Moi Avenue', '8', 1, '2017-04-21 18:21:49', '2017-04-21 18:21:49'),
(246, '5', 'Hurlingham', '8', 1, '2017-04-21 18:21:49', '2017-04-21 18:21:49'),
(247, '6', 'Eastleigh', '8', 1, '2017-04-21 18:21:49', '2017-04-21 18:21:49'),
(248, '7', 'Parklands', '8', 1, '2017-04-21 18:21:49', '2017-04-21 18:21:49'),
(249, '8', 'Riverside Mews', '8', 1, '2017-04-21 18:21:49', '2017-04-21 18:21:49'),
(250, '10', 'Thika', '8', 1, '2017-04-21 18:21:49', '2017-04-21 18:21:49'),
(251, '11', 'Nakuru', '8', 1, '2017-04-21 18:21:49', '2017-04-21 18:21:49'),
(252, '12', 'Donholm', '8', 1, '2017-04-21 18:21:49', '2017-04-21 18:21:49'),
(253, '13', 'Bondeni Chase Iman', '8', 1, '2017-04-21 18:21:49', '2017-04-21 18:21:49'),
(254, '14', 'Ngara Mini', '8', 1, '2017-04-21 18:21:49', '2017-04-21 18:21:49'),
(255, '15', 'Kisumu', '8', 1, '2017-04-21 18:21:49', '2017-04-21 18:21:49'),
(256, '16', 'Eldoret', '8', 1, '2017-04-21 18:21:49', '2017-04-21 18:21:49'),
(257, '17', 'Diamond Plaza', '8', 1, '2017-04-21 18:21:49', '2017-04-21 18:21:49'),
(258, '18', 'Windsor', '8', 1, '2017-04-21 18:21:49', '2017-04-21 18:21:49'),
(259, '19', 'Malindi', '8', 1, '2017-04-21 18:21:49', '2017-04-21 18:21:49'),
(260, '20', 'Embakasi', '8', 1, '2017-04-21 18:21:50', '2017-04-21 18:21:50'),
(261, '21', 'Upper Hill', '8', 1, '2017-04-21 18:21:50', '2017-04-21 18:21:50'),
(262, '22', 'Nyali', '8', 1, '2017-04-21 18:21:50', '2017-04-21 18:21:50'),
(263, '23', 'Buru Buru', '8', 1, '2017-04-21 18:21:50', '2017-04-21 18:21:50'),
(264, '24', 'Strathmore', '8', 1, '2017-04-21 18:21:50', '2017-04-21 18:21:50'),
(265, '25', 'Kisii', '8', 1, '2017-04-21 18:21:50', '2017-04-21 18:21:50'),
(266, '26', 'Virtual', '8', 1, '2017-04-21 18:21:50', '2017-04-21 18:21:50'),
(267, '27', 'Rafiki DTM Clearing Center', '8', 1, '2017-04-21 18:21:50', '2017-04-21 18:21:50'),
(268, '28', 'Chase Xpress - Ngong Road', '8', 1, '2017-04-21 18:21:50', '2017-04-21 18:21:50'),
(269, '29', 'Chase Elite ABC Place', '8', 1, '2017-04-21 18:21:50', '2017-04-21 18:21:50'),
(270, '30', 'Sameer Business Park', '8', 1, '2017-04-21 18:21:50', '2017-04-21 18:21:50'),
(271, '31', 'Mtwapa', '8', 1, '2017-04-21 18:21:50', '2017-04-21 18:21:50'),
(272, '32', 'Ongata Rongai', '8', 1, '2017-04-21 18:21:50', '2017-04-21 18:21:50'),
(273, '33', 'Westlands', '8', 1, '2017-04-21 18:21:50', '2017-04-21 18:21:50'),
(274, '34', 'Machakos', '8', 1, '2017-04-21 18:21:50', '2017-04-21 18:21:50'),
(275, '35', 'Mombasa Old Town', '8', 1, '2017-04-21 18:21:50', '2017-04-21 18:21:50'),
(276, '36', 'River Road', '8', 1, '2017-04-21 18:21:50', '2017-04-21 18:21:50'),
(277, '37', 'Lunga Lunga', '8', 1, '2017-04-21 18:21:50', '2017-04-21 18:21:50'),
(278, '38', 'Chase Xpress Dagoretti Corner', '8', 1, '2017-04-21 18:21:50', '2017-04-21 18:21:50'),
(279, '39', 'Chase Xpress Madaraka Corner', '8', 1, '2017-04-21 18:21:50', '2017-04-21 18:21:50'),
(280, '40', 'Kitale', '8', 1, '2017-04-21 18:21:50', '2017-04-21 18:21:50'),
(281, '41', 'Kimathi', '8', 1, '2017-04-21 18:21:50', '2017-04-21 18:21:50'),
(282, '42', 'Narok', '8', 1, '2017-04-21 18:21:50', '2017-04-21 18:21:50'),
(283, '43', 'SACCO Processing Centre', '8', 1, '2017-04-21 18:21:50', '2017-04-21 18:21:50'),
(284, '44', 'Garissa', '8', 1, '2017-04-21 18:21:50', '2017-04-21 18:21:50'),
(285, '45', 'KPA', '8', 1, '2017-04-21 18:21:50', '2017-04-21 18:21:50'),
(286, '46', 'Lavington', '8', 1, '2017-04-21 18:21:50', '2017-04-21 18:21:50'),
(287, '47', 'Kericho', '8', 1, '2017-04-21 18:21:50', '2017-04-21 18:21:50'),
(288, '48', 'Karen', '8', 1, '2017-04-21 18:21:50', '2017-04-21 18:21:50'),
(289, '49', 'Kilimani', '8', 1, '2017-04-21 18:21:50', '2017-04-21 18:21:50'),
(290, '50', 'Kasuku Centre', '8', 1, '2017-04-21 18:21:50', '2017-04-21 18:21:50'),
(291, '51', 'Kilifi', '8', 1, '2017-04-21 18:21:50', '2017-04-21 18:21:50'),
(292, '52', 'Kisumu Naivas', '8', 1, '2017-04-21 18:21:50', '2017-04-21 18:21:50'),
(293, '53', 'Ruaka', '8', 1, '2017-04-21 18:21:50', '2017-04-21 18:21:50'),
(294, '54', 'Garden City', '8', 1, '2017-04-21 18:21:50', '2017-04-21 18:21:50'),
(295, '0', 'Head Office , Nairobi', '9', 1, '2017-04-21 18:21:50', '2017-04-21 18:21:50'),
(296, '400', 'Mombasa', '9', 1, '2017-04-21 18:21:50', '2017-04-21 18:21:50'),
(297, '500', 'Gigiri Agency', '9', 1, '2017-04-21 18:21:50', '2017-04-21 18:21:50'),
(298, '700', 'Kisumu', '9', 1, '2017-04-21 18:21:50', '2017-04-21 18:21:50'),
(299, '0', 'Head Office', '10', 1, '2017-04-21 18:21:50', '2017-04-21 18:21:50'),
(300, '1', 'Upper Hill', '10', 1, '2017-04-21 18:21:50', '2017-04-21 18:21:50'),
(301, '2', 'Wabera Street', '10', 1, '2017-04-21 18:21:50', '2017-04-21 18:21:50'),
(302, '3', 'Mama Ngina', '10', 1, '2017-04-21 18:21:50', '2017-04-21 18:21:50'),
(303, '4', 'Westlands Branch', '10', 1, '2017-04-21 18:21:50', '2017-04-21 18:21:50'),
(304, '5', 'Industrial Area', '10', 1, '2017-04-21 18:21:50', '2017-04-21 18:21:50'),
(305, '6', 'Mamlaka', '10', 1, '2017-04-21 18:21:50', '2017-04-21 18:21:50'),
(306, '7', 'Village Market', '10', 1, '2017-04-21 18:21:50', '2017-04-21 18:21:50'),
(307, '8', 'Cargo Centre', '10', 1, '2017-04-21 18:21:50', '2017-04-21 18:21:50'),
(308, '9', 'Park Side', '10', 1, '2017-04-21 18:21:50', '2017-04-21 18:21:50'),
(309, '16', 'Galleria Mall', '10', 1, '2017-04-21 18:21:50', '2017-04-21 18:21:50'),
(310, '17', 'Junction', '10', 1, '2017-04-21 18:21:50', '2017-04-21 18:21:50'),
(311, '18', 'Thika Road Mall', '10', 1, '2017-04-21 18:21:50', '2017-04-21 18:21:50'),
(312, '19', 'Greenspan Mall', '10', 1, '2017-04-21 18:21:50', '2017-04-21 18:21:50'),
(313, '20', 'Moi Avenue Mombasa', '10', 1, '2017-04-21 18:21:50', '2017-04-21 18:21:50'),
(314, '21', 'Meru', '10', 1, '2017-04-21 18:21:50', '2017-04-21 18:21:50'),
(315, '22', 'Nakuru', '10', 1, '2017-04-21 18:21:50', '2017-04-21 18:21:50'),
(316, '23', 'Bamburi', '10', 1, '2017-04-21 18:21:50', '2017-04-21 18:21:50'),
(317, '24', 'Diani', '10', 1, '2017-04-21 18:21:50', '2017-04-21 18:21:50'),
(318, '25', 'Changamwe', '10', 1, '2017-04-21 18:21:50', '2017-04-21 18:21:50'),
(319, '26', 'Eldoret', '10', 1, '2017-04-21 18:21:50', '2017-04-21 18:21:50'),
(320, '27', 'Kisumu', '10', 1, '2017-04-21 18:21:50', '2017-04-21 18:21:50'),
(321, '28', 'Thika', '10', 1, '2017-04-21 18:21:50', '2017-04-21 18:21:50'),
(322, '29', 'Nanyuki', '10', 1, '2017-04-21 18:21:50', '2017-04-21 18:21:50'),
(323, '30', 'Yaya Centre', '10', 1, '2017-04-21 18:21:50', '2017-04-21 18:21:50'),
(324, '31', 'Lavington', '10', 1, '2017-04-21 18:21:50', '2017-04-21 18:21:50'),
(325, '32', 'Machakos', '10', 1, '2017-04-21 18:21:50', '2017-04-21 18:21:50'),
(326, '0', 'Harambee Avenue', '11', 1, '2017-04-21 18:21:50', '2017-04-21 18:21:50'),
(327, '1', 'Muranga', '11', 1, '2017-04-21 18:21:50', '2017-04-21 18:21:50'),
(328, '2', 'Embu', '11', 1, '2017-04-21 18:21:50', '2017-04-21 18:21:50'),
(329, '3', 'Mombasa', '11', 1, '2017-04-21 18:21:50', '2017-04-21 18:21:50'),
(330, '4', 'Koinange Street', '11', 1, '2017-04-21 18:21:50', '2017-04-21 18:21:50'),
(331, '5', 'Thika', '11', 1, '2017-04-21 18:21:50', '2017-04-21 18:21:50'),
(332, '6', 'Meru', '11', 1, '2017-04-21 18:21:50', '2017-04-21 18:21:50'),
(333, '7', 'Nyeri', '11', 1, '2017-04-21 18:21:51', '2017-04-21 18:21:51'),
(334, '8', 'Laare', '11', 1, '2017-04-21 18:21:51', '2017-04-21 18:21:51'),
(335, '9', 'Maua', '11', 1, '2017-04-21 18:21:51', '2017-04-21 18:21:51'),
(336, '10', 'Isiolo', '11', 1, '2017-04-21 18:21:51', '2017-04-21 18:21:51'),
(337, '11', 'Head Office', '11', 1, '2017-04-21 18:21:51', '2017-04-21 18:21:51'),
(338, '12', 'Corporate', '11', 1, '2017-04-21 18:21:51', '2017-04-21 18:21:51'),
(339, '13', 'Umoja', '11', 1, '2017-04-21 18:21:51', '2017-04-21 18:21:51'),
(340, '14', 'River Road', '11', 1, '2017-04-21 18:21:51', '2017-04-21 18:21:51'),
(341, '15', 'Eldoret', '11', 1, '2017-04-21 18:21:51', '2017-04-21 18:21:51'),
(342, '16', 'Nakuru', '11', 1, '2017-04-21 18:21:51', '2017-04-21 18:21:51'),
(343, '17', 'Kitengela', '11', 1, '2017-04-21 18:21:51', '2017-04-21 18:21:51'),
(344, '18', 'Taj Mall', '11', 1, '2017-04-21 18:21:51', '2017-04-21 18:21:51'),
(345, '0', 'Head Office', '12', 1, '2017-04-21 18:21:51', '2017-04-21 18:21:51'),
(346, '1', 'Finance And Accounts', '12', 1, '2017-04-21 18:21:51', '2017-04-21 18:21:51'),
(347, '2', 'Co-op House', '12', 1, '2017-04-21 18:21:51', '2017-04-21 18:21:51'),
(348, '3', 'Kisumu', '12', 1, '2017-04-21 18:21:51', '2017-04-21 18:21:51'),
(349, '4', 'Nkurumah Road', '12', 1, '2017-04-21 18:21:51', '2017-04-21 18:21:51'),
(350, '5', 'Meru', '12', 1, '2017-04-21 18:21:51', '2017-04-21 18:21:51'),
(351, '6', 'Nakuru', '12', 1, '2017-04-21 18:21:51', '2017-04-21 18:21:51'),
(352, '7', 'Industrial Area', '12', 1, '2017-04-21 18:21:51', '2017-04-21 18:21:51'),
(353, '8', 'Kisii', '12', 1, '2017-04-21 18:21:51', '2017-04-21 18:21:51'),
(354, '9', 'Machakos', '12', 1, '2017-04-21 18:21:51', '2017-04-21 18:21:51'),
(355, '10', 'Nyeri', '12', 1, '2017-04-21 18:21:51', '2017-04-21 18:21:51'),
(356, '11', 'Ukulima', '12', 1, '2017-04-21 18:21:51', '2017-04-21 18:21:51'),
(357, '12', 'Kerugoya', '12', 1, '2017-04-21 18:21:51', '2017-04-21 18:21:51'),
(358, '13', 'Eldoret', '12', 1, '2017-04-21 18:21:51', '2017-04-21 18:21:51'),
(359, '14', 'Moi Avenue', '12', 1, '2017-04-21 18:21:51', '2017-04-21 18:21:51'),
(360, '15', 'Naivasha', '12', 1, '2017-04-21 18:21:51', '2017-04-21 18:21:51'),
(361, '17', 'Nyahururu', '12', 1, '2017-04-21 18:21:51', '2017-04-21 18:21:51'),
(362, '18', 'Chuka', '12', 1, '2017-04-21 18:21:51', '2017-04-21 18:21:51'),
(363, '19', 'Wakulima Market', '12', 1, '2017-04-21 18:21:51', '2017-04-21 18:21:51'),
(364, '20', 'Eastleigh', '12', 1, '2017-04-21 18:21:51', '2017-04-21 18:21:51'),
(365, '21', 'Kiambu', '12', 1, '2017-04-21 18:21:51', '2017-04-21 18:21:51'),
(366, '22', 'Homa Bay', '12', 1, '2017-04-21 18:21:51', '2017-04-21 18:21:51'),
(367, '23', 'Embu', '12', 1, '2017-04-21 18:21:51', '2017-04-21 18:21:51'),
(368, '24', 'Kericho', '12', 1, '2017-04-21 18:21:51', '2017-04-21 18:21:51'),
(369, '25', 'Bungoma', '12', 1, '2017-04-21 18:21:51', '2017-04-21 18:21:51'),
(370, '26', 'Muranga', '12', 1, '2017-04-21 18:21:51', '2017-04-21 18:21:51'),
(371, '27', 'Kayole', '12', 1, '2017-04-21 18:21:51', '2017-04-21 18:21:51'),
(372, '28', 'Karatina', '12', 1, '2017-04-21 18:21:52', '2017-04-21 18:21:52'),
(373, '29', 'Ukunda', '12', 1, '2017-04-21 18:21:52', '2017-04-21 18:21:52'),
(374, '30', 'Mtwapa', '12', 1, '2017-04-21 18:21:52', '2017-04-21 18:21:52'),
(375, '31', 'University Way', '12', 1, '2017-04-21 18:21:52', '2017-04-21 18:21:52'),
(376, '32', 'Buru Buru', '12', 1, '2017-04-21 18:21:52', '2017-04-21 18:21:52'),
(377, '33', 'Athi River', '12', 1, '2017-04-21 18:21:52', '2017-04-21 18:21:52'),
(378, '34', 'Mumias', '12', 1, '2017-04-21 18:21:52', '2017-04-21 18:21:52'),
(379, '35', 'Stima Plaza', '12', 1, '2017-04-21 18:21:52', '2017-04-21 18:21:52'),
(380, '36', 'Westlands', '12', 1, '2017-04-21 18:21:52', '2017-04-21 18:21:52'),
(381, '37', 'Upper Hill', '12', 1, '2017-04-21 18:21:52', '2017-04-21 18:21:52'),
(382, '38', 'Ongata Rongai', '12', 1, '2017-04-21 18:21:52', '2017-04-21 18:21:52'),
(383, '39', 'Thika', '12', 1, '2017-04-21 18:21:52', '2017-04-21 18:21:52'),
(384, '40', 'Nacico', '12', 1, '2017-04-21 18:21:52', '2017-04-21 18:21:52'),
(385, '41', 'Kariobangi', '12', 1, '2017-04-21 18:21:52', '2017-04-21 18:21:52'),
(386, '42', 'Kawangware', '12', 1, '2017-04-21 18:21:52', '2017-04-21 18:21:52'),
(387, '43', 'Makutano', '12', 1, '2017-04-21 18:21:52', '2017-04-21 18:21:52'),
(388, '44', 'Canon House', '12', 1, '2017-04-21 18:21:52', '2017-04-21 18:21:52'),
(389, '45', 'Kimathi Street', '12', 1, '2017-04-21 18:21:52', '2017-04-21 18:21:52'),
(390, '46', 'Kitale', '12', 1, '2017-04-21 18:21:52', '2017-04-21 18:21:52'),
(391, '47', 'Githurai', '12', 1, '2017-04-21 18:21:52', '2017-04-21 18:21:52'),
(392, '48', 'Maua', '12', 1, '2017-04-21 18:21:52', '2017-04-21 18:21:52'),
(393, '49', 'City Hall', '12', 1, '2017-04-21 18:21:52', '2017-04-21 18:21:52'),
(394, '50', 'Digo Rd', '12', 1, '2017-04-21 18:21:52', '2017-04-21 18:21:52'),
(395, '51', 'Nbc', '12', 1, '2017-04-21 18:21:52', '2017-04-21 18:21:52'),
(396, '52', 'Kakamega', '12', 1, '2017-04-21 18:21:52', '2017-04-21 18:21:52'),
(397, '53', 'Migori', '12', 1, '2017-04-21 18:21:52', '2017-04-21 18:21:52'),
(398, '54', 'Kenyatta Avenue', '12', 1, '2017-04-21 18:21:52', '2017-04-21 18:21:52'),
(399, '55', 'Nkubu', '12', 1, '2017-04-21 18:21:52', '2017-04-21 18:21:52'),
(400, '56', 'Enterprise Road', '12', 1, '2017-04-21 18:21:52', '2017-04-21 18:21:52'),
(401, '57', 'Busia', '12', 1, '2017-04-21 18:21:52', '2017-04-21 18:21:52'),
(402, '58', 'Siaya', '12', 1, '2017-04-21 18:21:52', '2017-04-21 18:21:52'),
(403, '59', 'Voi', '12', 1, '2017-04-21 18:21:52', '2017-04-21 18:21:52'),
(404, '60', 'Mariakani', '12', 1, '2017-04-21 18:21:52', '2017-04-21 18:21:52'),
(405, '61', 'Malindi', '12', 1, '2017-04-21 18:21:52', '2017-04-21 18:21:52'),
(406, '62', 'Zimmerman', '12', 1, '2017-04-21 18:21:52', '2017-04-21 18:21:52'),
(407, '63', 'Nakuru East', '12', 1, '2017-04-21 18:21:52', '2017-04-21 18:21:52'),
(408, '64', 'Kitengela', '12', 1, '2017-04-21 18:21:52', '2017-04-21 18:21:52'),
(409, '65', 'Aga Khan Walk', '12', 1, '2017-04-21 18:21:52', '2017-04-21 18:21:52'),
(410, '66', 'Narok', '12', 1, '2017-04-21 18:21:52', '2017-04-21 18:21:52'),
(411, '67', 'Kitui', '12', 1, '2017-04-21 18:21:52', '2017-04-21 18:21:52'),
(412, '68', 'Nanyuki', '12', 1, '2017-04-21 18:21:52', '2017-04-21 18:21:52'),
(413, '69', 'Embakasi', '12', 1, '2017-04-21 18:21:52', '2017-04-21 18:21:52'),
(414, '70', 'Kibera', '12', 1, '2017-04-21 18:21:52', '2017-04-21 18:21:52'),
(415, '71', 'Siakago', '12', 1, '2017-04-21 18:21:52', '2017-04-21 18:21:52'),
(416, '72', 'Kapsabet', '12', 1, '2017-04-21 18:21:53', '2017-04-21 18:21:53'),
(417, '73', 'Mbita', '12', 1, '2017-04-21 18:21:53', '2017-04-21 18:21:53'),
(418, '74', 'Kangemi', '12', 1, '2017-04-21 18:21:53', '2017-04-21 18:21:53'),
(419, '75', 'Dandora', '12', 1, '2017-04-21 18:21:53', '2017-04-21 18:21:53'),
(420, '76', 'Kajiado', '12', 1, '2017-04-21 18:21:53', '2017-04-21 18:21:53'),
(421, '77', 'Tala', '12', 1, '2017-04-21 18:21:53', '2017-04-21 18:21:53'),
(422, '78', 'Gikomba', '12', 1, '2017-04-21 18:21:53', '2017-04-21 18:21:53'),
(423, '79', 'River Road', '12', 1, '2017-04-21 18:21:53', '2017-04-21 18:21:53'),
(424, '80', 'Nyamira', '12', 1, '2017-04-21 18:21:53', '2017-04-21 18:21:53'),
(425, '81', 'Garisa', '12', 1, '2017-04-21 18:21:53', '2017-04-21 18:21:53'),
(426, '82', 'Bomet', '12', 1, '2017-04-21 18:21:53', '2017-04-21 18:21:53'),
(427, '83', 'Keroka', '12', 1, '2017-04-21 18:21:53', '2017-04-21 18:21:53'),
(428, '84', 'Gilgil', '12', 1, '2017-04-21 18:21:53', '2017-04-21 18:21:53'),
(429, '85', 'Tom Mboya', '12', 1, '2017-04-21 18:21:53', '2017-04-21 18:21:53'),
(430, '86', 'Likoni', '12', 1, '2017-04-21 18:21:53', '2017-04-21 18:21:53'),
(431, '87', 'Donholm', '12', 1, '2017-04-21 18:21:53', '2017-04-21 18:21:53'),
(432, '88', 'Mwingi', '12', 1, '2017-04-21 18:21:53', '2017-04-21 18:21:53'),
(433, '89', 'Ruaka', '12', 1, '2017-04-21 18:21:53', '2017-04-21 18:21:53'),
(434, '90', 'Webuye', '12', 1, '2017-04-21 18:21:53', '2017-04-21 18:21:53'),
(435, '94', 'Sacco Clearing Unit', '12', 1, '2017-04-21 18:21:53', '2017-04-21 18:21:53'),
(436, '97', 'clearing Centre', '12', 1, '2017-04-21 18:21:53', '2017-04-21 18:21:53'),
(437, '100', 'Ndhiwa', '12', 1, '2017-04-21 18:21:53', '2017-04-21 18:21:53'),
(438, '101', 'Oyugis', '12', 1, '2017-04-21 18:21:53', '2017-04-21 18:21:53'),
(439, '102', 'Isiolo', '12', 1, '2017-04-21 18:21:53', '2017-04-21 18:21:53'),
(440, '103', 'Eldoret West', '12', 1, '2017-04-21 18:21:53', '2017-04-21 18:21:53'),
(441, '104', 'Changamwe', '12', 1, '2017-04-21 18:21:53', '2017-04-21 18:21:53'),
(442, '105', 'Kisumu East', '12', 1, '2017-04-21 18:21:53', '2017-04-21 18:21:53'),
(443, '106', 'Githurai Kimbo', '12', 1, '2017-04-21 18:21:53', '2017-04-21 18:21:53'),
(444, '107', 'Mlolongo', '12', 1, '2017-04-21 18:21:53', '2017-04-21 18:21:53'),
(445, '108', 'Kilifi', '12', 1, '2017-04-21 18:21:53', '2017-04-21 18:21:53'),
(446, '109', 'Ol Kalau', '12', 1, '2017-04-21 18:21:53', '2017-04-21 18:21:53'),
(447, '110', 'Mbale', '12', 1, '2017-04-21 18:21:53', '2017-04-21 18:21:53'),
(448, '111', 'Kimilili', '12', 1, '2017-04-21 18:21:53', '2017-04-21 18:21:53'),
(449, '112', 'Kisii East', '12', 1, '2017-04-21 18:21:53', '2017-04-21 18:21:53'),
(450, '113', 'Kilgoris', '12', 1, '2017-04-21 18:21:53', '2017-04-21 18:21:53'),
(451, '114', 'Wote', '12', 1, '2017-04-21 18:21:53', '2017-04-21 18:21:53'),
(452, '116', 'Malaba', '12', 1, '2017-04-21 18:21:53', '2017-04-21 18:21:53'),
(453, '117', 'Molo', '12', 1, '2017-04-21 18:21:53', '2017-04-21 18:21:53'),
(454, '118', 'Mwea', '12', 1, '2017-04-21 18:21:53', '2017-04-21 18:21:53'),
(455, '119', 'Kutus', '12', 1, '2017-04-21 18:21:53', '2017-04-21 18:21:53'),
(456, '120', 'Umoja', '12', 1, '2017-04-21 18:21:53', '2017-04-21 18:21:53'),
(457, '121', 'Embakasi Junction', '12', 1, '2017-04-21 18:21:53', '2017-04-21 18:21:53'),
(458, '122', 'Kongowea', '12', 1, '2017-04-21 18:21:53', '2017-04-21 18:21:53'),
(459, '123', 'Langata Road', '12', 1, '2017-04-21 18:21:53', '2017-04-21 18:21:53'),
(460, '124', 'Juja', '12', 1, '2017-04-21 18:21:53', '2017-04-21 18:21:53'),
(461, '125', 'Ngong', '12', 1, '2017-04-21 18:21:53', '2017-04-21 18:21:53'),
(462, '126', 'Kawangware 46', '12', 1, '2017-04-21 18:21:53', '2017-04-21 18:21:53'),
(463, '127', 'Mombasa Road', '12', 1, '2017-04-21 18:21:53', '2017-04-21 18:21:53'),
(464, '128', 'Marsabit', '12', 1, '2017-04-21 18:21:53', '2017-04-21 18:21:53'),
(465, '130', 'Dagoretti', '12', 1, '2017-04-21 18:21:53', '2017-04-21 18:21:53'),
(466, '131', 'Othaya', '12', 1, '2017-04-21 18:21:53', '2017-04-21 18:21:53'),
(467, '132', 'Limuru', '12', 1, '2017-04-21 18:21:53', '2017-04-21 18:21:53'),
(468, '133', 'Kikuyu', '12', 1, '2017-04-21 18:21:53', '2017-04-21 18:21:53'),
(469, '134', 'Githunguri', '12', 1, '2017-04-21 18:21:53', '2017-04-21 18:21:53'),
(470, '135', 'Karen', '12', 1, '2017-04-21 18:21:53', '2017-04-21 18:21:53'),
(471, '136', 'Mpeketoni', '12', 1, '2017-04-21 18:21:53', '2017-04-21 18:21:53'),
(472, '137', 'Gatundu', '12', 1, '2017-04-21 18:21:53', '2017-04-21 18:21:53'),
(473, '138', 'Ruiru', '12', 1, '2017-04-21 18:21:53', '2017-04-21 18:21:53'),
(474, '139', 'Nyali Mall', '12', 1, '2017-04-21 18:21:53', '2017-04-21 18:21:53'),
(475, '140', 'Yala', '12', 1, '2017-04-21 18:21:53', '2017-04-21 18:21:53'),
(476, '141', 'Maasai Mall - Ongata Rongai', '12', 1, '2017-04-21 18:21:53', '2017-04-21 18:21:53'),
(477, '142', 'Thika Road Mall', '12', 1, '2017-04-21 18:21:53', '2017-04-21 18:21:53'),
(478, '143', 'Kiserian', '12', 1, '2017-04-21 18:21:53', '2017-04-21 18:21:53'),
(479, '144', 'Nandi Hills', '12', 1, '2017-04-21 18:21:54', '2017-04-21 18:21:54'),
(480, '145', 'Lodwar', '12', 1, '2017-04-21 18:21:54', '2017-04-21 18:21:54'),
(481, '147', 'Engineer', '12', 1, '2017-04-21 18:21:54', '2017-04-21 18:21:54'),
(482, '148', 'Rongo', '12', 1, '2017-04-21 18:21:54', '2017-04-21 18:21:54'),
(483, '149', 'Lavington Mall', '12', 1, '2017-04-21 18:21:54', '2017-04-21 18:21:54'),
(484, '150', 'Bondo', '12', 1, '2017-04-21 18:21:54', '2017-04-21 18:21:54'),
(485, '151', 'Gigiri Mall', '12', 1, '2017-04-21 18:21:54', '2017-04-21 18:21:54'),
(486, '152', 'United Mall, Kisumu', '12', 1, '2017-04-21 18:21:54', '2017-04-21 18:21:54'),
(487, '153', 'Green House Mall', '12', 1, '2017-04-21 18:21:54', '2017-04-21 18:21:54'),
(488, '228', 'Shares Operations', '12', 1, '2017-04-21 18:21:54', '2017-04-21 18:21:54'),
(489, '247', 'Back Office Operations', '12', 1, '2017-04-21 18:21:54', '2017-04-21 18:21:54'),
(490, '250', 'E- Channels Unit', '12', 1, '2017-04-21 18:21:54', '2017-04-21 18:21:54'),
(491, '254', 'Diaspora Banking', '12', 1, '2017-04-21 18:21:54', '2017-04-21 18:21:54'),
(492, '266', 'Kilindini Port', '12', 1, '2017-04-21 18:21:54', '2017-04-21 18:21:54'),
(493, '270', 'Money Transfers Agency', '12', 1, '2017-04-21 18:21:54', '2017-04-21 18:21:54'),
(494, '0', 'Head Office', '13', 1, '2017-04-21 18:21:54', '2017-04-21 18:21:54'),
(495, '1', 'Koinange Street', '13', 1, '2017-04-21 18:21:54', '2017-04-21 18:21:54'),
(496, '2', 'Kisumu', '13', 1, '2017-04-21 18:21:54', '2017-04-21 18:21:54'),
(497, '3', 'Nakuru', '13', 1, '2017-04-21 18:21:54', '2017-04-21 18:21:54'),
(498, '4', 'Kisii', '13', 1, '2017-04-21 18:21:54', '2017-04-21 18:21:54'),
(499, '5', 'Westlands', '13', 1, '2017-04-21 18:21:54', '2017-04-21 18:21:54'),
(500, '6', 'Industrial Area', '13', 1, '2017-04-21 18:21:54', '2017-04-21 18:21:54'),
(501, '8', 'Nakuru, Kenyatta Avenue', '13', 1, '2017-04-21 18:21:54', '2017-04-21 18:21:54'),
(502, '9', 'Eldoret', '13', 1, '2017-04-21 18:21:54', '2017-04-21 18:21:54'),
(503, '10', 'Rongai', '13', 1, '2017-04-21 18:21:54', '2017-04-21 18:21:54'),
(504, '11', 'Mombasa- Nyali Centre', '13', 1, '2017-04-21 18:21:54', '2017-04-21 18:21:54'),
(505, '12', 'Thika', '13', 1, '2017-04-21 18:21:54', '2017-04-21 18:21:54'),
(506, '13', 'Lavington Mall', '13', 1, '2017-04-21 18:21:54', '2017-04-21 18:21:54'),
(507, '14', 'Machakos', '13', 1, '2017-04-21 18:21:54', '2017-04-21 18:21:54'),
(508, '15', 'Kitengela', '13', 1, '2017-04-21 18:21:54', '2017-04-21 18:21:54'),
(509, '0', 'Head Office', '14', 1, '2017-04-21 18:21:54', '2017-04-21 18:21:54'),
(510, '1', 'Loita Street', '14', 1, '2017-04-21 18:21:54', '2017-04-21 18:21:54'),
(511, '0', 'Head Office', '15', 1, '2017-04-21 18:21:54', '2017-04-21 18:21:54'),
(512, '1', 'Nation Centre', '15', 1, '2017-04-21 18:21:54', '2017-04-21 18:21:54'),
(513, '2', 'Mombasa', '15', 1, '2017-04-21 18:21:54', '2017-04-21 18:21:54'),
(514, '3', 'Kisumu', '15', 1, '2017-04-21 18:21:54', '2017-04-21 18:21:54'),
(515, '5', 'Parklands', '15', 1, '2017-04-21 18:21:54', '2017-04-21 18:21:54'),
(516, '6', 'Westgate', '15', 1, '2017-04-21 18:21:54', '2017-04-21 18:21:54'),
(517, '8', 'Mombasa Rd', '15', 1, '2017-04-21 18:21:54', '2017-04-21 18:21:54'),
(518, '9', 'Ind Area', '15', 1, '2017-04-21 18:21:54', '2017-04-21 18:21:54'),
(519, '10', 'Kisii', '15', 1, '2017-04-21 18:21:54', '2017-04-21 18:21:54'),
(520, '11', 'Malindi', '15', 1, '2017-04-21 18:21:54', '2017-04-21 18:21:54'),
(521, '12', 'Thika', '15', 1, '2017-04-21 18:21:54', '2017-04-21 18:21:54'),
(522, '13', 'Otc', '15', 1, '2017-04-21 18:21:55', '2017-04-21 18:21:55'),
(523, '14', 'Eldoret', '15', 1, '2017-04-21 18:21:55', '2017-04-21 18:21:55'),
(524, '15', 'Eastleigh', '15', 1, '2017-04-21 18:21:55', '2017-04-21 18:21:55'),
(525, '16', 'Changamwe', '15', 1, '2017-04-21 18:21:55', '2017-04-21 18:21:55'),
(526, '17', 'T-mall', '15', 1, '2017-04-21 18:21:55', '2017-04-21 18:21:55'),
(527, '18', 'Nakuru', '15', 1, '2017-04-21 18:21:55', '2017-04-21 18:21:55'),
(528, '19', 'Village Market', '15', 1, '2017-04-21 18:21:55', '2017-04-21 18:21:55'),
(529, '20', 'Diani', '15', 1, '2017-04-21 18:21:55', '2017-04-21 18:21:55'),
(530, '21', 'Bungoma', '15', 1, '2017-04-21 18:21:55', '2017-04-21 18:21:55'),
(531, '22', 'Kitale', '15', 1, '2017-04-21 18:21:55', '2017-04-21 18:21:55'),
(532, '23', 'Prestige', '15', 1, '2017-04-21 18:21:55', '2017-04-21 18:21:55'),
(533, '24', 'Buru Buru', '15', 1, '2017-04-21 18:21:55', '2017-04-21 18:21:55'),
(534, '25', 'Kitengela', '15', 1, '2017-04-21 18:21:55', '2017-04-21 18:21:55'),
(535, '26', 'Jomo Kenyatta Branch', '15', 1, '2017-04-21 18:21:55', '2017-04-21 18:21:55'),
(536, '27', 'Kakamega', '15', 1, '2017-04-21 18:21:55', '2017-04-21 18:21:55'),
(537, '28', 'Kericho', '15', 1, '2017-04-21 18:21:55', '2017-04-21 18:21:55'),
(538, '29', 'Upper Hill', '15', 1, '2017-04-21 18:21:55', '2017-04-21 18:21:55'),
(539, '30', 'Wabera Street', '15', 1, '2017-04-21 18:21:55', '2017-04-21 18:21:55'),
(540, '31', 'Karen', '15', 1, '2017-04-21 18:21:55', '2017-04-21 18:21:55'),
(541, '32', 'Voi', '15', 1, '2017-04-21 18:21:55', '2017-04-21 18:21:55'),
(542, '33', 'Shimanzi', '15', 1, '2017-04-21 18:21:55', '2017-04-21 18:21:55'),
(543, '34', 'Meru', '15', 1, '2017-04-21 18:21:55', '2017-04-21 18:21:55'),
(544, '35', 'Diamond Plaza', '15', 1, '2017-04-21 18:21:55', '2017-04-21 18:21:55'),
(545, '36', 'crossroad', '15', 1, '2017-04-21 18:21:55', '2017-04-21 18:21:55'),
(546, '37', 'JKIA', '15', 1, '2017-04-21 18:21:55', '2017-04-21 18:21:55'),
(547, '38', 'Nyali', '15', 1, '2017-04-21 18:21:55', '2017-04-21 18:21:55'),
(548, '39', 'Migori Branch', '15', 1, '2017-04-21 18:21:55', '2017-04-21 18:21:55'),
(549, '40', 'Madina Mall', '15', 1, '2017-04-21 18:21:55', '2017-04-21 18:21:55'),
(550, '41', 'Courtyard Branch', '15', 1, '2017-04-21 18:21:55', '2017-04-21 18:21:55'),
(551, '42', 'Mtwapa Branch', '15', 1, '2017-04-21 18:21:55', '2017-04-21 18:21:55'),
(552, '43', 'Lamu Branch', '15', 1, '2017-04-21 18:21:55', '2017-04-21 18:21:55'),
(553, '44', 'Kilifi Branch', '15', 1, '2017-04-21 18:21:55', '2017-04-21 18:21:55'),
(554, '45', 'Mariakani Branch', '15', 1, '2017-04-21 18:21:55', '2017-04-21 18:21:55'),
(555, '46', 'Thika Road Mall', '15', 1, '2017-04-21 18:21:55', '2017-04-21 18:21:55'),
(556, '47', 'Ronald Ngala', '15', 1, '2017-04-21 18:21:55', '2017-04-21 18:21:55'),
(557, '48', 'Busia', '15', 1, '2017-04-21 18:21:55', '2017-04-21 18:21:55'),
(558, '49', 'West End Mall - Kisumu', '15', 1, '2017-04-21 18:21:55', '2017-04-21 18:21:55'),
(559, '50', 'Tom Mboya', '15', 1, '2017-04-21 18:21:55', '2017-04-21 18:21:55'),
(560, '52', 'DTB Centre', '15', 1, '2017-04-21 18:21:55', '2017-04-21 18:21:55'),
(561, '53', 'South C', '15', 1, '2017-04-21 18:21:55', '2017-04-21 18:21:55'),
(562, '54', 'Lavington', '15', 1, '2017-04-21 18:21:55', '2017-04-21 18:21:55'),
(563, '55', '9 West', '15', 1, '2017-04-21 18:21:55', '2017-04-21 18:21:55'),
(564, '56', 'Biashara street, Nakuru', '15', 1, '2017-04-21 18:21:55', '2017-04-21 18:21:55'),
(565, '0', 'Head Office', '16', 1, '2017-04-21 18:21:55', '2017-04-21 18:21:55'),
(566, '1', 'Eastleigh', '16', 1, '2017-04-21 18:21:55', '2017-04-21 18:21:55'),
(567, '2', 'Mombasa', '16', 1, '2017-04-21 18:21:55', '2017-04-21 18:21:55'),
(568, '3', 'Mombasa', '16', 1, '2017-04-21 18:21:55', '2017-04-21 18:21:55'),
(569, '4', 'Nakuru', '16', 1, '2017-04-21 18:21:55', '2017-04-21 18:21:55'),
(570, '20', 'Nakuru', '16', 1, '2017-04-21 18:21:55', '2017-04-21 18:21:55'),
(571, '0', 'Fedha Branch , Head Office', '17', 1, '2017-04-21 18:21:55', '2017-04-21 18:21:55'),
(572, '1', 'Moi Avenue Nairobi', '17', 1, '2017-04-21 18:21:55', '2017-04-21 18:21:55'),
(573, '2', 'Akiba Hse Mombasa', '17', 1, '2017-04-21 18:21:55', '2017-04-21 18:21:55'),
(574, '3', 'Plaza 2000', '17', 1, '2017-04-21 18:21:55', '2017-04-21 18:21:55'),
(575, '4', 'Westminister', '17', 1, '2017-04-21 18:21:55', '2017-04-21 18:21:55'),
(576, '5', 'Chambers', '17', 1, '2017-04-21 18:21:55', '2017-04-21 18:21:55'),
(577, '6', 'Thika', '17', 1, '2017-04-21 18:21:55', '2017-04-21 18:21:55'),
(578, '7', 'Eldoret', '17', 1, '2017-04-21 18:21:55', '2017-04-21 18:21:55'),
(579, '8', 'Kisumu', '17', 1, '2017-04-21 18:21:55', '2017-04-21 18:21:55'),
(580, '9', 'Kisii', '17', 1, '2017-04-21 18:21:55', '2017-04-21 18:21:55'),
(581, '10', 'Kitale', '17', 1, '2017-04-21 18:21:56', '2017-04-21 18:21:56'),
(582, '11', 'Industrial Area', '17', 1, '2017-04-21 18:21:56', '2017-04-21 18:21:56'),
(583, '12', 'Karatina', '17', 1, '2017-04-21 18:21:56', '2017-04-21 18:21:56'),
(584, '13', 'Westlands', '17', 1, '2017-04-21 18:21:56', '2017-04-21 18:21:56'),
(585, '14', 'United Mall', '17', 1, '2017-04-21 18:21:56', '2017-04-21 18:21:56'),
(586, '15', 'Nakuru', '17', 1, '2017-04-21 18:21:56', '2017-04-21 18:21:56'),
(587, '16', 'Jomo Kenyatta Avenue', '17', 1, '2017-04-21 18:21:56', '2017-04-21 18:21:56'),
(588, '17', 'Nyeri', '17', 1, '2017-04-21 18:21:56', '2017-04-21 18:21:56'),
(589, '18', 'Busia', '17', 1, '2017-04-21 18:21:56', '2017-04-21 18:21:56'),
(590, '19', 'Malindi', '17', 1, '2017-04-21 18:21:56', '2017-04-21 18:21:56'),
(591, '20', 'Meru', '17', 1, '2017-04-21 18:21:56', '2017-04-21 18:21:56'),
(592, '21', 'Gikomba', '17', 1, '2017-04-21 18:21:56', '2017-04-21 18:21:56'),
(593, '22', 'UpperHill', '17', 1, '2017-04-21 18:21:56', '2017-04-21 18:21:56'),
(594, '23', 'Valley Arcade', '17', 1, '2017-04-21 18:21:56', '2017-04-21 18:21:56'),
(595, '24', 'Karen', '17', 1, '2017-04-21 18:21:56', '2017-04-21 18:21:56'),
(596, '25', 'Nyali Mombasa', '17', 1, '2017-04-21 18:21:56', '2017-04-21 18:21:56'),
(597, '26', 'Ongata Rongai', '17', 1, '2017-04-21 18:21:56', '2017-04-21 18:21:56'),
(598, '27', 'Embakasi', '17', 1, '2017-04-21 18:21:56', '2017-04-21 18:21:56'),
(599, '28', 'Kitengela', '17', 1, '2017-04-21 18:21:56', '2017-04-21 18:21:56'),
(600, '29', 'Thika Mall', '17', 1, '2017-04-21 18:21:56', '2017-04-21 18:21:56'),
(601, '100', 'Head Office', '17', 1, '2017-04-21 18:21:56', '2017-04-21 18:21:56'),
(602, '0', 'Nairobi', '18', 1, '2017-04-21 18:21:56', '2017-04-21 18:21:56'),
(603, '1', 'Nyerere', '18', 1, '2017-04-21 18:21:56', '2017-04-21 18:21:56'),
(604, '2', 'Mombasa', '18', 1, '2017-04-21 18:21:56', '2017-04-21 18:21:56'),
(605, '3', 'Westlands', '18', 1, '2017-04-21 18:21:56', '2017-04-21 18:21:56'),
(606, '4', 'Mombasa Road', '18', 1, '2017-04-21 18:21:56', '2017-04-21 18:21:56'),
(607, '5', 'Chester', '18', 1, '2017-04-21 18:21:56', '2017-04-21 18:21:56'),
(608, '7', 'Waiyaki Way', '18', 1, '2017-04-21 18:21:56', '2017-04-21 18:21:56'),
(609, '8', 'Kakamega', '18', 1, '2017-04-21 18:21:56', '2017-04-21 18:21:56'),
(610, '9', 'Eldoret', '18', 1, '2017-04-21 18:21:56', '2017-04-21 18:21:56'),
(611, '10', 'Senator Cards', '18', 1, '2017-04-21 18:21:56', '2017-04-21 18:21:56');
INSERT INTO `bank_branches` (`id`, `branch_code`, `bank_branch_name`, `bank_id`, `organization_id`, `created_at`, `updated_at`) VALUES
(612, '11', 'Nyali', '18', 1, '2017-04-21 18:21:56', '2017-04-21 18:21:56'),
(613, '12', 'Kisumu', '18', 1, '2017-04-21 18:21:56', '2017-04-21 18:21:56'),
(614, '13', 'Industrial Area', '18', 1, '2017-04-21 18:21:56', '2017-04-21 18:21:56'),
(615, '15', 'Nakuru', '18', 1, '2017-04-21 18:21:56', '2017-04-21 18:21:56'),
(616, '16', 'Ongata Rongai', '18', 1, '2017-04-21 18:21:56', '2017-04-21 18:21:56'),
(617, '0', 'Equity Bank Head Office', '19', 1, '2017-04-21 18:21:56', '2017-04-21 18:21:56'),
(618, '1', 'Equity Bank Corporate', '19', 1, '2017-04-21 18:21:56', '2017-04-21 18:21:56'),
(619, '2', 'Equity Bank Fourways', '19', 1, '2017-04-21 18:21:56', '2017-04-21 18:21:56'),
(620, '3', 'Kangema', '19', 1, '2017-04-21 18:21:56', '2017-04-21 18:21:56'),
(621, '4', 'Karatina', '19', 1, '2017-04-21 18:21:56', '2017-04-21 18:21:56'),
(622, '5', 'Kiriaini', '19', 1, '2017-04-21 18:21:56', '2017-04-21 18:21:56'),
(623, '6', 'Murarandia', '19', 1, '2017-04-21 18:21:56', '2017-04-21 18:21:56'),
(624, '7', 'Kangari', '19', 1, '2017-04-21 18:21:56', '2017-04-21 18:21:56'),
(625, '8', 'Othaya', '19', 1, '2017-04-21 18:21:56', '2017-04-21 18:21:56'),
(626, '9', 'Thika / Equity Plaza', '19', 1, '2017-04-21 18:21:56', '2017-04-21 18:21:56'),
(627, '10', 'Kerugoya', '19', 1, '2017-04-21 18:21:56', '2017-04-21 18:21:56'),
(628, '11', 'Nyeri', '19', 1, '2017-04-21 18:21:57', '2017-04-21 18:21:57'),
(629, '12', 'Tom Mboya', '19', 1, '2017-04-21 18:21:57', '2017-04-21 18:21:57'),
(630, '13', 'Nakuru', '19', 1, '2017-04-21 18:21:57', '2017-04-21 18:21:57'),
(631, '14', 'Meru', '19', 1, '2017-04-21 18:21:57', '2017-04-21 18:21:57'),
(632, '15', 'Mama Ngina', '19', 1, '2017-04-21 18:21:57', '2017-04-21 18:21:57'),
(633, '16', 'Nyahururu', '19', 1, '2017-04-21 18:21:57', '2017-04-21 18:21:57'),
(634, '17', 'Community', '19', 1, '2017-04-21 18:21:57', '2017-04-21 18:21:57'),
(635, '18', 'Community Corporate', '19', 1, '2017-04-21 18:21:57', '2017-04-21 18:21:57'),
(636, '19', 'Embu', '19', 1, '2017-04-21 18:21:57', '2017-04-21 18:21:57'),
(637, '20', 'Naivasha', '19', 1, '2017-04-21 18:21:57', '2017-04-21 18:21:57'),
(638, '21', 'Chuka', '19', 1, '2017-04-21 18:21:57', '2017-04-21 18:21:57'),
(639, '22', 'Muranga', '19', 1, '2017-04-21 18:21:57', '2017-04-21 18:21:57'),
(640, '23', 'Molo', '19', 1, '2017-04-21 18:21:57', '2017-04-21 18:21:57'),
(641, '24', 'Harambee Avenu', '19', 1, '2017-04-21 18:21:57', '2017-04-21 18:21:57'),
(642, '25', 'Mombasa', '19', 1, '2017-04-21 18:21:57', '2017-04-21 18:21:57'),
(643, '26', 'Kimathi Street', '19', 1, '2017-04-21 18:21:57', '2017-04-21 18:21:57'),
(644, '27', 'Nanyuki', '19', 1, '2017-04-21 18:21:57', '2017-04-21 18:21:57'),
(645, '28', 'Kericho', '19', 1, '2017-04-21 18:21:57', '2017-04-21 18:21:57'),
(646, '29', 'Kisumu', '19', 1, '2017-04-21 18:21:57', '2017-04-21 18:21:57'),
(647, '30', 'Eldoret', '19', 1, '2017-04-21 18:21:57', '2017-04-21 18:21:57'),
(648, '31', 'Nakuru Kenyatta Avenue', '19', 1, '2017-04-21 18:21:57', '2017-04-21 18:21:57'),
(649, '32', 'Kariobangi', '19', 1, '2017-04-21 18:21:57', '2017-04-21 18:21:57'),
(650, '33', 'Kitale', '19', 1, '2017-04-21 18:21:57', '2017-04-21 18:21:57'),
(651, '34', 'Thika Kenyatta Avenue', '19', 1, '2017-04-21 18:21:57', '2017-04-21 18:21:57'),
(652, '35', 'Knut House', '19', 1, '2017-04-21 18:21:57', '2017-04-21 18:21:57'),
(653, '36', 'Narok', '19', 1, '2017-04-21 18:21:57', '2017-04-21 18:21:57'),
(654, '37', 'Nkubu', '19', 1, '2017-04-21 18:21:57', '2017-04-21 18:21:57'),
(655, '38', 'Mwea', '19', 1, '2017-04-21 18:21:57', '2017-04-21 18:21:57'),
(656, '39', 'Matuu', '19', 1, '2017-04-21 18:21:57', '2017-04-21 18:21:57'),
(657, '40', 'Maua', '19', 1, '2017-04-21 18:21:57', '2017-04-21 18:21:57'),
(658, '41', 'Isiolo', '19', 1, '2017-04-21 18:21:57', '2017-04-21 18:21:57'),
(659, '42', 'Kagio', '19', 1, '2017-04-21 18:21:57', '2017-04-21 18:21:57'),
(660, '43', 'Gikomba', '19', 1, '2017-04-21 18:21:57', '2017-04-21 18:21:57'),
(661, '44', 'Ukunda', '19', 1, '2017-04-21 18:21:57', '2017-04-21 18:21:57'),
(662, '45', 'Malindi', '19', 1, '2017-04-21 18:21:57', '2017-04-21 18:21:57'),
(663, '46', 'Mombasa Digo Road', '19', 1, '2017-04-21 18:21:57', '2017-04-21 18:21:57'),
(664, '47', 'Moi Avenue', '19', 1, '2017-04-21 18:21:57', '2017-04-21 18:21:57'),
(665, '48', 'Bungoma', '19', 1, '2017-04-21 18:21:57', '2017-04-21 18:21:57'),
(666, '49', 'Kapsabet', '19', 1, '2017-04-21 18:21:57', '2017-04-21 18:21:57'),
(667, '50', 'Kakamega', '19', 1, '2017-04-21 18:21:57', '2017-04-21 18:21:57'),
(668, '51', 'Kisii', '19', 1, '2017-04-21 18:21:57', '2017-04-21 18:21:57'),
(669, '52', 'Nyamira', '19', 1, '2017-04-21 18:21:57', '2017-04-21 18:21:57'),
(670, '53', 'Litein', '19', 1, '2017-04-21 18:21:57', '2017-04-21 18:21:57'),
(671, '54', 'Equity Centre Diaspora', '19', 1, '2017-04-21 18:21:57', '2017-04-21 18:21:57'),
(672, '55', 'Westlands', '19', 1, '2017-04-21 18:21:57', '2017-04-21 18:21:57'),
(673, '56', 'Industrial Area Kenpipe Plaza', '19', 1, '2017-04-21 18:21:57', '2017-04-21 18:21:57'),
(674, '57', 'Kikuyu', '19', 1, '2017-04-21 18:21:57', '2017-04-21 18:21:57'),
(675, '58', 'Garissa', '19', 1, '2017-04-21 18:21:57', '2017-04-21 18:21:57'),
(676, '59', 'Mwingi', '19', 1, '2017-04-21 18:21:57', '2017-04-21 18:21:57'),
(677, '60', 'Machakos', '19', 1, '2017-04-21 18:21:57', '2017-04-21 18:21:57'),
(678, '61', 'Ongata Rongai', '19', 1, '2017-04-21 18:21:57', '2017-04-21 18:21:57'),
(679, '62', 'Ol-kalao', '19', 1, '2017-04-21 18:21:57', '2017-04-21 18:21:57'),
(680, '63', 'Kawangware', '19', 1, '2017-04-21 18:21:57', '2017-04-21 18:21:57'),
(681, '64', 'Kiambu', '19', 1, '2017-04-21 18:21:57', '2017-04-21 18:21:57'),
(682, '65', 'Kayole', '19', 1, '2017-04-21 18:21:57', '2017-04-21 18:21:57'),
(683, '66', 'Gatundu', '19', 1, '2017-04-21 18:21:57', '2017-04-21 18:21:57'),
(684, '67', 'Wote', '19', 1, '2017-04-21 18:21:57', '2017-04-21 18:21:57'),
(685, '68', 'Mumias', '19', 1, '2017-04-21 18:21:57', '2017-04-21 18:21:57'),
(686, '69', 'Limuru', '19', 1, '2017-04-21 18:21:57', '2017-04-21 18:21:57'),
(687, '70', 'Kitengela', '19', 1, '2017-04-21 18:21:57', '2017-04-21 18:21:57'),
(688, '71', 'Githurai', '19', 1, '2017-04-21 18:21:57', '2017-04-21 18:21:57'),
(689, '72', 'Kitui', '19', 1, '2017-04-21 18:21:58', '2017-04-21 18:21:58'),
(690, '73', 'Ngong', '19', 1, '2017-04-21 18:21:58', '2017-04-21 18:21:58'),
(691, '74', 'Loitoktok', '19', 1, '2017-04-21 18:21:58', '2017-04-21 18:21:58'),
(692, '75', 'Bondo', '19', 1, '2017-04-21 18:21:58', '2017-04-21 18:21:58'),
(693, '76', 'Mbita', '19', 1, '2017-04-21 18:21:58', '2017-04-21 18:21:58'),
(694, '77', 'Gilgil', '19', 1, '2017-04-21 18:21:58', '2017-04-21 18:21:58'),
(695, '78', 'Busia', '19', 1, '2017-04-21 18:21:58', '2017-04-21 18:21:58'),
(696, '79', 'Voi', '19', 1, '2017-04-21 18:21:58', '2017-04-21 18:21:58'),
(697, '80', 'Enterprise Road', '19', 1, '2017-04-21 18:21:58', '2017-04-21 18:21:58'),
(698, '81', 'Equity Centre', '19', 1, '2017-04-21 18:21:58', '2017-04-21 18:21:58'),
(699, '82', 'Donholm', '19', 1, '2017-04-21 18:21:58', '2017-04-21 18:21:58'),
(700, '83', 'Mukurwe-ini', '19', 1, '2017-04-21 18:21:58', '2017-04-21 18:21:58'),
(701, '84', 'Eastleigh', '19', 1, '2017-04-21 18:21:58', '2017-04-21 18:21:58'),
(702, '85', 'Namanga', '19', 1, '2017-04-21 18:21:58', '2017-04-21 18:21:58'),
(703, '86', 'Kajiado', '19', 1, '2017-04-21 18:21:58', '2017-04-21 18:21:58'),
(704, '87', 'Ruiru', '19', 1, '2017-04-21 18:21:58', '2017-04-21 18:21:58'),
(705, '88', 'Otc', '19', 1, '2017-04-21 18:21:58', '2017-04-21 18:21:58'),
(706, '89', 'Kenol', '19', 1, '2017-04-21 18:21:58', '2017-04-21 18:21:58'),
(707, '90', 'Tala', '19', 1, '2017-04-21 18:21:58', '2017-04-21 18:21:58'),
(708, '91', 'Ngara', '19', 1, '2017-04-21 18:21:58', '2017-04-21 18:21:58'),
(709, '92', 'Nandi Hills', '19', 1, '2017-04-21 18:21:58', '2017-04-21 18:21:58'),
(710, '93', 'Githunguri', '19', 1, '2017-04-21 18:21:58', '2017-04-21 18:21:58'),
(711, '94', 'Tea Room', '19', 1, '2017-04-21 18:21:58', '2017-04-21 18:21:58'),
(712, '95', 'Buru Buru', '19', 1, '2017-04-21 18:21:58', '2017-04-21 18:21:58'),
(713, '96', 'Mbale', '19', 1, '2017-04-21 18:21:58', '2017-04-21 18:21:58'),
(714, '97', 'Siaya', '19', 1, '2017-04-21 18:21:58', '2017-04-21 18:21:58'),
(715, '98', 'Homa Bay', '19', 1, '2017-04-21 18:21:58', '2017-04-21 18:21:58'),
(716, '99', 'Lodwar', '19', 1, '2017-04-21 18:21:58', '2017-04-21 18:21:58'),
(717, '100', 'Mandera', '19', 1, '2017-04-21 18:21:58', '2017-04-21 18:21:58'),
(718, '101', 'Marsabit', '19', 1, '2017-04-21 18:21:58', '2017-04-21 18:21:58'),
(719, '102', 'Moyale', '19', 1, '2017-04-21 18:21:58', '2017-04-21 18:21:58'),
(720, '103', 'Wajir', '19', 1, '2017-04-21 18:21:58', '2017-04-21 18:21:58'),
(721, '104', 'Meru Makutano', '19', 1, '2017-04-21 18:21:58', '2017-04-21 18:21:58'),
(722, '105', 'Malaba Town', '19', 1, '2017-04-21 18:21:58', '2017-04-21 18:21:58'),
(723, '106', 'Kilifi', '19', 1, '2017-04-21 18:21:58', '2017-04-21 18:21:58'),
(724, '107', 'Kapenguria', '19', 1, '2017-04-21 18:21:58', '2017-04-21 18:21:58'),
(725, '108', 'Mombasa Road', '19', 1, '2017-04-21 18:21:58', '2017-04-21 18:21:58'),
(726, '109', 'Eldoret Market', '19', 1, '2017-04-21 18:21:58', '2017-04-21 18:21:58'),
(727, '110', 'Maralal', '19', 1, '2017-04-21 18:21:58', '2017-04-21 18:21:58'),
(728, '111', 'Kimende', '19', 1, '2017-04-21 18:21:58', '2017-04-21 18:21:58'),
(729, '112', 'Luanda', '19', 1, '2017-04-21 18:21:58', '2017-04-21 18:21:58'),
(730, '113', 'Ku Sub Branch', '19', 1, '2017-04-21 18:21:58', '2017-04-21 18:21:58'),
(731, '114', 'Kengeleni', '19', 1, '2017-04-21 18:21:58', '2017-04-21 18:21:58'),
(732, '115', 'Nyeri Kimathi Way', '19', 1, '2017-04-21 18:21:58', '2017-04-21 18:21:58'),
(733, '116', 'Migori', '19', 1, '2017-04-21 18:21:58', '2017-04-21 18:21:58'),
(734, '117', 'Kibera', '19', 1, '2017-04-21 18:21:59', '2017-04-21 18:21:59'),
(735, '118', 'Kasarani', '19', 1, '2017-04-21 18:21:59', '2017-04-21 18:21:59'),
(736, '119', 'Mtwapa', '19', 1, '2017-04-21 18:21:59', '2017-04-21 18:21:59'),
(737, '120', 'Changamwe', '19', 1, '2017-04-21 18:21:59', '2017-04-21 18:21:59'),
(738, '121', 'Hola', '19', 1, '2017-04-21 18:21:59', '2017-04-21 18:21:59'),
(739, '122', 'Bomet', '19', 1, '2017-04-21 18:21:59', '2017-04-21 18:21:59'),
(740, '123', 'Kilgoris', '19', 1, '2017-04-21 18:21:59', '2017-04-21 18:21:59'),
(741, '124', 'Keroka', '19', 1, '2017-04-21 18:21:59', '2017-04-21 18:21:59'),
(742, '125', 'KAREN', '19', 1, '2017-04-21 18:21:59', '2017-04-21 18:21:59'),
(743, '126', 'KISUMU ANGAWA AVE', '19', 1, '2017-04-21 18:21:59', '2017-04-21 18:21:59'),
(744, '127', 'MPEKETONI', '19', 1, '2017-04-21 18:21:59', '2017-04-21 18:21:59'),
(745, '128', 'NAIROBI WEST', '19', 1, '2017-04-21 18:21:59', '2017-04-21 18:21:59'),
(746, '129', 'KENYATTA AVENUE', '19', 1, '2017-04-21 18:21:59', '2017-04-21 18:21:59'),
(747, '130', 'City Hall', '19', 1, '2017-04-21 18:21:59', '2017-04-21 18:21:59'),
(748, '131', 'Eldama Ravine', '19', 1, '2017-04-21 18:21:59', '2017-04-21 18:21:59'),
(749, '132', 'Embakasi', '19', 1, '2017-04-21 18:21:59', '2017-04-21 18:21:59'),
(750, '133', 'KPCU', '19', 1, '2017-04-21 18:21:59', '2017-04-21 18:21:59'),
(751, '134', 'Ridgeways', '19', 1, '2017-04-21 18:21:59', '2017-04-21 18:21:59'),
(752, '135', 'Runyenjes Sub Branch', '19', 1, '2017-04-21 18:21:59', '2017-04-21 18:21:59'),
(753, '136', 'Dadaad', '19', 1, '2017-04-21 18:21:59', '2017-04-21 18:21:59'),
(754, '137', 'Kangemi', '19', 1, '2017-04-21 18:21:59', '2017-04-21 18:21:59'),
(755, '138', 'Nyali Centre Corporate', '19', 1, '2017-04-21 18:21:59', '2017-04-21 18:21:59'),
(756, '139', 'Kabarnet', '19', 1, '2017-04-21 18:21:59', '2017-04-21 18:21:59'),
(757, '140', 'Westlands Corporate', '19', 1, '2017-04-21 18:21:59', '2017-04-21 18:21:59'),
(758, '141', 'Lavington Corporate', '19', 1, '2017-04-21 18:21:59', '2017-04-21 18:21:59'),
(759, '142', 'Taita Taveta', '19', 1, '2017-04-21 18:21:59', '2017-04-21 18:21:59'),
(760, '143', 'Awendo', '19', 1, '2017-04-21 18:21:59', '2017-04-21 18:21:59'),
(761, '144', 'Ruai', '19', 1, '2017-04-21 18:21:59', '2017-04-21 18:21:59'),
(762, '145', 'Kilimani', '19', 1, '2017-04-21 18:21:59', '2017-04-21 18:21:59'),
(763, '146', 'Nakuru Westside Mall', '19', 1, '2017-04-21 18:21:59', '2017-04-21 18:21:59'),
(764, '147', 'Kilimani Supreme', '19', 1, '2017-04-21 18:21:59', '2017-04-21 18:21:59'),
(765, '148', 'JKIA Cargo Centre', '19', 1, '2017-04-21 18:21:59', '2017-04-21 18:21:59'),
(766, '149', 'EPZ Athi River', '19', 1, '2017-04-21 18:21:59', '2017-04-21 18:21:59'),
(767, '150', 'Oyugis', '19', 1, '2017-04-21 18:21:59', '2017-04-21 18:21:59'),
(768, '151', 'Mayfair Supreme Centre', '19', 1, '2017-04-21 18:21:59', '2017-04-21 18:21:59'),
(769, '152', 'Juja', '19', 1, '2017-04-21 18:21:59', '2017-04-21 18:21:59'),
(770, '153', 'Iten', '19', 1, '2017-04-21 18:21:59', '2017-04-21 18:21:59'),
(771, '154', 'Nyali Supreme Centre', '19', 1, '2017-04-21 18:21:59', '2017-04-21 18:21:59'),
(772, '155', 'Thika Supreme Centre', '19', 1, '2017-04-21 18:21:59', '2017-04-21 18:21:59'),
(773, '156', 'Mombasa Supreme Centre', '19', 1, '2017-04-21 18:21:59', '2017-04-21 18:21:59'),
(774, '157', 'Kapsowar Sub-Branch', '19', 1, '2017-04-21 18:21:59', '2017-04-21 18:21:59'),
(775, '158', 'Kwale', '19', 1, '2017-04-21 18:21:59', '2017-04-21 18:21:59'),
(776, '159', 'Lamu', '19', 1, '2017-04-21 18:21:59', '2017-04-21 18:21:59'),
(777, '160', 'Kenyatta Avenue Supreme', '19', 1, '2017-04-21 18:21:59', '2017-04-21 18:21:59'),
(778, '161', 'KPA Sub-Branch Mombasa', '19', 1, '2017-04-21 18:21:59', '2017-04-21 18:21:59'),
(779, '162', 'Gigiri Supreme Centre', '19', 1, '2017-04-21 18:21:59', '2017-04-21 18:21:59'),
(780, '163', 'Karen Supreme Centre', '19', 1, '2017-04-21 18:21:59', '2017-04-21 18:21:59'),
(781, '164', 'Eldoret Supreme Centre', '19', 1, '2017-04-21 18:22:00', '2017-04-21 18:22:00'),
(782, '165', 'Kakuma', '19', 1, '2017-04-21 18:22:00', '2017-04-21 18:22:00'),
(783, '166', 'Archers Post', '19', 1, '2017-04-21 18:22:00', '2017-04-21 18:22:00'),
(784, '167', 'Mutomo', '19', 1, '2017-04-21 18:22:00', '2017-04-21 18:22:00'),
(785, '168', 'Kiserian Sub Branch', '19', 1, '2017-04-21 18:22:00', '2017-04-21 18:22:00'),
(786, '169', 'Dagoretti Corner', '19', 1, '2017-04-21 18:22:00', '2017-04-21 18:22:00'),
(787, '170', 'Kisumu Supreme Centre', '19', 1, '2017-04-21 18:22:00', '2017-04-21 18:22:00'),
(788, '171', 'Thika Makongeni', '19', 1, '2017-04-21 18:22:00', '2017-04-21 18:22:00'),
(789, '777', 'Equity Hapo Hapo', '19', 1, '2017-04-21 18:22:00', '2017-04-21 18:22:00'),
(790, '0', 'Head Office', '20', 1, '2017-04-21 18:22:00', '2017-04-21 18:22:00'),
(791, '1', 'Kiambu', '20', 1, '2017-04-21 18:22:00', '2017-04-21 18:22:00'),
(792, '2', 'Githunguri', '20', 1, '2017-04-21 18:22:00', '2017-04-21 18:22:00'),
(793, '3', 'Sonalux', '20', 1, '2017-04-21 18:22:00', '2017-04-21 18:22:00'),
(794, '4', 'Gatundu', '20', 1, '2017-04-21 18:22:00', '2017-04-21 18:22:00'),
(795, '5', 'Thika', '20', 1, '2017-04-21 18:22:00', '2017-04-21 18:22:00'),
(796, '6', 'Muranga', '20', 1, '2017-04-21 18:22:00', '2017-04-21 18:22:00'),
(797, '7', 'Kangari', '20', 1, '2017-04-21 18:22:00', '2017-04-21 18:22:00'),
(798, '8', 'Kiria-ini', '20', 1, '2017-04-21 18:22:00', '2017-04-21 18:22:00'),
(799, '9', 'Kangema', '20', 1, '2017-04-21 18:22:00', '2017-04-21 18:22:00'),
(800, '11', 'Othaya', '20', 1, '2017-04-21 18:22:00', '2017-04-21 18:22:00'),
(801, '12', 'Kenyatta Avenue', '20', 1, '2017-04-21 18:22:00', '2017-04-21 18:22:00'),
(802, '14', 'Cargen House', '20', 1, '2017-04-21 18:22:00', '2017-04-21 18:22:00'),
(803, '15', 'Laptrust', '20', 1, '2017-04-21 18:22:00', '2017-04-21 18:22:00'),
(804, '16', 'City Hall Annex', '20', 1, '2017-04-21 18:22:00', '2017-04-21 18:22:00'),
(805, '17', 'Kasarani', '20', 1, '2017-04-21 18:22:00', '2017-04-21 18:22:00'),
(806, '18', 'Nakuru Finance House', '20', 1, '2017-04-21 18:22:00', '2017-04-21 18:22:00'),
(807, '19', 'Nakuru Market', '20', 1, '2017-04-21 18:22:00', '2017-04-21 18:22:00'),
(808, '21', 'Dagoretti', '20', 1, '2017-04-21 18:22:00', '2017-04-21 18:22:00'),
(809, '22', 'Kericho', '20', 1, '2017-04-21 18:22:00', '2017-04-21 18:22:00'),
(810, '23', 'Nyahururu', '20', 1, '2017-04-21 18:22:00', '2017-04-21 18:22:00'),
(811, '24', 'Ruiru', '20', 1, '2017-04-21 18:22:00', '2017-04-21 18:22:00'),
(812, '25', 'Kisumu Reliance', '20', 1, '2017-04-21 18:22:00', '2017-04-21 18:22:00'),
(813, '26', 'Nyamira', '20', 1, '2017-04-21 18:22:00', '2017-04-21 18:22:00'),
(814, '27', 'Kisii', '20', 1, '2017-04-21 18:22:00', '2017-04-21 18:22:00'),
(815, '28', 'Kisumu Al Imran', '20', 1, '2017-04-21 18:22:00', '2017-04-21 18:22:00'),
(816, '29', 'Narok', '20', 1, '2017-04-21 18:22:00', '2017-04-21 18:22:00'),
(817, '31', 'Industrial Area', '20', 1, '2017-04-21 18:22:00', '2017-04-21 18:22:00'),
(818, '32', 'Thika Makongeni', '20', 1, '2017-04-21 18:22:00', '2017-04-21 18:22:00'),
(819, '33', 'Donholm', '20', 1, '2017-04-21 18:22:00', '2017-04-21 18:22:00'),
(820, '34', 'Utawala', '20', 1, '2017-04-21 18:22:00', '2017-04-21 18:22:00'),
(821, '35', 'Fourways Retail Branch', '20', 1, '2017-04-21 18:22:00', '2017-04-21 18:22:00'),
(822, '37', 'Olkalou', '20', 1, '2017-04-21 18:22:00', '2017-04-21 18:22:00'),
(823, '38', 'Ktda Plaza', '20', 1, '2017-04-21 18:22:00', '2017-04-21 18:22:00'),
(824, '41', 'Kariobangi', '20', 1, '2017-04-21 18:22:00', '2017-04-21 18:22:00'),
(825, '42', 'Gikomba Area 42', '20', 1, '2017-04-21 18:22:00', '2017-04-21 18:22:00'),
(826, '43', 'Sokoni', '20', 1, '2017-04-21 18:22:00', '2017-04-21 18:22:00'),
(827, '45', 'Githurai', '20', 1, '2017-04-21 18:22:00', '2017-04-21 18:22:00'),
(828, '46', 'Yaya', '20', 1, '2017-04-21 18:22:00', '2017-04-21 18:22:00'),
(829, '47', 'Limuru', '20', 1, '2017-04-21 18:22:00', '2017-04-21 18:22:00'),
(830, '48', 'Westlands', '20', 1, '2017-04-21 18:22:00', '2017-04-21 18:22:00'),
(831, '49', 'Kagwe', '20', 1, '2017-04-21 18:22:00', '2017-04-21 18:22:00'),
(832, '51', 'Banana', '20', 1, '2017-04-21 18:22:00', '2017-04-21 18:22:00'),
(833, '53', 'Naivasha', '20', 1, '2017-04-21 18:22:00', '2017-04-21 18:22:00'),
(834, '54', 'Chuka', '20', 1, '2017-04-21 18:22:00', '2017-04-21 18:22:00'),
(835, '55', 'Nyeri', '20', 1, '2017-04-21 18:22:00', '2017-04-21 18:22:00'),
(836, '56', 'Karatina', '20', 1, '2017-04-21 18:22:00', '2017-04-21 18:22:00'),
(837, '57', 'Kerugoya', '20', 1, '2017-04-21 18:22:00', '2017-04-21 18:22:00'),
(838, '58', 'Tom Mboya', '20', 1, '2017-04-21 18:22:00', '2017-04-21 18:22:00'),
(839, '59', 'River Road', '20', 1, '2017-04-21 18:22:01', '2017-04-21 18:22:01'),
(840, '61', 'Kayole', '20', 1, '2017-04-21 18:22:01', '2017-04-21 18:22:01'),
(841, '62', 'Nkubu', '20', 1, '2017-04-21 18:22:01', '2017-04-21 18:22:01'),
(842, '63', 'Meru', '20', 1, '2017-04-21 18:22:01', '2017-04-21 18:22:01'),
(843, '64', 'Nanyuki', '20', 1, '2017-04-21 18:22:01', '2017-04-21 18:22:01'),
(844, '65', 'Ktda Plaza Corporate', '20', 1, '2017-04-21 18:22:01', '2017-04-21 18:22:01'),
(845, '66', 'Ongata Rongai', '20', 1, '2017-04-21 18:22:01', '2017-04-21 18:22:01'),
(846, '67', 'Kajiado', '20', 1, '2017-04-21 18:22:01', '2017-04-21 18:22:01'),
(847, '68', 'Fourways Corporate Branch', '20', 1, '2017-04-21 18:22:01', '2017-04-21 18:22:01'),
(848, '69', 'Ngara', '20', 1, '2017-04-21 18:22:01', '2017-04-21 18:22:01'),
(849, '71', 'Kitengela', '20', 1, '2017-04-21 18:22:01', '2017-04-21 18:22:01'),
(850, '72', 'Kitui', '20', 1, '2017-04-21 18:22:01', '2017-04-21 18:22:01'),
(851, '73', 'Mackakos', '20', 1, '2017-04-21 18:22:01', '2017-04-21 18:22:01'),
(852, '74', 'Migori', '20', 1, '2017-04-21 18:22:01', '2017-04-21 18:22:01'),
(853, '75', 'Embu', '20', 1, '2017-04-21 18:22:01', '2017-04-21 18:22:01'),
(854, '76', 'Mwea', '20', 1, '2017-04-21 18:22:01', '2017-04-21 18:22:01'),
(855, '77', 'Bungoma', '20', 1, '2017-04-21 18:22:01', '2017-04-21 18:22:01'),
(856, '78', 'Kakamega', '20', 1, '2017-04-21 18:22:01', '2017-04-21 18:22:01'),
(857, '79', 'Busia', '20', 1, '2017-04-21 18:22:01', '2017-04-21 18:22:01'),
(858, '81', 'Mumias', '20', 1, '2017-04-21 18:22:01', '2017-04-21 18:22:01'),
(859, '82', 'Eldoret West', '20', 1, '2017-04-21 18:22:01', '2017-04-21 18:22:01'),
(860, '83', 'Molo', '20', 1, '2017-04-21 18:22:01', '2017-04-21 18:22:01'),
(861, '84', 'Bomet', '20', 1, '2017-04-21 18:22:01', '2017-04-21 18:22:01'),
(862, '85', 'Eldoret', '20', 1, '2017-04-21 18:22:01', '2017-04-21 18:22:01'),
(863, '87', 'Leitin', '20', 1, '2017-04-21 18:22:01', '2017-04-21 18:22:01'),
(864, '89', 'Bamburi', '20', 1, '2017-04-21 18:22:01', '2017-04-21 18:22:01'),
(865, '91', 'Ukunda', '20', 1, '2017-04-21 18:22:01', '2017-04-21 18:22:01'),
(866, '92', 'Digo', '20', 1, '2017-04-21 18:22:01', '2017-04-21 18:22:01'),
(867, '93', 'Kitale', '20', 1, '2017-04-21 18:22:01', '2017-04-21 18:22:01'),
(868, '94', 'Mtwapa', '20', 1, '2017-04-21 18:22:01', '2017-04-21 18:22:01'),
(869, '95', 'Mombasa Nkrumah Road', '20', 1, '2017-04-21 18:22:01', '2017-04-21 18:22:01'),
(870, '96', 'Mombasa Jomo Kenyatta Avenue', '20', 1, '2017-04-21 18:22:01', '2017-04-21 18:22:01'),
(871, '97', 'Kapsabet', '20', 1, '2017-04-21 18:22:01', '2017-04-21 18:22:01'),
(872, '98', 'Malindi', '20', 1, '2017-04-21 18:22:01', '2017-04-21 18:22:01'),
(873, '102', 'Kikuyu', '20', 1, '2017-04-21 18:22:01', '2017-04-21 18:22:01'),
(874, NULL, 'head office', '21', 1, '2017-04-21 18:22:01', '2017-04-21 18:22:01'),
(875, NULL, 'Kariobangi', '21', 1, '2017-04-21 18:22:01', '2017-04-21 18:22:01'),
(876, NULL, 'Kawangware', '21', 1, '2017-04-21 18:22:01', '2017-04-21 18:22:01'),
(877, NULL, 'Ngong Road', '21', 1, '2017-04-21 18:22:01', '2017-04-21 18:22:01'),
(878, NULL, 'Kayole Branch', '21', 1, '2017-04-21 18:22:01', '2017-04-21 18:22:01'),
(879, NULL, 'OTC', '21', 1, '2017-04-21 18:22:01', '2017-04-21 18:22:01'),
(880, NULL, 'Thika Road', '21', 1, '2017-04-21 18:22:01', '2017-04-21 18:22:01'),
(881, NULL, 'Kibera', '21', 1, '2017-04-21 18:22:01', '2017-04-21 18:22:01'),
(882, NULL, 'Kimathi Street', '21', 1, '2017-04-21 18:22:01', '2017-04-21 18:22:01'),
(883, NULL, 'Kitengela', '21', 1, '2017-04-21 18:22:01', '2017-04-21 18:22:01'),
(884, NULL, 'Kitui', '21', 1, '2017-04-21 18:22:01', '2017-04-21 18:22:01'),
(885, NULL, 'Emali', '21', 1, '2017-04-21 18:22:01', '2017-04-21 18:22:01'),
(886, NULL, 'Wote', '21', 1, '2017-04-21 18:22:01', '2017-04-21 18:22:01'),
(887, NULL, 'Mwingi', '21', 1, '2017-04-21 18:22:02', '2017-04-21 18:22:02'),
(888, NULL, 'Makutano', '21', 1, '2017-04-21 18:22:02', '2017-04-21 18:22:02'),
(889, NULL, 'Nkubu', '21', 1, '2017-04-21 18:22:02', '2017-04-21 18:22:02'),
(890, NULL, 'Meru', '21', 1, '2017-04-21 18:22:02', '2017-04-21 18:22:02'),
(891, NULL, 'Maua', '21', 1, '2017-04-21 18:22:02', '2017-04-21 18:22:02'),
(892, NULL, 'Isiolo', '21', 1, '2017-04-21 18:22:02', '2017-04-21 18:22:02'),
(893, NULL, 'Embu', '21', 1, '2017-04-21 18:22:02', '2017-04-21 18:22:02'),
(894, NULL, 'Mwea', '21', 1, '2017-04-21 18:22:02', '2017-04-21 18:22:02'),
(895, NULL, 'Machakos', '21', 1, '2017-04-21 18:22:02', '2017-04-21 18:22:02'),
(896, NULL, 'Tala Plaza', '21', 1, '2017-04-21 18:22:02', '2017-04-21 18:22:02'),
(897, NULL, 'Kiserian', '21', 1, '2017-04-21 18:22:02', '2017-04-21 18:22:02'),
(898, NULL, 'Matuu', '21', 1, '2017-04-21 18:22:02', '2017-04-21 18:22:02'),
(899, NULL, 'Kiambu', '21', 1, '2017-04-21 18:22:02', '2017-04-21 18:22:02'),
(900, NULL, 'Muranga', '21', 1, '2017-04-21 18:22:02', '2017-04-21 18:22:02'),
(901, NULL, 'Nanyuki', '21', 1, '2017-04-21 18:22:02', '2017-04-21 18:22:02'),
(902, NULL, 'Timau', '21', 1, '2017-04-21 18:22:02', '2017-04-21 18:22:02'),
(903, NULL, 'Thika', '21', 1, '2017-04-21 18:22:02', '2017-04-21 18:22:02'),
(904, NULL, 'Githunguri', '21', 1, '2017-04-21 18:22:02', '2017-04-21 18:22:02'),
(905, NULL, 'Kerugoya', '21', 1, '2017-04-21 18:22:02', '2017-04-21 18:22:02'),
(906, NULL, 'Nyeri', '21', 1, '2017-04-21 18:22:02', '2017-04-21 18:22:02'),
(907, NULL, 'Karatina', '21', 1, '2017-04-21 18:22:02', '2017-04-21 18:22:02'),
(908, NULL, 'Rongai', '21', 1, '2017-04-21 18:22:02', '2017-04-21 18:22:02'),
(909, NULL, 'Narumoru', '21', 1, '2017-04-21 18:22:02', '2017-04-21 18:22:02'),
(910, NULL, 'Bungoma', '21', 1, '2017-04-21 18:22:02', '2017-04-21 18:22:02'),
(911, NULL, 'Webuye', '21', 1, '2017-04-21 18:22:02', '2017-04-21 18:22:02'),
(912, NULL, 'Mumias', '21', 1, '2017-04-21 18:22:02', '2017-04-21 18:22:02'),
(913, NULL, 'Kakamega', '21', 1, '2017-04-21 18:22:02', '2017-04-21 18:22:02'),
(914, NULL, 'Busia', '21', 1, '2017-04-21 18:22:02', '2017-04-21 18:22:02'),
(915, NULL, 'Kimilili', '21', 1, '2017-04-21 18:22:02', '2017-04-21 18:22:02'),
(916, NULL, 'Kapenguria', '21', 1, '2017-04-21 18:22:02', '2017-04-21 18:22:02'),
(917, NULL, 'Bomet', '21', 1, '2017-04-21 18:22:02', '2017-04-21 18:22:02'),
(918, NULL, 'Litein', '21', 1, '2017-04-21 18:22:02', '2017-04-21 18:22:02'),
(919, NULL, 'Kericho', '21', 1, '2017-04-21 18:22:02', '2017-04-21 18:22:02'),
(920, NULL, 'Kapsabet', '21', 1, '2017-04-21 18:22:02', '2017-04-21 18:22:02'),
(921, NULL, 'Kitale', '21', 1, '2017-04-21 18:22:02', '2017-04-21 18:22:02'),
(922, NULL, 'Kabarnet', '21', 1, '2017-04-21 18:22:02', '2017-04-21 18:22:02'),
(923, NULL, 'Rware Shop', '21', 1, '2017-04-21 18:22:02', '2017-04-21 18:22:02'),
(924, NULL, 'Maralal', '21', 1, '2017-04-21 18:22:02', '2017-04-21 18:22:02'),
(925, NULL, 'Olenguruone', '21', 1, '2017-04-21 18:22:02', '2017-04-21 18:22:02'),
(926, NULL, 'Eldoret', '21', 1, '2017-04-21 18:22:02', '2017-04-21 18:22:02'),
(927, NULL, 'Rumuruti', '21', 1, '2017-04-21 18:22:02', '2017-04-21 18:22:02'),
(928, NULL, 'Nyahururu', '21', 1, '2017-04-21 18:22:02', '2017-04-21 18:22:02'),
(929, NULL, 'Nakuru', '21', 1, '2017-04-21 18:22:02', '2017-04-21 18:22:02'),
(930, NULL, 'Eldama Ravine', '21', 1, '2017-04-21 18:22:02', '2017-04-21 18:22:02'),
(931, NULL, 'Naivasha', '21', 1, '2017-04-21 18:22:02', '2017-04-21 18:22:02'),
(932, NULL, 'Njambini', '21', 1, '2017-04-21 18:22:02', '2017-04-21 18:22:02'),
(933, NULL, 'Narok', '21', 1, '2017-04-21 18:22:02', '2017-04-21 18:22:02'),
(934, NULL, 'Molo', '21', 1, '2017-04-21 18:22:02', '2017-04-21 18:22:02'),
(935, NULL, 'Kinamba', '21', 1, '2017-04-21 18:22:02', '2017-04-21 18:22:02'),
(936, NULL, 'Njoro', '21', 1, '2017-04-21 18:22:02', '2017-04-21 18:22:02'),
(937, NULL, 'Mombasa Central', '21', 1, '2017-04-21 18:22:02', '2017-04-21 18:22:02'),
(938, NULL, 'Malindi', '21', 1, '2017-04-21 18:22:02', '2017-04-21 18:22:02'),
(939, NULL, 'Kengeleni', '21', 1, '2017-04-21 18:22:02', '2017-04-21 18:22:02'),
(940, NULL, 'Voi', '21', 1, '2017-04-21 18:22:02', '2017-04-21 18:22:02'),
(941, NULL, 'Changamwe', '21', 1, '2017-04-21 18:22:02', '2017-04-21 18:22:02'),
(942, NULL, 'Kongowea', '21', 1, '2017-04-21 18:22:02', '2017-04-21 18:22:02'),
(943, NULL, 'Ukunda', '21', 1, '2017-04-21 18:22:02', '2017-04-21 18:22:02'),
(944, NULL, 'Mpeketoni', '21', 1, '2017-04-21 18:22:02', '2017-04-21 18:22:02'),
(945, NULL, 'Kisumu', '21', 1, '2017-04-21 18:22:02', '2017-04-21 18:22:02'),
(946, NULL, 'Ugunja', '21', 1, '2017-04-21 18:22:02', '2017-04-21 18:22:02'),
(947, NULL, 'Bondo', '21', 1, '2017-04-21 18:22:02', '2017-04-21 18:22:02'),
(948, '0', 'Head Office', '22', 1, '2017-04-21 18:22:03', '2017-04-21 18:22:03'),
(949, '1', 'Kimathi Street', '22', 1, '2017-04-21 18:22:03', '2017-04-21 18:22:03'),
(950, '2', 'Ind Area', '22', 1, '2017-04-21 18:22:03', '2017-04-21 18:22:03'),
(951, '3', 'Westlands', '22', 1, '2017-04-21 18:22:03', '2017-04-21 18:22:03'),
(952, '4', 'Lavington', '22', 1, '2017-04-21 18:22:03', '2017-04-21 18:22:03'),
(953, '5', 'Nkrumah Road , Mombasa', '22', 1, '2017-04-21 18:22:03', '2017-04-21 18:22:03'),
(954, '6', 'Nakuru', '22', 1, '2017-04-21 18:22:03', '2017-04-21 18:22:03'),
(955, '7', 'Eldoret', '22', 1, '2017-04-21 18:22:03', '2017-04-21 18:22:03'),
(956, '8', 'Muthaiga', '22', 1, '2017-04-21 18:22:03', '2017-04-21 18:22:03'),
(957, '9', 'Nanyuki', '22', 1, '2017-04-21 18:22:03', '2017-04-21 18:22:03'),
(958, '10', 'Thika', '22', 1, '2017-04-21 18:22:03', '2017-04-21 18:22:03'),
(959, '11', 'Gikomba', '22', 1, '2017-04-21 18:22:03', '2017-04-21 18:22:03'),
(960, '12', 'Ngong Road', '22', 1, '2017-04-21 18:22:03', '2017-04-21 18:22:03'),
(961, '13', 'Meru', '22', 1, '2017-04-21 18:22:03', '2017-04-21 18:22:03'),
(962, '14', 'Nyali', '22', 1, '2017-04-21 18:22:03', '2017-04-21 18:22:03'),
(963, '1', 'Wabera Street', '23', 1, '2017-04-21 18:22:03', '2017-04-21 18:22:03'),
(964, '2', 'Eastleigh 1', '23', 1, '2017-04-21 18:22:03', '2017-04-21 18:22:03'),
(965, '3', 'Mombasa 1', '23', 1, '2017-04-21 18:22:03', '2017-04-21 18:22:03'),
(966, '4', 'Garissa', '23', 1, '2017-04-21 18:22:03', '2017-04-21 18:22:03'),
(967, '5', 'Eastleigh 2 - General Waruinge', '23', 1, '2017-04-21 18:22:03', '2017-04-21 18:22:03'),
(968, '6', 'Malindi', '23', 1, '2017-04-21 18:22:03', '2017-04-21 18:22:03'),
(969, '7', 'Kisumu', '23', 1, '2017-04-21 18:22:03', '2017-04-21 18:22:03'),
(970, '8', 'Kimathi Street', '23', 1, '2017-04-21 18:22:03', '2017-04-21 18:22:03'),
(971, '9', 'Westlands', '23', 1, '2017-04-21 18:22:03', '2017-04-21 18:22:03'),
(972, '10', 'South C', '23', 1, '2017-04-21 18:22:03', '2017-04-21 18:22:03'),
(973, '11', 'Industrial Area', '23', 1, '2017-04-21 18:22:03', '2017-04-21 18:22:03'),
(974, '12', 'Masalani', '23', 1, '2017-04-21 18:22:03', '2017-04-21 18:22:03'),
(975, '13', 'Habasweni', '23', 1, '2017-04-21 18:22:03', '2017-04-21 18:22:03'),
(976, '14', 'Wajir', '23', 1, '2017-04-21 18:22:03', '2017-04-21 18:22:03'),
(977, '15', 'Moyale', '23', 1, '2017-04-21 18:22:03', '2017-04-21 18:22:03'),
(978, '16', 'Nakuru', '23', 1, '2017-04-21 18:22:04', '2017-04-21 18:22:04'),
(979, '17', 'Mombasa 2', '23', 1, '2017-04-21 18:22:04', '2017-04-21 18:22:04'),
(980, '18', 'Lunga Lunga', '23', 1, '2017-04-21 18:22:04', '2017-04-21 18:22:04'),
(981, '999', 'Head Office/clearing Center', '23', 1, '2017-04-21 18:22:04', '2017-04-21 18:22:04'),
(982, '0', 'Banda', '24', 1, '2017-04-21 18:22:04', '2017-04-21 18:22:04'),
(983, '1', 'Mombasa', '24', 1, '2017-04-21 18:22:04', '2017-04-21 18:22:04'),
(984, '2', 'Industrial Area', '24', 1, '2017-04-21 18:22:04', '2017-04-21 18:22:04'),
(985, '3', 'Kimathi St.', '24', 1, '2017-04-21 18:22:04', '2017-04-21 18:22:04'),
(986, '4', 'Kisumu Branch', '24', 1, '2017-04-21 18:22:04', '2017-04-21 18:22:04'),
(987, '5', 'Westlands', '24', 1, '2017-04-21 18:22:04', '2017-04-21 18:22:04'),
(988, '7', 'Parklands 3rd Avenue', '24', 1, '2017-04-21 18:22:04', '2017-04-21 18:22:04'),
(989, '1', 'Head Office', '25', 1, '2017-04-21 18:22:04', '2017-04-21 18:22:04'),
(990, '2', 'Westlands', '25', 1, '2017-04-21 18:22:04', '2017-04-21 18:22:04'),
(991, '3', 'Mombasa', '25', 1, '2017-04-21 18:22:04', '2017-04-21 18:22:04'),
(992, '4', 'Eldoret', '25', 1, '2017-04-21 18:22:04', '2017-04-21 18:22:04'),
(993, '5', 'Kisumu', '25', 1, '2017-04-21 18:22:04', '2017-04-21 18:22:04'),
(994, '6', 'Moi Ave', '25', 1, '2017-04-21 18:22:04', '2017-04-21 18:22:04'),
(995, '7', 'Mombasa Road', '25', 1, '2017-04-21 18:22:04', '2017-04-21 18:22:04'),
(996, '8', 'Nyali', '25', 1, '2017-04-21 18:22:04', '2017-04-21 18:22:04'),
(997, '9', 'Ngong Road', '25', 1, '2017-04-21 18:22:04', '2017-04-21 18:22:04'),
(998, '10', 'Nakuru', '25', 1, '2017-04-21 18:22:04', '2017-04-21 18:22:04'),
(999, '0', 'Head Office', '26', 1, '2017-04-21 18:22:04', '2017-04-21 18:22:04'),
(1000, '1', 'Kimathi Street', '26', 1, '2017-04-21 18:22:04', '2017-04-21 18:22:04'),
(1001, '2', 'Ind Area', '26', 1, '2017-04-21 18:22:04', '2017-04-21 18:22:04'),
(1002, '3', 'Westlands', '26', 1, '2017-04-21 18:22:04', '2017-04-21 18:22:04'),
(1003, '4', 'Lavington', '26', 1, '2017-04-21 18:22:04', '2017-04-21 18:22:04'),
(1004, '5', 'Nkrumah Road , Mombasa', '26', 1, '2017-04-21 18:22:04', '2017-04-21 18:22:04'),
(1005, '6', 'Nakuru', '26', 1, '2017-04-21 18:22:04', '2017-04-21 18:22:04'),
(1006, '7', 'Eldoret', '26', 1, '2017-04-21 18:22:04', '2017-04-21 18:22:04'),
(1007, '8', 'Muthaiga', '26', 1, '2017-04-21 18:22:04', '2017-04-21 18:22:04'),
(1008, '9', 'Nanyuki', '26', 1, '2017-04-21 18:22:04', '2017-04-21 18:22:04'),
(1009, '10', 'Thika', '26', 1, '2017-04-21 18:22:04', '2017-04-21 18:22:04'),
(1010, '11', 'Gikomba', '26', 1, '2017-04-21 18:22:04', '2017-04-21 18:22:04'),
(1011, '12', 'Ngong Road', '26', 1, '2017-04-21 18:22:04', '2017-04-21 18:22:04'),
(1012, '13', 'Meru', '26', 1, '2017-04-21 18:22:04', '2017-04-21 18:22:04'),
(1013, '14', 'Nyali', '26', 1, '2017-04-21 18:22:04', '2017-04-21 18:22:04'),
(1014, '15', 'Sky Park', '26', 1, '2017-04-21 18:22:04', '2017-04-21 18:22:04'),
(1015, '16', 'Karen', '26', 1, '2017-04-21 18:22:04', '2017-04-21 18:22:04'),
(1016, '0', 'Head Office', '27', 1, '2017-04-21 18:22:04', '2017-04-21 18:22:04'),
(1017, '1', 'Central Clearing Centre', '27', 1, '2017-04-21 18:22:04', '2017-04-21 18:22:04'),
(1018, '2', 'Upperhill', '27', 1, '2017-04-21 18:22:04', '2017-04-21 18:22:04'),
(1019, '3', 'Eastleigh', '27', 1, '2017-04-21 18:22:04', '2017-04-21 18:22:04'),
(1020, '4', 'Kenyatta Avenue', '27', 1, '2017-04-21 18:22:04', '2017-04-21 18:22:04'),
(1021, '5', 'Mombasa', '27', 1, '2017-04-21 18:22:04', '2017-04-21 18:22:04'),
(1022, '6', 'Garissa', '27', 1, '2017-04-21 18:22:04', '2017-04-21 18:22:04'),
(1023, '7', 'Lamu', '27', 1, '2017-04-21 18:22:04', '2017-04-21 18:22:04'),
(1024, '8', 'Malindi', '27', 1, '2017-04-21 18:22:04', '2017-04-21 18:22:04'),
(1025, '9', 'Muthaiga', '27', 1, '2017-04-21 18:22:04', '2017-04-21 18:22:04'),
(1026, '10', 'Bondeni', '27', 1, '2017-04-21 18:22:04', '2017-04-21 18:22:04'),
(1027, '11', 'Eastleigh 7th Street', '27', 1, '2017-04-21 18:22:04', '2017-04-21 18:22:04'),
(1028, '12', 'Eastleigh Athumani Kipanga Street', '27', 1, '2017-04-21 18:22:04', '2017-04-21 18:22:04'),
(1029, '13', 'Westlands', '27', 1, '2017-04-21 18:22:04', '2017-04-21 18:22:04'),
(1030, '14', 'Industrial Area', '27', 1, '2017-04-21 18:22:04', '2017-04-21 18:22:04'),
(1031, '15', 'Jomo Kenyatta Avenue', '27', 1, '2017-04-21 18:22:04', '2017-04-21 18:22:04'),
(1032, '16', 'Bombululu', '27', 1, '2017-04-21 18:22:04', '2017-04-21 18:22:04'),
(1033, '17', 'Mombasa Road', '27', 1, '2017-04-21 18:22:04', '2017-04-21 18:22:04'),
(1034, '0', 'Head Office', '28', 1, '2017-04-21 18:22:04', '2017-04-21 18:22:04'),
(1035, '1', 'Mombasa', '28', 1, '2017-04-21 18:22:05', '2017-04-21 18:22:05'),
(1036, '2', 'Industrial Area', '28', 1, '2017-04-21 18:22:05', '2017-04-21 18:22:05'),
(1037, '3', 'Westlands', '28', 1, '2017-04-21 18:22:05', '2017-04-21 18:22:05'),
(1038, '4', 'Nyali', '28', 1, '2017-04-21 18:22:05', '2017-04-21 18:22:05'),
(1039, '46', 'Mombasa', '29', 1, '2017-04-21 18:22:05', '2017-04-21 18:22:05'),
(1040, '47', 'Malindi', '29', 1, '2017-04-21 18:22:05', '2017-04-21 18:22:05'),
(1041, '48', 'Kimathi Street', '29', 1, '2017-04-21 18:22:05', '2017-04-21 18:22:05'),
(1042, '49', 'Kenyatta Avenue', '29', 1, '2017-04-21 18:22:05', '2017-04-21 18:22:05'),
(1043, '86', 'Kisumu', '29', 1, '2017-04-21 18:22:05', '2017-04-21 18:22:05'),
(1044, '108', 'Industrial Area', '29', 1, '2017-04-21 18:22:05', '2017-04-21 18:22:05'),
(1045, '109', 'HBL Westlands', '29', 1, '2017-04-21 18:22:05', '2017-04-21 18:22:05'),
(1046, '16', 'Kitengela', '30', 1, '2017-04-21 18:22:05', '2017-04-21 18:22:05'),
(1047, '17', 'Naivasha', '30', 1, '2017-04-21 18:22:05', '2017-04-21 18:22:05'),
(1048, '100', 'Head Office', '30', 1, '2017-04-21 18:22:05', '2017-04-21 18:22:05'),
(1049, '200', 'Rehani House', '30', 1, '2017-04-21 18:22:05', '2017-04-21 18:22:05'),
(1050, '210', 'Kenyatta Market', '30', 1, '2017-04-21 18:22:05', '2017-04-21 18:22:05'),
(1051, '220', 'Gill House', '30', 1, '2017-04-21 18:22:05', '2017-04-21 18:22:05'),
(1052, '230', 'Buru Buru', '30', 1, '2017-04-21 18:22:05', '2017-04-21 18:22:05'),
(1053, '260', 'Thika Road Mall', '30', 1, '2017-04-21 18:22:05', '2017-04-21 18:22:05'),
(1054, '270', 'Sameer Business Park', '30', 1, '2017-04-21 18:22:05', '2017-04-21 18:22:05'),
(1055, '280', 'Westlands', '30', 1, '2017-04-21 18:22:05', '2017-04-21 18:22:05'),
(1056, '300', 'Mombasa', '30', 1, '2017-04-21 18:22:05', '2017-04-21 18:22:05'),
(1057, '310', 'Nyali', '30', 1, '2017-04-21 18:22:05', '2017-04-21 18:22:05'),
(1058, '400', 'Nakuru', '30', 1, '2017-04-21 18:22:05', '2017-04-21 18:22:05'),
(1059, '410', 'Eldoret', '30', 1, '2017-04-21 18:22:05', '2017-04-21 18:22:05'),
(1060, '500', 'Thika', '30', 1, '2017-04-21 18:22:05', '2017-04-21 18:22:05'),
(1061, '510', 'Nyeri', '30', 1, '2017-04-21 18:22:05', '2017-04-21 18:22:05'),
(1062, '520', 'Meru', '30', 1, '2017-04-21 18:22:05', '2017-04-21 18:22:05'),
(1063, '600', 'Kisumu', '30', 1, '2017-04-21 18:22:05', '2017-04-21 18:22:05'),
(1064, '0', 'Kenyatta Avenue', '31', 1, '2017-04-21 18:22:05', '2017-04-21 18:22:05'),
(1065, '1', '2nd Nong Avenue', '31', 1, '2017-04-21 18:22:05', '2017-04-21 18:22:05'),
(1066, '2', 'Sarit Centre', '31', 1, '2017-04-21 18:22:05', '2017-04-21 18:22:05'),
(1067, '3', 'Head Office', '31', 1, '2017-04-21 18:22:05', '2017-04-21 18:22:05'),
(1068, '4', 'Biashara St', '31', 1, '2017-04-21 18:22:05', '2017-04-21 18:22:05'),
(1069, '5', 'Mombasa', '31', 1, '2017-04-21 18:22:05', '2017-04-21 18:22:05'),
(1070, '6', 'Industrial Area', '31', 1, '2017-04-21 18:22:05', '2017-04-21 18:22:05'),
(1071, '7', 'Kisumu', '31', 1, '2017-04-21 18:22:05', '2017-04-21 18:22:05'),
(1072, '8', 'Karen', '31', 1, '2017-04-21 18:22:05', '2017-04-21 18:22:05'),
(1073, '9', 'Panari Centre', '31', 1, '2017-04-21 18:22:05', '2017-04-21 18:22:05'),
(1074, '10', 'Parklands', '31', 1, '2017-04-21 18:22:05', '2017-04-21 18:22:05'),
(1075, '11', 'Wilson Airport', '31', 1, '2017-04-21 18:22:05', '2017-04-21 18:22:05'),
(1076, '12', 'Ongata Rongai', '31', 1, '2017-04-21 18:22:05', '2017-04-21 18:22:05'),
(1077, '13', 'South C Shopping Centre', '31', 1, '2017-04-21 18:22:05', '2017-04-21 18:22:05'),
(1078, '14', 'Nyali Cinemax', '31', 1, '2017-04-21 18:22:05', '2017-04-21 18:22:05'),
(1079, '15', 'Langata Link', '31', 1, '2017-04-21 18:22:05', '2017-04-21 18:22:05'),
(1080, '16', 'Lavington', '31', 1, '2017-04-21 18:22:05', '2017-04-21 18:22:05'),
(1081, '17', 'Eldoret', '31', 1, '2017-04-21 18:22:05', '2017-04-21 18:22:05'),
(1082, '18', 'NAKURU', '31', 1, '2017-04-21 18:22:05', '2017-04-21 18:22:05'),
(1083, '19', 'Riversid Drive Branch', '31', 1, '2017-04-21 18:22:05', '2017-04-21 18:22:05'),
(1084, '20', 'Kisii', '31', 1, '2017-04-21 18:22:05', '2017-04-21 18:22:05'),
(1085, '21', 'Changamwe', '31', 1, '2017-04-21 18:22:05', '2017-04-21 18:22:05'),
(1086, '22', 'Malindi', '31', 1, '2017-04-21 18:22:05', '2017-04-21 18:22:05'),
(1087, '23', 'Nyeri', '31', 1, '2017-04-21 18:22:05', '2017-04-21 18:22:05'),
(1088, '24', 'Thika', '31', 1, '2017-04-21 18:22:06', '2017-04-21 18:22:06'),
(1089, '25', 'Gigiri', '31', 1, '2017-04-21 18:22:06', '2017-04-21 18:22:06'),
(1090, '26', 'Mtwapa', '31', 1, '2017-04-21 18:22:06', '2017-04-21 18:22:06'),
(1091, '27', 'Lavington Mall', '31', 1, '2017-04-21 18:22:06', '2017-04-21 18:22:06'),
(1092, '28', 'Kitale', '31', 1, '2017-04-21 18:22:06', '2017-04-21 18:22:06'),
(1093, '29', 'Lunga Lunga', '31', 1, '2017-04-21 18:22:06', '2017-04-21 18:22:06'),
(1094, '30', 'Yaya Centre', '31', 1, '2017-04-21 18:22:06', '2017-04-21 18:22:06'),
(1095, '31', 'I&M Bank Ltd Gateway Mall, Syokimau', '31', 1, '2017-04-21 18:22:06', '2017-04-21 18:22:06'),
(1096, '32', 'Garden City Mall', '31', 1, '2017-04-21 18:22:06', '2017-04-21 18:22:06'),
(1097, '98', 'Card Center', '31', 1, '2017-04-21 18:22:06', '2017-04-21 18:22:06'),
(1098, '1', 'IPS', '32', 1, '2017-04-21 18:22:06', '2017-04-21 18:22:06'),
(1099, '2', 'Mombasa', '32', 1, '2017-04-21 18:22:06', '2017-04-21 18:22:06'),
(1100, '3', 'Upper Hill', '32', 1, '2017-04-21 18:22:06', '2017-04-21 18:22:06'),
(1101, '4', 'Parklands', '32', 1, '2017-04-21 18:22:06', '2017-04-21 18:22:06'),
(1102, '5', 'Malindi', '32', 1, '2017-04-21 18:22:06', '2017-04-21 18:22:06'),
(1103, '6', 'Industrial Area', '32', 1, '2017-04-21 18:22:06', '2017-04-21 18:22:06'),
(1104, '7', 'Watamu', '32', 1, '2017-04-21 18:22:06', '2017-04-21 18:22:06'),
(1105, '8', 'Diani', '32', 1, '2017-04-21 18:22:06', '2017-04-21 18:22:06'),
(1106, '9', 'Kilifi', '32', 1, '2017-04-21 18:22:06', '2017-04-21 18:22:06'),
(1107, '10', 'Eldoret', '32', 1, '2017-04-21 18:22:06', '2017-04-21 18:22:06'),
(1108, '11', 'Karen', '32', 1, '2017-04-21 18:22:06', '2017-04-21 18:22:06'),
(1109, '12', 'Thika', '32', 1, '2017-04-21 18:22:06', '2017-04-21 18:22:06'),
(1110, '14', 'Changamwe', '32', 1, '2017-04-21 18:22:06', '2017-04-21 18:22:06'),
(1111, '15', 'Riverside', '32', 1, '2017-04-21 18:22:06', '2017-04-21 18:22:06'),
(1112, '16', 'Likoni', '32', 1, '2017-04-21 18:22:06', '2017-04-21 18:22:06'),
(1113, '17', 'HAILE SELASSIE ROAD', '32', 1, '2017-04-21 18:22:06', '2017-04-21 18:22:06'),
(1114, '18', 'Village Market', '32', 1, '2017-04-21 18:22:06', '2017-04-21 18:22:06'),
(1115, '19', 'Bamburi', '32', 1, '2017-04-21 18:22:06', '2017-04-21 18:22:06'),
(1116, '20', 'Junction Mall', '32', 1, '2017-04-21 18:22:06', '2017-04-21 18:22:06'),
(1117, '21', 'Greenspan mall', '32', 1, '2017-04-21 18:22:06', '2017-04-21 18:22:06'),
(1118, '22', 'Westside Mall', '32', 1, '2017-04-21 18:22:06', '2017-04-21 18:22:06'),
(1119, '23', 'Kenyatta Street Eldoret', '32', 1, '2017-04-21 18:22:06', '2017-04-21 18:22:06'),
(1120, '24', 'Westlands', '32', 1, '2017-04-21 18:22:06', '2017-04-21 18:22:06'),
(1121, '26', 'Highridge Branch', '32', 1, '2017-04-21 18:22:06', '2017-04-21 18:22:06'),
(1122, '27', 'Nyali Cinemax', '32', 1, '2017-04-21 18:22:06', '2017-04-21 18:22:06'),
(1123, '28', 'Garden City', '32', 1, '2017-04-21 18:22:06', '2017-04-21 18:22:06'),
(1124, '0', 'Head Office', '33', 1, '2017-04-21 18:22:06', '2017-04-21 18:22:06'),
(1125, '1', 'Koinange Street', '33', 1, '2017-04-21 18:22:06', '2017-04-21 18:22:06'),
(1126, '100', 'Kiongozi', '33', 1, '2017-04-21 18:22:06', '2017-04-21 18:22:06'),
(1127, '101', 'Kayole', '33', 1, '2017-04-21 18:22:06', '2017-04-21 18:22:06'),
(1128, '102', 'Eastleigh', '33', 1, '2017-04-21 18:22:06', '2017-04-21 18:22:06'),
(1129, '105', 'Kawangware', '33', 1, '2017-04-21 18:22:06', '2017-04-21 18:22:06'),
(1130, '106', 'Kibera', '33', 1, '2017-04-21 18:22:06', '2017-04-21 18:22:06'),
(1131, '107', 'Kariobangi', '33', 1, '2017-04-21 18:22:06', '2017-04-21 18:22:06'),
(1132, '111', 'Central Clearing Center', '33', 1, '2017-04-21 18:22:06', '2017-04-21 18:22:06'),
(1133, '114', 'Funzi Road', '33', 1, '2017-04-21 18:22:06', '2017-04-21 18:22:06'),
(1134, '115', 'Ngong Road', '33', 1, '2017-04-21 18:22:06', '2017-04-21 18:22:06'),
(1135, '116', 'Kirinyaga Road', '33', 1, '2017-04-21 18:22:06', '2017-04-21 18:22:06'),
(1136, '209', 'Machakos', '33', 1, '2017-04-21 18:22:06', '2017-04-21 18:22:06'),
(1137, '210', 'Mtwapa', '33', 1, '2017-04-21 18:22:06', '2017-04-21 18:22:06'),
(1138, '213', 'Kiritiri', '33', 1, '2017-04-21 18:22:06', '2017-04-21 18:22:06'),
(1139, '301', 'Thika', '33', 1, '2017-04-21 18:22:07', '2017-04-21 18:22:07'),
(1140, '303', 'Muranga', '33', 1, '2017-04-21 18:22:07', '2017-04-21 18:22:07'),
(1141, '306', 'Kikuyu', '33', 1, '2017-04-21 18:22:07', '2017-04-21 18:22:07'),
(1142, '307', 'Banana', '33', 1, '2017-04-21 18:22:07', '2017-04-21 18:22:07'),
(1143, '310', 'Utawala', '33', 1, '2017-04-21 18:22:07', '2017-04-21 18:22:07'),
(1144, '316', 'Nyeri', '33', 1, '2017-04-21 18:22:07', '2017-04-21 18:22:07'),
(1145, '402', 'Kisumu', '33', 1, '2017-04-21 18:22:07', '2017-04-21 18:22:07'),
(1146, '502', 'Ongata Rongai', '33', 1, '2017-04-21 18:22:07', '2017-04-21 18:22:07'),
(1147, '503', 'Kitengela', '33', 1, '2017-04-21 18:22:07', '2017-04-21 18:22:07'),
(1148, '507', 'Nakuru', '33', 1, '2017-04-21 18:22:07', '2017-04-21 18:22:07'),
(1149, '603', 'Mombasa', '33', 1, '2017-04-21 18:22:07', '2017-04-21 18:22:07'),
(1150, '91', 'Eastleigh', '34', 1, '2017-04-21 18:22:07', '2017-04-21 18:22:07'),
(1151, '92', 'KCB CPC', '34', 1, '2017-04-21 18:22:07', '2017-04-21 18:22:07'),
(1152, '94', 'Head Office', '34', 1, '2017-04-21 18:22:07', '2017-04-21 18:22:07'),
(1153, '95', 'Wote', '34', 1, '2017-04-21 18:22:07', '2017-04-21 18:22:07'),
(1154, '96', 'Head Office Finance', '34', 1, '2017-04-21 18:22:07', '2017-04-21 18:22:07'),
(1155, '100', 'Moi Avenue Nairobi', '34', 1, '2017-04-21 18:22:07', '2017-04-21 18:22:07'),
(1156, '101', 'Kipande House', '34', 1, '2017-04-21 18:22:07', '2017-04-21 18:22:07'),
(1157, '102', 'Treasury Sq Mombasa', '34', 1, '2017-04-21 18:22:07', '2017-04-21 18:22:07'),
(1158, '103', 'Nakuru', '34', 1, '2017-04-21 18:22:07', '2017-04-21 18:22:07'),
(1159, '104', 'Kicc', '34', 1, '2017-04-21 18:22:07', '2017-04-21 18:22:07'),
(1160, '105', 'Kisumu', '34', 1, '2017-04-21 18:22:07', '2017-04-21 18:22:07'),
(1161, '106', 'Kericho', '34', 1, '2017-04-21 18:22:07', '2017-04-21 18:22:07'),
(1162, '107', 'Tom Mboya', '34', 1, '2017-04-21 18:22:07', '2017-04-21 18:22:07'),
(1163, '108', 'Thika', '34', 1, '2017-04-21 18:22:07', '2017-04-21 18:22:07'),
(1164, '109', 'Eldoret', '34', 1, '2017-04-21 18:22:07', '2017-04-21 18:22:07'),
(1165, '110', 'Kakamega', '34', 1, '2017-04-21 18:22:07', '2017-04-21 18:22:07'),
(1166, '111', 'Kilindini Mombasa', '34', 1, '2017-04-21 18:22:07', '2017-04-21 18:22:07'),
(1167, '112', 'Nyeri', '34', 1, '2017-04-21 18:22:07', '2017-04-21 18:22:07'),
(1168, '113', 'Industrial Area Nairobi', '34', 1, '2017-04-21 18:22:07', '2017-04-21 18:22:07'),
(1169, '114', 'River Road', '34', 1, '2017-04-21 18:22:07', '2017-04-21 18:22:07'),
(1170, '115', 'Muranga', '34', 1, '2017-04-21 18:22:07', '2017-04-21 18:22:07'),
(1171, '116', 'Embu', '34', 1, '2017-04-21 18:22:07', '2017-04-21 18:22:07'),
(1172, '117', 'Kangema', '34', 1, '2017-04-21 18:22:07', '2017-04-21 18:22:07'),
(1173, '119', 'Kiambu', '34', 1, '2017-04-21 18:22:07', '2017-04-21 18:22:07'),
(1174, '120', 'Karatina', '34', 1, '2017-04-21 18:22:07', '2017-04-21 18:22:07'),
(1175, '121', 'Siaya', '34', 1, '2017-04-21 18:22:07', '2017-04-21 18:22:07'),
(1176, '122', 'Nyahururu', '34', 1, '2017-04-21 18:22:07', '2017-04-21 18:22:07'),
(1177, '123', 'Meru', '34', 1, '2017-04-21 18:22:07', '2017-04-21 18:22:07'),
(1178, '124', 'Mumias', '34', 1, '2017-04-21 18:22:07', '2017-04-21 18:22:07'),
(1179, '125', 'Nanyuki', '34', 1, '2017-04-21 18:22:08', '2017-04-21 18:22:08'),
(1180, '127', 'Moyale', '34', 1, '2017-04-21 18:22:08', '2017-04-21 18:22:08'),
(1181, '129', 'Kikuyu', '34', 1, '2017-04-21 18:22:08', '2017-04-21 18:22:08'),
(1182, '130', 'Tala', '34', 1, '2017-04-21 18:22:08', '2017-04-21 18:22:08'),
(1183, '131', 'Kajiado', '34', 1, '2017-04-21 18:22:08', '2017-04-21 18:22:08'),
(1184, '133', 'KCB Custody services', '34', 1, '2017-04-21 18:22:08', '2017-04-21 18:22:08'),
(1185, '134', 'Matuu', '34', 1, '2017-04-21 18:22:08', '2017-04-21 18:22:08'),
(1186, '135', 'Kitui', '34', 1, '2017-04-21 18:22:08', '2017-04-21 18:22:08'),
(1187, '136', 'Mvita', '34', 1, '2017-04-21 18:22:08', '2017-04-21 18:22:08'),
(1188, '137', 'Jogoo Rd Nairobi', '34', 1, '2017-04-21 18:22:08', '2017-04-21 18:22:08'),
(1189, '139', 'Card Centre', '34', 1, '2017-04-21 18:22:08', '2017-04-21 18:22:08'),
(1190, '140', 'Marsabit', '34', 1, '2017-04-21 18:22:08', '2017-04-21 18:22:08'),
(1191, '141', 'Sarit Centre', '34', 1, '2017-04-21 18:22:08', '2017-04-21 18:22:08'),
(1192, '142', 'Loitokitok', '34', 1, '2017-04-21 18:22:08', '2017-04-21 18:22:08'),
(1193, '143', 'Nandi Hills', '34', 1, '2017-04-21 18:22:08', '2017-04-21 18:22:08'),
(1194, '144', 'Lodwar', '34', 1, '2017-04-21 18:22:08', '2017-04-21 18:22:08'),
(1195, '145', 'Un Gigiri', '34', 1, '2017-04-21 18:22:08', '2017-04-21 18:22:08'),
(1196, '146', 'Hola', '34', 1, '2017-04-21 18:22:08', '2017-04-21 18:22:08'),
(1197, '147', 'Ruiru', '34', 1, '2017-04-21 18:22:08', '2017-04-21 18:22:08'),
(1198, '148', 'Mwingi', '34', 1, '2017-04-21 18:22:08', '2017-04-21 18:22:08'),
(1199, '149', 'Kitale', '34', 1, '2017-04-21 18:22:08', '2017-04-21 18:22:08'),
(1200, '150', 'Mandera', '34', 1, '2017-04-21 18:22:08', '2017-04-21 18:22:08'),
(1201, '151', 'Kapenguria', '34', 1, '2017-04-21 18:22:08', '2017-04-21 18:22:08'),
(1202, '152', 'Kabarnet', '34', 1, '2017-04-21 18:22:08', '2017-04-21 18:22:08'),
(1203, '153', 'Wajir', '34', 1, '2017-04-21 18:22:08', '2017-04-21 18:22:08'),
(1204, '154', 'Maralal', '34', 1, '2017-04-21 18:22:08', '2017-04-21 18:22:08'),
(1205, '155', 'Limuru', '34', 1, '2017-04-21 18:22:08', '2017-04-21 18:22:08'),
(1206, '157', 'Ukunda', '34', 1, '2017-04-21 18:22:08', '2017-04-21 18:22:08'),
(1207, '158', 'Iten', '34', 1, '2017-04-21 18:22:08', '2017-04-21 18:22:08'),
(1208, '159', 'Gilgil', '34', 1, '2017-04-21 18:22:08', '2017-04-21 18:22:08'),
(1209, '161', 'Ongata Rongai', '34', 1, '2017-04-21 18:22:08', '2017-04-21 18:22:08'),
(1210, '162', 'Kitengela', '34', 1, '2017-04-21 18:22:08', '2017-04-21 18:22:08'),
(1211, '163', 'Eldama Ravine', '34', 1, '2017-04-21 18:22:08', '2017-04-21 18:22:08'),
(1212, '164', 'Kibwezi', '34', 1, '2017-04-21 18:22:08', '2017-04-21 18:22:08'),
(1213, '166', 'Kapsabet', '34', 1, '2017-04-21 18:22:08', '2017-04-21 18:22:08'),
(1214, '167', 'University Way', '34', 1, '2017-04-21 18:22:08', '2017-04-21 18:22:08'),
(1215, '168', 'KCB Eldoret West', '34', 1, '2017-04-21 18:22:08', '2017-04-21 18:22:08'),
(1216, '169', 'Garissa', '34', 1, '2017-04-21 18:22:08', '2017-04-21 18:22:08'),
(1217, '173', 'Lamu', '34', 1, '2017-04-21 18:22:08', '2017-04-21 18:22:08'),
(1218, '174', 'Kilifi', '34', 1, '2017-04-21 18:22:08', '2017-04-21 18:22:08'),
(1219, '175', 'Milimani', '34', 1, '2017-04-21 18:22:08', '2017-04-21 18:22:08'),
(1220, '176', 'Nyamira', '34', 1, '2017-04-21 18:22:09', '2017-04-21 18:22:09'),
(1221, '177', 'Mukuruweini', '34', 1, '2017-04-21 18:22:09', '2017-04-21 18:22:09'),
(1222, '180', 'Village Market', '34', 1, '2017-04-21 18:22:09', '2017-04-21 18:22:09'),
(1223, '181', 'Bomet', '34', 1, '2017-04-21 18:22:09', '2017-04-21 18:22:09'),
(1224, '183', 'Mbale', '34', 1, '2017-04-21 18:22:09', '2017-04-21 18:22:09'),
(1225, '184', 'Narok', '34', 1, '2017-04-21 18:22:09', '2017-04-21 18:22:09'),
(1226, '185', 'Othaya', '34', 1, '2017-04-21 18:22:09', '2017-04-21 18:22:09'),
(1227, '186', 'Voi', '34', 1, '2017-04-21 18:22:09', '2017-04-21 18:22:09'),
(1228, '188', 'Webuye', '34', 1, '2017-04-21 18:22:09', '2017-04-21 18:22:09'),
(1229, '189', 'Sotik', '34', 1, '2017-04-21 18:22:09', '2017-04-21 18:22:09'),
(1230, '190', 'Naivasha', '34', 1, '2017-04-21 18:22:09', '2017-04-21 18:22:09'),
(1231, '191', 'Kisii', '34', 1, '2017-04-21 18:22:09', '2017-04-21 18:22:09');
INSERT INTO `bank_branches` (`id`, `branch_code`, `bank_branch_name`, `bank_id`, `organization_id`, `created_at`, `updated_at`) VALUES
(1232, '192', 'Migori', '34', 1, '2017-04-21 18:22:09', '2017-04-21 18:22:09'),
(1233, '193', 'Githunguri', '34', 1, '2017-04-21 18:22:09', '2017-04-21 18:22:09'),
(1234, '194', 'Machakos', '34', 1, '2017-04-21 18:22:09', '2017-04-21 18:22:09'),
(1235, '195', 'Kerugoya', '34', 1, '2017-04-21 18:22:09', '2017-04-21 18:22:09'),
(1236, '196', 'Chuka', '34', 1, '2017-04-21 18:22:09', '2017-04-21 18:22:09'),
(1237, '197', 'Bungoma', '34', 1, '2017-04-21 18:22:09', '2017-04-21 18:22:09'),
(1238, '198', 'Wundanyi', '34', 1, '2017-04-21 18:22:09', '2017-04-21 18:22:09'),
(1239, '199', 'Malindi', '34', 1, '2017-04-21 18:22:09', '2017-04-21 18:22:09'),
(1240, '201', 'Capital Hill', '34', 1, '2017-04-21 18:22:09', '2017-04-21 18:22:09'),
(1241, '202', 'Karen', '34', 1, '2017-04-21 18:22:09', '2017-04-21 18:22:09'),
(1242, '203', 'Lokichogio', '34', 1, '2017-04-21 18:22:09', '2017-04-21 18:22:09'),
(1243, '204', 'Gateway Msa Road', '34', 1, '2017-04-21 18:22:09', '2017-04-21 18:22:09'),
(1244, '205', 'Buruburu', '34', 1, '2017-04-21 18:22:09', '2017-04-21 18:22:09'),
(1245, '206', 'Chogoria', '34', 1, '2017-04-21 18:22:09', '2017-04-21 18:22:09'),
(1246, '207', 'Kangare', '34', 1, '2017-04-21 18:22:09', '2017-04-21 18:22:09'),
(1247, '208', 'Kianyaga', '34', 1, '2017-04-21 18:22:09', '2017-04-21 18:22:09'),
(1248, '209', 'Nkubu', '34', 1, '2017-04-21 18:22:09', '2017-04-21 18:22:09'),
(1249, '210', 'Ol Kalou', '34', 1, '2017-04-21 18:22:09', '2017-04-21 18:22:09'),
(1250, '211', 'Makuyu', '34', 1, '2017-04-21 18:22:09', '2017-04-21 18:22:09'),
(1251, '212', 'Mwea', '34', 1, '2017-04-21 18:22:09', '2017-04-21 18:22:09'),
(1252, '213', 'Njambini', '34', 1, '2017-04-21 18:22:09', '2017-04-21 18:22:09'),
(1253, '214', 'Gatundu', '34', 1, '2017-04-21 18:22:09', '2017-04-21 18:22:09'),
(1254, '215', 'Emali', '34', 1, '2017-04-21 18:22:09', '2017-04-21 18:22:09'),
(1255, '216', 'Isiolo', '34', 1, '2017-04-21 18:22:09', '2017-04-21 18:22:09'),
(1256, '217', 'KCB Flamingo', '34', 1, '2017-04-21 18:22:09', '2017-04-21 18:22:09'),
(1257, '218', 'Njoro', '34', 1, '2017-04-21 18:22:09', '2017-04-21 18:22:09'),
(1258, '219', 'Mutomo', '34', 1, '2017-04-21 18:22:09', '2017-04-21 18:22:09'),
(1259, '220', 'Mariakani', '34', 1, '2017-04-21 18:22:09', '2017-04-21 18:22:09'),
(1260, '221', 'Mpeketoni', '34', 1, '2017-04-21 18:22:09', '2017-04-21 18:22:09'),
(1261, '222', 'Mtitu Andei', '34', 1, '2017-04-21 18:22:09', '2017-04-21 18:22:09'),
(1262, '223', 'Mtwapa', '34', 1, '2017-04-21 18:22:09', '2017-04-21 18:22:09'),
(1263, '224', 'Taveta', '34', 1, '2017-04-21 18:22:09', '2017-04-21 18:22:09'),
(1264, '225', 'Kengeleni', '34', 1, '2017-04-21 18:22:09', '2017-04-21 18:22:09'),
(1265, '226', 'Garsen', '34', 1, '2017-04-21 18:22:09', '2017-04-21 18:22:09'),
(1266, '227', 'Watamu', '34', 1, '2017-04-21 18:22:09', '2017-04-21 18:22:09'),
(1267, '228', 'Bondo', '34', 1, '2017-04-21 18:22:09', '2017-04-21 18:22:09'),
(1268, '229', 'Busia', '34', 1, '2017-04-21 18:22:09', '2017-04-21 18:22:09'),
(1269, '230', 'Homa Bay', '34', 1, '2017-04-21 18:22:09', '2017-04-21 18:22:09'),
(1270, '231', 'Kapsowar', '34', 1, '2017-04-21 18:22:09', '2017-04-21 18:22:09'),
(1271, '232', 'Kehancha', '34', 1, '2017-04-21 18:22:09', '2017-04-21 18:22:09'),
(1272, '233', 'Keroka', '34', 1, '2017-04-21 18:22:09', '2017-04-21 18:22:09'),
(1273, '234', 'Kilgoris', '34', 1, '2017-04-21 18:22:09', '2017-04-21 18:22:09'),
(1274, '235', 'Kimilili', '34', 1, '2017-04-21 18:22:09', '2017-04-21 18:22:09'),
(1275, '236', 'Litein', '34', 1, '2017-04-21 18:22:09', '2017-04-21 18:22:09'),
(1276, '237', 'Londiani Branch', '34', 1, '2017-04-21 18:22:09', '2017-04-21 18:22:09'),
(1277, '238', 'Luanda', '34', 1, '2017-04-21 18:22:09', '2017-04-21 18:22:09'),
(1278, '239', 'Malaba', '34', 1, '2017-04-21 18:22:09', '2017-04-21 18:22:09'),
(1279, '240', 'Muhoroni', '34', 1, '2017-04-21 18:22:09', '2017-04-21 18:22:09'),
(1280, '241', 'Oyugis', '34', 1, '2017-04-21 18:22:10', '2017-04-21 18:22:10'),
(1281, '242', 'Ugunja', '34', 1, '2017-04-21 18:22:10', '2017-04-21 18:22:10'),
(1282, '243', 'United Mall', '34', 1, '2017-04-21 18:22:10', '2017-04-21 18:22:10'),
(1283, '244', 'Serem', '34', 1, '2017-04-21 18:22:10', '2017-04-21 18:22:10'),
(1284, '245', 'Sondu', '34', 1, '2017-04-21 18:22:10', '2017-04-21 18:22:10'),
(1285, '246', 'Kisumu West', '34', 1, '2017-04-21 18:22:10', '2017-04-21 18:22:10'),
(1286, '247', 'Marigat', '34', 1, '2017-04-21 18:22:10', '2017-04-21 18:22:10'),
(1287, '248', 'Mois Bridge', '34', 1, '2017-04-21 18:22:10', '2017-04-21 18:22:10'),
(1288, '249', 'Mashariki', '34', 1, '2017-04-21 18:22:10', '2017-04-21 18:22:10'),
(1289, '250', 'Naro Moro', '34', 1, '2017-04-21 18:22:10', '2017-04-21 18:22:10'),
(1290, '251', 'Kiriaini', '34', 1, '2017-04-21 18:22:10', '2017-04-21 18:22:10'),
(1291, '252', 'Egerton University', '34', 1, '2017-04-21 18:22:10', '2017-04-21 18:22:10'),
(1292, '253', 'Maua', '34', 1, '2017-04-21 18:22:10', '2017-04-21 18:22:10'),
(1293, '254', 'Kawangare', '34', 1, '2017-04-21 18:22:10', '2017-04-21 18:22:10'),
(1294, '255', 'Kimathi', '34', 1, '2017-04-21 18:22:10', '2017-04-21 18:22:10'),
(1295, '256', 'Namanga', '34', 1, '2017-04-21 18:22:10', '2017-04-21 18:22:10'),
(1296, '257', 'Gikomba', '34', 1, '2017-04-21 18:22:10', '2017-04-21 18:22:10'),
(1297, '258', 'Kwale', '34', 1, '2017-04-21 18:22:10', '2017-04-21 18:22:10'),
(1298, '259', 'Prestige Plaza', '34', 1, '2017-04-21 18:22:10', '2017-04-21 18:22:10'),
(1299, '260', 'Kariobangi', '34', 1, '2017-04-21 18:22:10', '2017-04-21 18:22:10'),
(1300, '263', 'Biashara Street', '34', 1, '2017-04-21 18:22:10', '2017-04-21 18:22:10'),
(1301, '266', 'Ngara', '34', 1, '2017-04-21 18:22:10', '2017-04-21 18:22:10'),
(1302, '267', 'Kyuso', '34', 1, '2017-04-21 18:22:10', '2017-04-21 18:22:10'),
(1303, '270', 'Masii', '34', 1, '2017-04-21 18:22:10', '2017-04-21 18:22:10'),
(1304, '271', 'Menengai Crater', '34', 1, '2017-04-21 18:22:10', '2017-04-21 18:22:10'),
(1305, '272', 'Town Centre', '34', 1, '2017-04-21 18:22:10', '2017-04-21 18:22:10'),
(1306, '278', 'Makindu', '34', 1, '2017-04-21 18:22:10', '2017-04-21 18:22:10'),
(1307, '283', 'Rongo', '34', 1, '2017-04-21 18:22:10', '2017-04-21 18:22:10'),
(1308, '284', 'Isibania', '34', 1, '2017-04-21 18:22:10', '2017-04-21 18:22:10'),
(1309, '285', 'Kiserian', '34', 1, '2017-04-21 18:22:10', '2017-04-21 18:22:10'),
(1310, '286', 'Mwembe Tayari', '34', 1, '2017-04-21 18:22:10', '2017-04-21 18:22:10'),
(1311, '287', 'Kisauni', '34', 1, '2017-04-21 18:22:10', '2017-04-21 18:22:10'),
(1312, '288', 'Haile Selassie', '34', 1, '2017-04-21 18:22:10', '2017-04-21 18:22:10'),
(1313, '289', 'Salama House Mortgage Centre', '34', 1, '2017-04-21 18:22:10', '2017-04-21 18:22:10'),
(1314, '290', 'Garden Plaza', '34', 1, '2017-04-21 18:22:10', '2017-04-21 18:22:10'),
(1315, '291', 'Sarit Centre Mortgage Centre', '34', 1, '2017-04-21 18:22:10', '2017-04-21 18:22:10'),
(1316, '292', 'Cpc Bulk Corporate Cheques', '34', 1, '2017-04-21 18:22:10', '2017-04-21 18:22:10'),
(1317, '293', 'Trade Services', '34', 1, '2017-04-21 18:22:10', '2017-04-21 18:22:10'),
(1318, '295', 'Nairobi High Court', '34', 1, '2017-04-21 18:22:10', '2017-04-21 18:22:10'),
(1319, '296', 'Mombasa High Court', '34', 1, '2017-04-21 18:22:10', '2017-04-21 18:22:10'),
(1320, '297', 'Kisumu Airport', '34', 1, '2017-04-21 18:22:10', '2017-04-21 18:22:10'),
(1321, '298', 'Port Victoria', '34', 1, '2017-04-21 18:22:10', '2017-04-21 18:22:10'),
(1322, '299', 'Moi International Airport', '34', 1, '2017-04-21 18:22:10', '2017-04-21 18:22:10'),
(1323, '300', 'Nyali', '34', 1, '2017-04-21 18:22:10', '2017-04-21 18:22:10'),
(1324, '301', 'Westgate Advantage', '34', 1, '2017-04-21 18:22:11', '2017-04-21 18:22:11'),
(1325, '302', 'Diaspora', '34', 1, '2017-04-21 18:22:11', '2017-04-21 18:22:11'),
(1326, '303', 'Kisii West', '34', 1, '2017-04-21 18:22:11', '2017-04-21 18:22:11'),
(1327, '304', 'Mbita', '34', 1, '2017-04-21 18:22:11', '2017-04-21 18:22:11'),
(1328, '305', 'Sori', '34', 1, '2017-04-21 18:22:11', '2017-04-21 18:22:11'),
(1329, '306', 'Hurlingham', '34', 1, '2017-04-21 18:22:11', '2017-04-21 18:22:11'),
(1330, '307', 'Kibera', '34', 1, '2017-04-21 18:22:11', '2017-04-21 18:22:11'),
(1331, '308', 'Thika Road Mall Branch', '34', 1, '2017-04-21 18:22:11', '2017-04-21 18:22:11'),
(1332, '309', 'Kasarani Branch', '34', 1, '2017-04-21 18:22:11', '2017-04-21 18:22:11'),
(1333, '310', 'KCB Maasai Mara', '34', 1, '2017-04-21 18:22:11', '2017-04-21 18:22:11'),
(1334, '311', 'KCB Kabartonjo', '34', 1, '2017-04-21 18:22:11', '2017-04-21 18:22:11'),
(1335, '312', 'KCB Eldoret East', '34', 1, '2017-04-21 18:22:11', '2017-04-21 18:22:11'),
(1336, '313', 'Kikim', '34', 1, '2017-04-21 18:22:11', '2017-04-21 18:22:11'),
(1337, '314', 'KCB JKUAT', '34', 1, '2017-04-21 18:22:11', '2017-04-21 18:22:11'),
(1338, '315', 'KCB Changamwe', '34', 1, '2017-04-21 18:22:11', '2017-04-21 18:22:11'),
(1339, '316', 'KCB Makongeni', '34', 1, '2017-04-21 18:22:11', '2017-04-21 18:22:11'),
(1340, '317', 'KCB Syokimau', '34', 1, '2017-04-21 18:22:11', '2017-04-21 18:22:11'),
(1341, '318', 'KCB Moi Referral Hospital', '34', 1, '2017-04-21 18:22:11', '2017-04-21 18:22:11'),
(1342, '319', 'KCB Kitale Advantage', '34', 1, '2017-04-21 18:22:11', '2017-04-21 18:22:11'),
(1343, '320', 'KCB Lavington', '34', 1, '2017-04-21 18:22:11', '2017-04-21 18:22:11'),
(1344, '321', 'KCB ICD Kibarani', '34', 1, '2017-04-21 18:22:11', '2017-04-21 18:22:11'),
(1345, '322', 'KCB Riverside Advantage', '34', 1, '2017-04-21 18:22:11', '2017-04-21 18:22:11'),
(1346, '323', 'KCB Gigiri Square', '34', 1, '2017-04-21 18:22:11', '2017-04-21 18:22:11'),
(1347, NULL, 'head quarters', '35', 1, '2017-04-21 18:22:11', '2017-04-21 18:22:11'),
(1348, NULL, 'North Rift', '35', 1, '2017-04-21 18:22:11', '2017-04-21 18:22:11'),
(1349, NULL, 'Nandi hills', '35', 1, '2017-04-21 18:22:11', '2017-04-21 18:22:11'),
(1350, NULL, 'Eldoret', '35', 1, '2017-04-21 18:22:11', '2017-04-21 18:22:11'),
(1351, NULL, 'Trans-Nzoia', '35', 1, '2017-04-21 18:22:11', '2017-04-21 18:22:11'),
(1352, NULL, 'Bomet', '35', 1, '2017-04-21 18:22:11', '2017-04-21 18:22:11'),
(1353, NULL, 'Kericho', '35', 1, '2017-04-21 18:22:11', '2017-04-21 18:22:11'),
(1354, NULL, 'Lodwar', '35', 1, '2017-04-21 18:22:11', '2017-04-21 18:22:11'),
(1355, NULL, 'Malaba', '35', 1, '2017-04-21 18:22:11', '2017-04-21 18:22:11'),
(1356, NULL, 'Kakamega', '35', 1, '2017-04-21 18:22:11', '2017-04-21 18:22:11'),
(1357, NULL, 'Serem', '35', 1, '2017-04-21 18:22:11', '2017-04-21 18:22:11'),
(1358, NULL, 'Nakuru', '35', 1, '2017-04-21 18:22:11', '2017-04-21 18:22:11'),
(1359, NULL, 'Njambini', '35', 1, '2017-04-21 18:22:11', '2017-04-21 18:22:11'),
(1360, NULL, 'Gilgil', '35', 1, '2017-04-21 18:22:11', '2017-04-21 18:22:11'),
(1361, NULL, 'Embu', '35', 1, '2017-04-21 18:22:11', '2017-04-21 18:22:11'),
(1362, NULL, 'Mwea', '35', 1, '2017-04-21 18:22:11', '2017-04-21 18:22:11'),
(1363, NULL, 'Tharaka', '35', 1, '2017-04-21 18:22:11', '2017-04-21 18:22:11'),
(1364, NULL, 'Mbeere', '35', 1, '2017-04-21 18:22:11', '2017-04-21 18:22:11'),
(1365, NULL, 'Nkubu', '35', 1, '2017-04-21 18:22:11', '2017-04-21 18:22:11'),
(1366, NULL, 'Meru', '35', 1, '2017-04-21 18:22:11', '2017-04-21 18:22:11'),
(1367, NULL, 'Maua', '35', 1, '2017-04-21 18:22:12', '2017-04-21 18:22:12'),
(1368, NULL, 'Mount Kenya', '35', 1, '2017-04-21 18:22:12', '2017-04-21 18:22:12'),
(1369, NULL, 'Narumoru', '35', 1, '2017-04-21 18:22:12', '2017-04-21 18:22:12'),
(1370, NULL, 'Othaya', '35', 1, '2017-04-21 18:22:12', '2017-04-21 18:22:12'),
(1371, NULL, 'Mukurweini', '35', 1, '2017-04-21 18:22:12', '2017-04-21 18:22:12'),
(1372, NULL, 'Machakos', '35', 1, '2017-04-21 18:22:12', '2017-04-21 18:22:12'),
(1373, NULL, 'Matuu', '35', 1, '2017-04-21 18:22:12', '2017-04-21 18:22:12'),
(1374, NULL, 'Masii', '35', 1, '2017-04-21 18:22:12', '2017-04-21 18:22:12'),
(1375, NULL, 'Kyuso', '35', 1, '2017-04-21 18:22:12', '2017-04-21 18:22:12'),
(1376, NULL, 'Machakos 760 Hotel', '35', 1, '2017-04-21 18:22:12', '2017-04-21 18:22:12'),
(1377, NULL, 'Mwingi', '35', 1, '2017-04-21 18:22:12', '2017-04-21 18:22:12'),
(1378, NULL, 'Tala', '35', 1, '2017-04-21 18:22:12', '2017-04-21 18:22:12'),
(1379, NULL, 'Kitui', '35', 1, '2017-04-21 18:22:12', '2017-04-21 18:22:12'),
(1380, NULL, 'Migori', '35', 1, '2017-04-21 18:22:12', '2017-04-21 18:22:12'),
(1381, NULL, 'Thika', '35', 1, '2017-04-21 18:22:12', '2017-04-21 18:22:12'),
(1382, NULL, 'Ruiru', '35', 1, '2017-04-21 18:22:12', '2017-04-21 18:22:12'),
(1383, NULL, 'Gatundu', '35', 1, '2017-04-21 18:22:12', '2017-04-21 18:22:12'),
(1384, NULL, 'Githurai 45', '35', 1, '2017-04-21 18:22:12', '2017-04-21 18:22:12'),
(1385, NULL, 'Kiambu', '35', 1, '2017-04-21 18:22:12', '2017-04-21 18:22:12'),
(1386, NULL, 'Nairobi', '35', 1, '2017-04-21 18:22:12', '2017-04-21 18:22:12'),
(1387, NULL, 'Gikomba', '35', 1, '2017-04-21 18:22:12', '2017-04-21 18:22:12'),
(1388, NULL, 'Nairobi west', '35', 1, '2017-04-21 18:22:12', '2017-04-21 18:22:12'),
(1389, NULL, 'Embakasi', '35', 1, '2017-04-21 18:22:12', '2017-04-21 18:22:12'),
(1390, NULL, 'River road', '35', 1, '2017-04-21 18:22:12', '2017-04-21 18:22:12'),
(1391, NULL, 'Kibwezi', '35', 1, '2017-04-21 18:22:12', '2017-04-21 18:22:12'),
(1392, NULL, 'Emali', '35', 1, '2017-04-21 18:22:12', '2017-04-21 18:22:12'),
(1393, NULL, 'Nunguni', '35', 1, '2017-04-21 18:22:12', '2017-04-21 18:22:12'),
(1394, NULL, 'Wote', '35', 1, '2017-04-21 18:22:12', '2017-04-21 18:22:12'),
(1395, NULL, 'Loitoktok', '35', 1, '2017-04-21 18:22:12', '2017-04-21 18:22:12'),
(1396, NULL, 'Taveta', '35', 1, '2017-04-21 18:22:12', '2017-04-21 18:22:12'),
(1397, NULL, 'Garsen', '35', 1, '2017-04-21 18:22:12', '2017-04-21 18:22:12'),
(1398, NULL, 'Wundanyi', '35', 1, '2017-04-21 18:22:12', '2017-04-21 18:22:12'),
(1399, NULL, 'Mwatate', '35', 1, '2017-04-21 18:22:12', '2017-04-21 18:22:12'),
(1400, NULL, 'Voi', '35', 1, '2017-04-21 18:22:12', '2017-04-21 18:22:12'),
(1401, NULL, 'Kitengela', '35', 1, '2017-04-21 18:22:12', '2017-04-21 18:22:12'),
(1402, NULL, 'Mombasa', '35', 1, '2017-04-21 18:22:12', '2017-04-21 18:22:12'),
(1403, NULL, 'Malindi', '35', 1, '2017-04-21 18:22:12', '2017-04-21 18:22:12'),
(1404, '0', 'Head Office', '36', 1, '2017-04-21 18:22:12', '2017-04-21 18:22:12'),
(1405, '1', 'Main Office', '36', 1, '2017-04-21 18:22:12', '2017-04-21 18:22:12'),
(1406, '2', 'Mombasa', '36', 1, '2017-04-21 18:22:12', '2017-04-21 18:22:12'),
(1407, '3', 'Kenyatta Ave Nbi', '36', 1, '2017-04-21 18:22:12', '2017-04-21 18:22:12'),
(1408, '4', 'Nakuru', '36', 1, '2017-04-21 18:22:12', '2017-04-21 18:22:12'),
(1409, '5', 'Nyeri', '36', 1, '2017-04-21 18:22:12', '2017-04-21 18:22:12'),
(1410, '6', 'Buruburu', '36', 1, '2017-04-21 18:22:12', '2017-04-21 18:22:12'),
(1411, '7', 'Embu', '36', 1, '2017-04-21 18:22:12', '2017-04-21 18:22:12'),
(1412, '8', 'Eldoret', '36', 1, '2017-04-21 18:22:12', '2017-04-21 18:22:12'),
(1413, '9', 'Kisumu', '36', 1, '2017-04-21 18:22:12', '2017-04-21 18:22:12'),
(1414, '10', 'Kericho', '36', 1, '2017-04-21 18:22:12', '2017-04-21 18:22:12'),
(1415, '11', 'Mlolongo', '36', 1, '2017-04-21 18:22:12', '2017-04-21 18:22:12'),
(1416, '12', 'Thika', '36', 1, '2017-04-21 18:22:12', '2017-04-21 18:22:12'),
(1417, '13', 'Kerugoya', '36', 1, '2017-04-21 18:22:12', '2017-04-21 18:22:12'),
(1418, '14', 'Kenyatta Market', '36', 1, '2017-04-21 18:22:12', '2017-04-21 18:22:12'),
(1419, '15', 'Kisii', '36', 1, '2017-04-21 18:22:12', '2017-04-21 18:22:12'),
(1420, '16', 'CHUKA', '36', 1, '2017-04-21 18:22:12', '2017-04-21 18:22:12'),
(1421, '17', 'Kitui', '36', 1, '2017-04-21 18:22:12', '2017-04-21 18:22:12'),
(1422, '18', 'Machakos', '36', 1, '2017-04-21 18:22:12', '2017-04-21 18:22:12'),
(1423, '19', 'Nanyuki', '36', 1, '2017-04-21 18:22:12', '2017-04-21 18:22:12'),
(1424, '20', 'Kangemi', '36', 1, '2017-04-21 18:22:13', '2017-04-21 18:22:13'),
(1425, '21', 'Email', '36', 1, '2017-04-21 18:22:13', '2017-04-21 18:22:13'),
(1426, '22', 'Naivasha', '36', 1, '2017-04-21 18:22:13', '2017-04-21 18:22:13'),
(1427, '23', 'Nyahururu', '36', 1, '2017-04-21 18:22:13', '2017-04-21 18:22:13'),
(1428, '24', 'Isiolo', '36', 1, '2017-04-21 18:22:13', '2017-04-21 18:22:13'),
(1429, '25', 'Meru', '36', 1, '2017-04-21 18:22:13', '2017-04-21 18:22:13'),
(1430, '26', 'Kitale', '36', 1, '2017-04-21 18:22:13', '2017-04-21 18:22:13'),
(1431, '27', 'Kibwezi', '36', 1, '2017-04-21 18:22:13', '2017-04-21 18:22:13'),
(1432, '28', 'Bungoma', '36', 1, '2017-04-21 18:22:13', '2017-04-21 18:22:13'),
(1433, '29', 'Kajiado', '36', 1, '2017-04-21 18:22:13', '2017-04-21 18:22:13'),
(1434, '30', 'Nkubu', '36', 1, '2017-04-21 18:22:13', '2017-04-21 18:22:13'),
(1435, '31', 'Mtwapa', '36', 1, '2017-04-21 18:22:13', '2017-04-21 18:22:13'),
(1436, '32', 'Busia', '36', 1, '2017-04-21 18:22:13', '2017-04-21 18:22:13'),
(1437, '33', 'Moi Nbi', '36', 1, '2017-04-21 18:22:13', '2017-04-21 18:22:13'),
(1438, '34', 'Mwea', '36', 1, '2017-04-21 18:22:13', '2017-04-21 18:22:13'),
(1439, '35', 'Kengeleni', '36', 1, '2017-04-21 18:22:13', '2017-04-21 18:22:13'),
(1440, '36', 'Kilimani', '36', 1, '2017-04-21 18:22:13', '2017-04-21 18:22:13'),
(1441, '37', 'Rongai', '36', 1, '2017-04-21 18:22:13', '2017-04-21 18:22:13'),
(1442, '0', 'Head Office', '37', 1, '2017-04-21 18:22:13', '2017-04-21 18:22:13'),
(1443, '1', 'Nairobi', '37', 1, '2017-04-21 18:22:13', '2017-04-21 18:22:13'),
(1444, '2', 'Mombasa', '37', 1, '2017-04-21 18:22:13', '2017-04-21 18:22:13'),
(1445, '3', 'Milimani', '37', 1, '2017-04-21 18:22:13', '2017-04-21 18:22:13'),
(1446, '4', 'Industrial Area', '37', 1, '2017-04-21 18:22:13', '2017-04-21 18:22:13'),
(1447, '5', 'Eldoret', '37', 1, '2017-04-21 18:22:13', '2017-04-21 18:22:13'),
(1448, '0', 'Central Business Unit', '38', 1, '2017-04-21 18:22:13', '2017-04-21 18:22:13'),
(1449, '2', 'Kenyatta', '38', 1, '2017-04-21 18:22:13', '2017-04-21 18:22:13'),
(1450, '3', 'Harambee', '38', 1, '2017-04-21 18:22:13', '2017-04-21 18:22:13'),
(1451, '4', 'Hill', '38', 1, '2017-04-21 18:22:13', '2017-04-21 18:22:13'),
(1452, '5', 'Busia', '38', 1, '2017-04-21 18:22:13', '2017-04-21 18:22:13'),
(1453, '6', 'Kiambu', '38', 1, '2017-04-21 18:22:13', '2017-04-21 18:22:13'),
(1454, '7', 'Meru', '38', 1, '2017-04-21 18:22:13', '2017-04-21 18:22:13'),
(1455, '8', 'Karatina', '38', 1, '2017-04-21 18:22:13', '2017-04-21 18:22:13'),
(1456, '9', 'Narok', '38', 1, '2017-04-21 18:22:13', '2017-04-21 18:22:13'),
(1457, '10', 'Kisii', '38', 1, '2017-04-21 18:22:13', '2017-04-21 18:22:13'),
(1458, '11', 'Malindi', '38', 1, '2017-04-21 18:22:13', '2017-04-21 18:22:13'),
(1459, '12', 'Nyeri', '38', 1, '2017-04-21 18:22:13', '2017-04-21 18:22:13'),
(1460, '13', 'Kitale', '38', 1, '2017-04-21 18:22:13', '2017-04-21 18:22:13'),
(1461, '15', 'Eastleigh', '38', 1, '2017-04-21 18:22:13', '2017-04-21 18:22:13'),
(1462, '16', 'Limuru', '38', 1, '2017-04-21 18:22:13', '2017-04-21 18:22:13'),
(1463, '17', 'Kitui', '38', 1, '2017-04-21 18:22:13', '2017-04-21 18:22:13'),
(1464, '18', 'Molo', '38', 1, '2017-04-21 18:22:13', '2017-04-21 18:22:13'),
(1465, '19', 'Bungoma', '38', 1, '2017-04-21 18:22:13', '2017-04-21 18:22:13'),
(1466, '20', 'Nkrumah', '38', 1, '2017-04-21 18:22:13', '2017-04-21 18:22:13'),
(1467, '21', 'Kapsabet', '38', 1, '2017-04-21 18:22:13', '2017-04-21 18:22:13'),
(1468, '22', 'Awendo', '38', 1, '2017-04-21 18:22:13', '2017-04-21 18:22:13'),
(1469, '23', 'Portway-msa', '38', 1, '2017-04-21 18:22:13', '2017-04-21 18:22:13'),
(1470, '25', 'Hospital Br.', '38', 1, '2017-04-21 18:22:13', '2017-04-21 18:22:13'),
(1471, '26', 'Ruiru', '38', 1, '2017-04-21 18:22:13', '2017-04-21 18:22:13'),
(1472, '27', 'Ongata Rongai', '38', 1, '2017-04-21 18:22:13', '2017-04-21 18:22:13'),
(1473, '28', 'Embu', '38', 1, '2017-04-21 18:22:13', '2017-04-21 18:22:13'),
(1474, '29', 'Kakamega', '38', 1, '2017-04-21 18:22:13', '2017-04-21 18:22:13'),
(1475, '30', 'Nakuru', '38', 1, '2017-04-21 18:22:14', '2017-04-21 18:22:14'),
(1476, '31', 'Ukunda', '38', 1, '2017-04-21 18:22:14', '2017-04-21 18:22:14'),
(1477, '32', 'Upper Hill', '38', 1, '2017-04-21 18:22:14', '2017-04-21 18:22:14'),
(1478, '33', 'Nandi Hills', '38', 1, '2017-04-21 18:22:14', '2017-04-21 18:22:14'),
(1479, '34', 'Migori', '38', 1, '2017-04-21 18:22:14', '2017-04-21 18:22:14'),
(1480, '35', 'Westlands', '38', 1, '2017-04-21 18:22:14', '2017-04-21 18:22:14'),
(1481, '36', 'Times Tower', '38', 1, '2017-04-21 18:22:14', '2017-04-21 18:22:14'),
(1482, '37', 'Maua', '38', 1, '2017-04-21 18:22:14', '2017-04-21 18:22:14'),
(1483, '38', 'WILSON AIRPORT', '38', 1, '2017-04-21 18:22:14', '2017-04-21 18:22:14'),
(1484, '39', 'J.K.I.A.', '38', 1, '2017-04-21 18:22:14', '2017-04-21 18:22:14'),
(1485, '40', 'Eldoret', '38', 1, '2017-04-21 18:22:14', '2017-04-21 18:22:14'),
(1486, '41', 'MOIS BRIDGE', '38', 1, '2017-04-21 18:22:14', '2017-04-21 18:22:14'),
(1487, '42', 'MUTOMO', '38', 1, '2017-04-21 18:22:14', '2017-04-21 18:22:14'),
(1488, '43', 'KIANJAI', '38', 1, '2017-04-21 18:22:14', '2017-04-21 18:22:14'),
(1489, '44', 'KENYATTA UNIVERSITY', '38', 1, '2017-04-21 18:22:14', '2017-04-21 18:22:14'),
(1490, '45', 'ST PAULS UNIVERSITY', '38', 1, '2017-04-21 18:22:14', '2017-04-21 18:22:14'),
(1491, '46', 'MOI UNIVERSITY ELDORET', '38', 1, '2017-04-21 18:22:14', '2017-04-21 18:22:14'),
(1492, '47', 'MOI INT AIRPORT MOMBASA', '38', 1, '2017-04-21 18:22:14', '2017-04-21 18:22:14'),
(1493, '48', 'Machakos', '38', 1, '2017-04-21 18:22:14', '2017-04-21 18:22:14'),
(1494, '49', 'Kitengela', '38', 1, '2017-04-21 18:22:14', '2017-04-21 18:22:14'),
(1495, '50', 'Kisumu', '38', 1, '2017-04-21 18:22:14', '2017-04-21 18:22:14'),
(1496, '51', 'Mtwapa', '38', 1, '2017-04-21 18:22:14', '2017-04-21 18:22:14'),
(1497, '52', 'Changamwe', '38', 1, '2017-04-21 18:22:14', '2017-04-21 18:22:14'),
(1498, '53', 'Garissa', '38', 1, '2017-04-21 18:22:14', '2017-04-21 18:22:14'),
(1499, '54', 'Thika', '38', 1, '2017-04-21 18:22:14', '2017-04-21 18:22:14'),
(1500, '55', 'Momasa Polytechnic University College', '38', 1, '2017-04-21 18:22:14', '2017-04-21 18:22:14'),
(1501, '56', 'Bomet', '38', 1, '2017-04-21 18:22:14', '2017-04-21 18:22:14'),
(1502, '58', 'Greenspan', '38', 1, '2017-04-21 18:22:14', '2017-04-21 18:22:14'),
(1503, '59', 'Sameer Park', '38', 1, '2017-04-21 18:22:14', '2017-04-21 18:22:14'),
(1504, '60', 'SEKU', '38', 1, '2017-04-21 18:22:14', '2017-04-21 18:22:14'),
(1505, '61', 'Ngong Road', '38', 1, '2017-04-21 18:22:14', '2017-04-21 18:22:14'),
(1506, '62', 'Moi Avenue', '38', 1, '2017-04-21 18:22:14', '2017-04-21 18:22:14'),
(1507, '63', 'Mountain Mall', '38', 1, '2017-04-21 18:22:14', '2017-04-21 18:22:14'),
(1508, '65', 'Nyali Centre', '38', 1, '2017-04-21 18:22:14', '2017-04-21 18:22:14'),
(1509, '66', 'Kilifi', '38', 1, '2017-04-21 18:22:14', '2017-04-21 18:22:14'),
(1510, '67', 'South C Branch- KEBS', '38', 1, '2017-04-21 18:22:14', '2017-04-21 18:22:14'),
(1511, '68', 'Kericho', '38', 1, '2017-04-21 18:22:14', '2017-04-21 18:22:14'),
(1512, '70', 'Isiolo', '38', 1, '2017-04-21 18:22:14', '2017-04-21 18:22:14'),
(1513, '71', 'South C - Red Cross', '38', 1, '2017-04-21 18:22:14', '2017-04-21 18:22:14'),
(1514, '72', 'National Bank Premium Banking Kisumu', '38', 1, '2017-04-21 18:22:15', '2017-04-21 18:22:15'),
(1515, '73', 'Yaya Centre', '38', 1, '2017-04-21 18:22:15', '2017-04-21 18:22:15'),
(1516, '74', 'Gigiri', '38', 1, '2017-04-21 18:22:15', '2017-04-21 18:22:15'),
(1517, '93', 'Wajir', '38', 1, '2017-04-21 18:22:15', '2017-04-21 18:22:15'),
(1518, '94', 'Bondeni', '38', 1, '2017-04-21 18:22:15', '2017-04-21 18:22:15'),
(1519, '95', 'Lunga Lunga', '38', 1, '2017-04-21 18:22:15', '2017-04-21 18:22:15'),
(1520, '96', 'Mandera', '38', 1, '2017-04-21 18:22:15', '2017-04-21 18:22:15'),
(1521, '98', 'Card Centre', '38', 1, '2017-04-21 18:22:15', '2017-04-21 18:22:15'),
(1522, '99', 'Head Office', '38', 1, '2017-04-21 18:22:15', '2017-04-21 18:22:15'),
(1523, '198', 'Central CLearing Centre', '38', 1, '2017-04-21 18:22:15', '2017-04-21 18:22:15'),
(1524, '200', 'Head Office Amanah', '38', 1, '2017-04-21 18:22:15', '2017-04-21 18:22:15'),
(1525, '201', 'Card Centre Amanah', '38', 1, '2017-04-21 18:22:15', '2017-04-21 18:22:15'),
(1526, '202', 'Eastleigh Amanah', '38', 1, '2017-04-21 18:22:15', '2017-04-21 18:22:15'),
(1527, '203', 'Kenyatta Ave Amanah', '38', 1, '2017-04-21 18:22:15', '2017-04-21 18:22:15'),
(1528, '204', 'Wajir Amanah', '38', 1, '2017-04-21 18:22:15', '2017-04-21 18:22:15'),
(1529, '205', 'Bondeni Amanah', '38', 1, '2017-04-21 18:22:15', '2017-04-21 18:22:15'),
(1530, '206', 'Garissa Amanah', '38', 1, '2017-04-21 18:22:15', '2017-04-21 18:22:15'),
(1531, '207', 'Mandera Amanah', '38', 1, '2017-04-21 18:22:15', '2017-04-21 18:22:15'),
(1532, '208', 'Isiolo Amanah', '38', 1, '2017-04-21 18:22:15', '2017-04-21 18:22:15'),
(1533, '0', 'Head Office', '39', 1, '2017-04-21 18:22:15', '2017-04-21 18:22:15'),
(1534, '101', 'City Centre', '39', 1, '2017-04-21 18:22:15', '2017-04-21 18:22:15'),
(1535, '102', 'NIC House', '39', 1, '2017-04-21 18:22:15', '2017-04-21 18:22:15'),
(1536, '103', 'Harbour House', '39', 1, '2017-04-21 18:22:15', '2017-04-21 18:22:15'),
(1537, '104', 'Head Office-Fargo', '39', 1, '2017-04-21 18:22:15', '2017-04-21 18:22:15'),
(1538, '105', 'Westlands', '39', 1, '2017-04-21 18:22:15', '2017-04-21 18:22:15'),
(1539, '106', 'The Junction Br.', '39', 1, '2017-04-21 18:22:15', '2017-04-21 18:22:15'),
(1540, '107', 'Nakuru', '39', 1, '2017-04-21 18:22:15', '2017-04-21 18:22:15'),
(1541, '108', 'Nyali', '39', 1, '2017-04-21 18:22:15', '2017-04-21 18:22:15'),
(1542, '109', 'Nkrumah Road', '39', 1, '2017-04-21 18:22:15', '2017-04-21 18:22:15'),
(1543, '110', 'Harambee', '39', 1, '2017-04-21 18:22:15', '2017-04-21 18:22:15'),
(1544, '111', 'Prestige - Ngong Road', '39', 1, '2017-04-21 18:22:15', '2017-04-21 18:22:15'),
(1545, '112', 'Kisumu', '39', 1, '2017-04-21 18:22:15', '2017-04-21 18:22:15'),
(1546, '113', 'Thika', '39', 1, '2017-04-21 18:22:15', '2017-04-21 18:22:15'),
(1547, '114', 'Meru', '39', 1, '2017-04-21 18:22:15', '2017-04-21 18:22:15'),
(1548, '115', 'Galleria (bomas', '39', 1, '2017-04-21 18:22:15', '2017-04-21 18:22:15'),
(1549, '116', 'ELDORET', '39', 1, '2017-04-21 18:22:15', '2017-04-21 18:22:15'),
(1550, '117', 'VILLAGE MARKET', '39', 1, '2017-04-21 18:22:15', '2017-04-21 18:22:15'),
(1551, '118', 'SAMEER PARK', '39', 1, '2017-04-21 18:22:15', '2017-04-21 18:22:15'),
(1552, '119', 'Karen', '39', 1, '2017-04-21 18:22:15', '2017-04-21 18:22:15'),
(1553, '121', 'Taj Mall', '39', 1, '2017-04-21 18:22:15', '2017-04-21 18:22:15'),
(1554, '122', 'ABC', '39', 1, '2017-04-21 18:22:15', '2017-04-21 18:22:15'),
(1555, '123', 'Thika Road Mall', '39', 1, '2017-04-21 18:22:15', '2017-04-21 18:22:15'),
(1556, '124', 'Changamwe Branch', '39', 1, '2017-04-21 18:22:15', '2017-04-21 18:22:15'),
(1557, '125', 'Kenyatta Avenue', '39', 1, '2017-04-21 18:22:15', '2017-04-21 18:22:15'),
(1558, '126', 'Riverside', '39', 1, '2017-04-21 18:22:15', '2017-04-21 18:22:15'),
(1559, '127', 'Machakos', '39', 1, '2017-04-21 18:22:15', '2017-04-21 18:22:15'),
(1560, '128', 'Lunga Lunga', '39', 1, '2017-04-21 18:22:15', '2017-04-21 18:22:15'),
(1561, '0', 'Head Office', '40', 1, '2017-04-21 18:22:15', '2017-04-21 18:22:15'),
(1562, '1', 'Koinange Street', '40', 1, '2017-04-21 18:22:15', '2017-04-21 18:22:15'),
(1563, '3', 'Nakuru', '40', 1, '2017-04-21 18:22:15', '2017-04-21 18:22:15'),
(1564, '4', 'Nakuru', '40', 1, '2017-04-21 18:22:15', '2017-04-21 18:22:15'),
(1565, '5', 'Eldoret', '40', 1, '2017-04-21 18:22:15', '2017-04-21 18:22:15'),
(1566, '6', 'Kitale', '40', 1, '2017-04-21 18:22:15', '2017-04-21 18:22:15'),
(1567, '7', 'Westlands', '40', 1, '2017-04-21 18:22:16', '2017-04-21 18:22:16'),
(1568, '8', 'Nakumatt Mega', '40', 1, '2017-04-21 18:22:16', '2017-04-21 18:22:16'),
(1569, '9', 'Thika Road Mall', '40', 1, '2017-04-21 18:22:16', '2017-04-21 18:22:16'),
(1570, '10', 'Mombasa', '40', 1, '2017-04-21 18:22:16', '2017-04-21 18:22:16'),
(1571, '0', 'Head Office', '41', 1, '2017-04-21 18:22:16', '2017-04-21 18:22:16'),
(1572, '1', 'Westlands', '41', 1, '2017-04-21 18:22:16', '2017-04-21 18:22:16'),
(1573, '2', 'Parklands', '41', 1, '2017-04-21 18:22:16', '2017-04-21 18:22:16'),
(1574, '3', 'Koinange Street', '41', 1, '2017-04-21 18:22:16', '2017-04-21 18:22:16'),
(1575, '4', 'Mombasa', '41', 1, '2017-04-21 18:22:16', '2017-04-21 18:22:16'),
(1576, '6', 'Eldoret', '41', 1, '2017-04-21 18:22:16', '2017-04-21 18:22:16'),
(1577, '7', 'Industrial Area', '41', 1, '2017-04-21 18:22:16', '2017-04-21 18:22:16'),
(1578, '0', 'H/o Riverside', '42', 1, '2017-04-21 18:22:16', '2017-04-21 18:22:16'),
(1579, '1', 'Kenindia', '42', 1, '2017-04-21 18:22:16', '2017-04-21 18:22:16'),
(1580, '2', 'Biashara', '42', 1, '2017-04-21 18:22:16', '2017-04-21 18:22:16'),
(1581, '3', 'Mombasa', '42', 1, '2017-04-21 18:22:16', '2017-04-21 18:22:16'),
(1582, '4', 'Westlands', '42', 1, '2017-04-21 18:22:16', '2017-04-21 18:22:16'),
(1583, '5', 'Industrial Area', '42', 1, '2017-04-21 18:22:16', '2017-04-21 18:22:16'),
(1584, '6', 'Kisumu', '42', 1, '2017-04-21 18:22:16', '2017-04-21 18:22:16'),
(1585, '7', 'Parklands', '42', 1, '2017-04-21 18:22:16', '2017-04-21 18:22:16'),
(1586, '8', 'Riverside Drive', '42', 1, '2017-04-21 18:22:16', '2017-04-21 18:22:16'),
(1587, '9', 'Card Centre', '42', 1, '2017-04-21 18:22:16', '2017-04-21 18:22:16'),
(1588, '10', 'Hurlingham', '42', 1, '2017-04-21 18:22:16', '2017-04-21 18:22:16'),
(1589, '11', 'Capital Centre', '42', 1, '2017-04-21 18:22:16', '2017-04-21 18:22:16'),
(1590, '12', 'Nyali', '42', 1, '2017-04-21 18:22:16', '2017-04-21 18:22:16'),
(1591, '14', 'Kamukunji', '42', 1, '2017-04-21 18:22:16', '2017-04-21 18:22:16'),
(1592, '15', 'Eldoret', '42', 1, '2017-04-21 18:22:16', '2017-04-21 18:22:16'),
(1593, '16', 'Karen', '42', 1, '2017-04-21 18:22:16', '2017-04-21 18:22:16'),
(1594, '17', 'Nakuru', '42', 1, '2017-04-21 18:22:16', '2017-04-21 18:22:16'),
(1595, '18', 'Gigiri', '42', 1, '2017-04-21 18:22:16', '2017-04-21 18:22:16'),
(1596, '19', 'Thika', '42', 1, '2017-04-21 18:22:16', '2017-04-21 18:22:16'),
(1597, NULL, 'Head Office', '43', 1, '2017-04-21 18:22:16', '2017-04-21 18:22:16'),
(1598, NULL, 'Kenyatta Market', '43', 1, '2017-04-21 18:22:16', '2017-04-21 18:22:16'),
(1599, NULL, 'Karen', '43', 1, '2017-04-21 18:22:16', '2017-04-21 18:22:16'),
(1600, NULL, 'Tom Mboya', '43', 1, '2017-04-21 18:22:16', '2017-04-21 18:22:16'),
(1601, NULL, 'Ngong', '43', 1, '2017-04-21 18:22:16', '2017-04-21 18:22:16'),
(1602, NULL, 'Wote - Makueni ', '43', 1, '2017-04-21 18:22:16', '2017-04-21 18:22:16'),
(1603, NULL, 'Machakos', '43', 1, '2017-04-21 18:22:16', '2017-04-21 18:22:16'),
(1604, NULL, 'Ongata Rongai', '43', 1, '2017-04-21 18:22:16', '2017-04-21 18:22:16'),
(1605, NULL, 'Kibwezi', '43', 1, '2017-04-21 18:22:16', '2017-04-21 18:22:16'),
(1606, NULL, 'Athi River', '43', 1, '2017-04-21 18:22:16', '2017-04-21 18:22:16'),
(1607, NULL, 'Emali', '43', 1, '2017-04-21 18:22:16', '2017-04-21 18:22:16'),
(1608, NULL, 'Mlolongo', '43', 1, '2017-04-21 18:22:16', '2017-04-21 18:22:16'),
(1609, NULL, 'Kajiado', '43', 1, '2017-04-21 18:22:16', '2017-04-21 18:22:16'),
(1610, NULL, 'Westlands', '43', 1, '2017-04-21 18:22:16', '2017-04-21 18:22:16'),
(1611, NULL, 'Ngara', '43', 1, '2017-04-21 18:22:16', '2017-04-21 18:22:16'),
(1612, NULL, 'Uthiru', '43', 1, '2017-04-21 18:22:16', '2017-04-21 18:22:16'),
(1613, NULL, 'Kikuyu', '43', 1, '2017-04-21 18:22:16', '2017-04-21 18:22:16'),
(1614, NULL, 'Limuru', '43', 1, '2017-04-21 18:22:16', '2017-04-21 18:22:16'),
(1615, NULL, 'Adams Arcade', '43', 1, '2017-04-21 18:22:16', '2017-04-21 18:22:16'),
(1616, NULL, 'Kitengela', '43', 1, '2017-04-21 18:22:16', '2017-04-21 18:22:16'),
(1617, NULL, 'Karuri', '43', 1, '2017-04-21 18:22:16', '2017-04-21 18:22:16'),
(1618, NULL, 'Kawangware', '43', 1, '2017-04-21 18:22:16', '2017-04-21 18:22:16'),
(1619, NULL, 'Ruiru', '43', 1, '2017-04-21 18:22:16', '2017-04-21 18:22:16'),
(1620, NULL, 'Githurai', '43', 1, '2017-04-21 18:22:16', '2017-04-21 18:22:16'),
(1621, NULL, 'Mwingi', '43', 1, '2017-04-21 18:22:16', '2017-04-21 18:22:16'),
(1622, NULL, 'Eastleigh', '43', 1, '2017-04-21 18:22:17', '2017-04-21 18:22:17'),
(1623, NULL, 'Thika', '43', 1, '2017-04-21 18:22:17', '2017-04-21 18:22:17'),
(1624, NULL, 'Kiambu', '43', 1, '2017-04-21 18:22:17', '2017-04-21 18:22:17'),
(1625, NULL, 'Garissa', '43', 1, '2017-04-21 18:22:17', '2017-04-21 18:22:17'),
(1626, NULL, 'Matuu', '43', 1, '2017-04-21 18:22:17', '2017-04-21 18:22:17'),
(1627, NULL, 'Dandora', '43', 1, '2017-04-21 18:22:17', '2017-04-21 18:22:17'),
(1628, NULL, 'Afya Center', '43', 1, '2017-04-21 18:22:17', '2017-04-21 18:22:17'),
(1629, NULL, 'Cannon House', '43', 1, '2017-04-21 18:22:17', '2017-04-21 18:22:17'),
(1630, NULL, 'Viwandani', '43', 1, '2017-04-21 18:22:17', '2017-04-21 18:22:17'),
(1631, NULL, 'Kitui', '43', 1, '2017-04-21 18:22:17', '2017-04-21 18:22:17'),
(1632, NULL, 'Ronald Ngala', '43', 1, '2017-04-21 18:22:17', '2017-04-21 18:22:17'),
(1633, NULL, 'Enterprise Post Office', '43', 1, '2017-04-21 18:22:17', '2017-04-21 18:22:17'),
(1634, NULL, 'Jogoo Road', '43', 1, '2017-04-21 18:22:17', '2017-04-21 18:22:17'),
(1635, NULL, 'Nacico', '43', 1, '2017-04-21 18:22:17', '2017-04-21 18:22:17'),
(1636, NULL, 'Kangundo', '43', 1, '2017-04-21 18:22:17', '2017-04-21 18:22:17'),
(1637, NULL, 'Kenyatta', '43', 1, '2017-04-21 18:22:17', '2017-04-21 18:22:17'),
(1638, NULL, 'Kariobangi', '43', 1, '2017-04-21 18:22:17', '2017-04-21 18:22:17'),
(1639, NULL, 'Nakuru', '43', 1, '2017-04-21 18:22:17', '2017-04-21 18:22:17'),
(1640, NULL, 'Naivasha', '43', 1, '2017-04-21 18:22:17', '2017-04-21 18:22:17'),
(1641, NULL, 'Narok', '43', 1, '2017-04-21 18:22:17', '2017-04-21 18:22:17'),
(1642, NULL, 'Eldoret', '43', 1, '2017-04-21 18:22:17', '2017-04-21 18:22:17'),
(1643, NULL, 'Kapsabet', '43', 1, '2017-04-21 18:22:17', '2017-04-21 18:22:17'),
(1644, NULL, 'Molo', '43', 1, '2017-04-21 18:22:17', '2017-04-21 18:22:17'),
(1645, NULL, 'Kabarnet', '43', 1, '2017-04-21 18:22:17', '2017-04-21 18:22:17'),
(1646, NULL, 'Nandi Hills', '43', 1, '2017-04-21 18:22:17', '2017-04-21 18:22:17'),
(1647, NULL, 'Kitale', '43', 1, '2017-04-21 18:22:17', '2017-04-21 18:22:17'),
(1648, NULL, 'Gilgil', '43', 1, '2017-04-21 18:22:17', '2017-04-21 18:22:17'),
(1649, NULL, 'Kapenguria', '43', 1, '2017-04-21 18:22:17', '2017-04-21 18:22:17'),
(1650, NULL, 'Nyahururu', '43', 1, '2017-04-21 18:22:17', '2017-04-21 18:22:17'),
(1651, NULL, 'Lodwar', '43', 1, '2017-04-21 18:22:17', '2017-04-21 18:22:17'),
(1652, NULL, 'Eldama Ravine', '43', 1, '2017-04-21 18:22:17', '2017-04-21 18:22:17'),
(1653, NULL, 'Maralal', '43', 1, '2017-04-21 18:22:17', '2017-04-21 18:22:17'),
(1654, NULL, 'Iten', '43', 1, '2017-04-21 18:22:17', '2017-04-21 18:22:17'),
(1655, NULL, 'Kisumu', '43', 1, '2017-04-21 18:22:17', '2017-04-21 18:22:17'),
(1656, NULL, 'Kakamega', '43', 1, '2017-04-21 18:22:17', '2017-04-21 18:22:17'),
(1657, NULL, 'Bungoma', '43', 1, '2017-04-21 18:22:17', '2017-04-21 18:22:17'),
(1658, NULL, 'HomaBay', '43', 1, '2017-04-21 18:22:17', '2017-04-21 18:22:17'),
(1659, NULL, 'Busia', '43', 1, '2017-04-21 18:22:17', '2017-04-21 18:22:17'),
(1660, NULL, 'Mumias', '43', 1, '2017-04-21 18:22:18', '2017-04-21 18:22:18'),
(1661, NULL, 'Siaya', '43', 1, '2017-04-21 18:22:18', '2017-04-21 18:22:18'),
(1662, NULL, 'Kisii', '43', 1, '2017-04-21 18:22:18', '2017-04-21 18:22:18'),
(1663, NULL, 'Webuye', '43', 1, '2017-04-21 18:22:18', '2017-04-21 18:22:18'),
(1664, NULL, 'Suna Migori', '43', 1, '2017-04-21 18:22:18', '2017-04-21 18:22:18'),
(1665, NULL, 'Sare Awendo', '43', 1, '2017-04-21 18:22:18', '2017-04-21 18:22:18'),
(1666, NULL, 'Luanda', '43', 1, '2017-04-21 18:22:18', '2017-04-21 18:22:18'),
(1667, NULL, 'Keroka', '43', 1, '2017-04-21 18:22:18', '2017-04-21 18:22:18'),
(1668, NULL, 'Kehancha', '43', 1, '2017-04-21 18:22:18', '2017-04-21 18:22:18'),
(1669, NULL, 'Nyamira', '43', 1, '2017-04-21 18:22:18', '2017-04-21 18:22:18'),
(1670, NULL, 'Bomet', '43', 1, '2017-04-21 18:22:18', '2017-04-21 18:22:18'),
(1671, NULL, 'Kericho', '43', 1, '2017-04-21 18:22:18', '2017-04-21 18:22:18'),
(1672, NULL, 'Mbale', '43', 1, '2017-04-21 18:22:18', '2017-04-21 18:22:18'),
(1673, NULL, 'Oyugis', '43', 1, '2017-04-21 18:22:18', '2017-04-21 18:22:18'),
(1674, NULL, 'Mbita', '43', 1, '2017-04-21 18:22:18', '2017-04-21 18:22:18'),
(1675, NULL, 'Bondo', '43', 1, '2017-04-21 18:22:18', '2017-04-21 18:22:18'),
(1676, NULL, 'Chaani', '43', 1, '2017-04-21 18:22:18', '2017-04-21 18:22:18'),
(1677, NULL, 'Ukunda', '43', 1, '2017-04-21 18:22:18', '2017-04-21 18:22:18'),
(1678, NULL, 'Voi', '43', 1, '2017-04-21 18:22:18', '2017-04-21 18:22:18'),
(1679, NULL, 'Kilifi', '43', 1, '2017-04-21 18:22:18', '2017-04-21 18:22:18'),
(1680, NULL, 'Likoni', '43', 1, '2017-04-21 18:22:18', '2017-04-21 18:22:18'),
(1681, NULL, 'Mombasa', '43', 1, '2017-04-21 18:22:18', '2017-04-21 18:22:18'),
(1682, NULL, 'Moi Avenue', '43', 1, '2017-04-21 18:22:18', '2017-04-21 18:22:18'),
(1683, NULL, 'Malindi', '43', 1, '2017-04-21 18:22:18', '2017-04-21 18:22:18'),
(1684, NULL, 'Mtwapa', '43', 1, '2017-04-21 18:22:18', '2017-04-21 18:22:18'),
(1685, NULL, 'Kisauni', '43', 1, '2017-04-21 18:22:18', '2017-04-21 18:22:18'),
(1686, NULL, 'Mariakani', '43', 1, '2017-04-21 18:22:18', '2017-04-21 18:22:18'),
(1687, NULL, 'Taveta', '43', 1, '2017-04-21 18:22:18', '2017-04-21 18:22:18'),
(1688, NULL, 'Watamu', '43', 1, '2017-04-21 18:22:18', '2017-04-21 18:22:18'),
(1689, NULL, 'Kerugoya', '43', 1, '2017-04-21 18:22:18', '2017-04-21 18:22:18'),
(1690, NULL, 'Embu', '43', 1, '2017-04-21 18:22:18', '2017-04-21 18:22:18'),
(1691, NULL, 'Meru', '43', 1, '2017-04-21 18:22:18', '2017-04-21 18:22:18'),
(1692, NULL, 'Nanyuki', '43', 1, '2017-04-21 18:22:18', '2017-04-21 18:22:18'),
(1693, NULL, 'Muranga', '43', 1, '2017-04-21 18:22:18', '2017-04-21 18:22:18'),
(1694, NULL, 'Nyeri', '43', 1, '2017-04-21 18:22:18', '2017-04-21 18:22:18'),
(1695, NULL, 'Karatina', '43', 1, '2017-04-21 18:22:18', '2017-04-21 18:22:18'),
(1696, NULL, 'Chuka', '43', 1, '2017-04-21 18:22:18', '2017-04-21 18:22:18'),
(1697, NULL, 'Wanguru', '43', 1, '2017-04-21 18:22:18', '2017-04-21 18:22:18'),
(1698, NULL, 'Maua', '43', 1, '2017-04-21 18:22:18', '2017-04-21 18:22:18'),
(1699, NULL, 'Isiolo', '43', 1, '2017-04-21 18:22:19', '2017-04-21 18:22:19'),
(1700, '0', 'Eldoret', '44', 1, '2017-04-21 18:22:19', '2017-04-21 18:22:19'),
(1701, '1', 'Kericho', '44', 1, '2017-04-21 18:22:19', '2017-04-21 18:22:19'),
(1702, '2', 'Kisumu', '44', 1, '2017-04-21 18:22:19', '2017-04-21 18:22:19'),
(1703, 's', 'Kitale', '44', 1, '2017-04-21 18:22:19', '2017-04-21 18:22:19'),
(1704, '4', 'Treasury Square', '44', 1, '2017-04-21 18:22:19', '2017-04-21 18:22:19'),
(1705, '5', 'Kilindini', '44', 1, '2017-04-21 18:22:19', '2017-04-21 18:22:19'),
(1706, '6', 'Kenyatta Avenue', '44', 1, '2017-04-21 18:22:19', '2017-04-21 18:22:19'),
(1707, '8', 'Moi Avenue', '44', 1, '2017-04-21 18:22:19', '2017-04-21 18:22:19'),
(1708, '9', 'Nakuru', '44', 1, '2017-04-21 18:22:19', '2017-04-21 18:22:19'),
(1709, '10', 'Nanyuki', '44', 1, '2017-04-21 18:22:19', '2017-04-21 18:22:19'),
(1710, '11', 'Nyeri', '44', 1, '2017-04-21 18:22:19', '2017-04-21 18:22:19'),
(1711, '12', 'Thika', '44', 1, '2017-04-21 18:22:19', '2017-04-21 18:22:19'),
(1712, '15', 'Westlands', '44', 1, '2017-04-21 18:22:19', '2017-04-21 18:22:19'),
(1713, '16', 'Machakos', '44', 1, '2017-04-21 18:22:19', '2017-04-21 18:22:19'),
(1714, '17', 'Meru', '44', 1, '2017-04-21 18:22:19', '2017-04-21 18:22:19'),
(1715, '19', 'Harambee Avenue', '44', 1, '2017-04-21 18:22:19', '2017-04-21 18:22:19'),
(1716, '20', 'Kiambu', '44', 1, '2017-04-21 18:22:19', '2017-04-21 18:22:19'),
(1717, '53', 'Industrial Area', '44', 1, '2017-04-21 18:22:19', '2017-04-21 18:22:19'),
(1718, '54', 'Kakamega', '44', 1, '2017-04-21 18:22:19', '2017-04-21 18:22:19'),
(1719, '60', 'Malindi', '44', 1, '2017-04-21 18:22:19', '2017-04-21 18:22:19'),
(1720, '64', 'Koinage', '44', 1, '2017-04-21 18:22:19', '2017-04-21 18:22:19'),
(1721, '71', 'Yaya Centre Branch', '44', 1, '2017-04-21 18:22:19', '2017-04-21 18:22:19'),
(1722, '72', 'Ruaraka', '44', 1, '2017-04-21 18:22:19', '2017-04-21 18:22:19'),
(1723, '73', 'Langata', '44', 1, '2017-04-21 18:22:19', '2017-04-21 18:22:19'),
(1724, '74', 'Makupa', '44', 1, '2017-04-21 18:22:19', '2017-04-21 18:22:19'),
(1725, '75', 'Karen', '44', 1, '2017-04-21 18:22:19', '2017-04-21 18:22:19'),
(1726, '76', 'Muthaiga', '44', 1, '2017-04-21 18:22:19', '2017-04-21 18:22:19'),
(1727, '78', 'C.o.u', '44', 1, '2017-04-21 18:22:19', '2017-04-21 18:22:19'),
(1728, '79', 'Ukay', '44', 1, '2017-04-21 18:22:19', '2017-04-21 18:22:19'),
(1729, '80', 'Eastleigh', '44', 1, '2017-04-21 18:22:19', '2017-04-21 18:22:19'),
(1730, '81', 'Kisii', '44', 1, '2017-04-21 18:22:19', '2017-04-21 18:22:19'),
(1731, '82', 'Upper Hill Branch', '44', 1, '2017-04-21 18:22:19', '2017-04-21 18:22:19'),
(1732, '83', 'Nyali', '44', 1, '2017-04-21 18:22:19', '2017-04-21 18:22:19'),
(1733, '84', 'Chiromo', '44', 1, '2017-04-21 18:22:19', '2017-04-21 18:22:19'),
(1734, '85', 'Greenspan', '44', 1, '2017-04-21 18:22:19', '2017-04-21 18:22:19'),
(1735, '86', 'The T-Mall', '44', 1, '2017-04-21 18:22:19', '2017-04-21 18:22:19'),
(1736, '87', 'The Junction', '44', 1, '2017-04-21 18:22:19', '2017-04-21 18:22:19'),
(1737, '89', 'Kitengela', '44', 1, '2017-04-21 18:22:19', '2017-04-21 18:22:19'),
(1738, '90', 'Bungoma', '44', 1, '2017-04-21 18:22:19', '2017-04-21 18:22:19'),
(1739, '91', 'Thika Road Mall', '44', 1, '2017-04-21 18:22:19', '2017-04-21 18:22:19'),
(1740, '92', 'UN Gigiri', '44', 1, '2017-04-21 18:22:19', '2017-04-21 18:22:19'),
(1741, '1', 'Head Office', '45', 1, '2017-04-21 18:22:19', '2017-04-21 18:22:19'),
(1742, '2', 'Mombasa', '45', 1, '2017-04-21 18:22:19', '2017-04-21 18:22:19'),
(1743, '3', 'Eldoret', '45', 1, '2017-04-21 18:22:19', '2017-04-21 18:22:19'),
(1744, '4', 'Nakuru', '45', 1, '2017-04-21 18:22:19', '2017-04-21 18:22:19'),
(1745, '5', 'Mia', '45', 1, '2017-04-21 18:22:19', '2017-04-21 18:22:19'),
(1746, '6', 'Jkia', '45', 1, '2017-04-21 18:22:19', '2017-04-21 18:22:19'),
(1747, '7', 'Kirinyaga Rd Nakuru', '45', 1, '2017-04-21 18:22:19', '2017-04-21 18:22:19'),
(1748, '8', 'Kabarak', '45', 1, '2017-04-21 18:22:19', '2017-04-21 18:22:19'),
(1749, '9', 'Olenguruone', '45', 1, '2017-04-21 18:22:19', '2017-04-21 18:22:19'),
(1750, '10', 'Kericho', '45', 1, '2017-04-21 18:22:19', '2017-04-21 18:22:19'),
(1751, '11', 'Nandi Hills', '45', 1, '2017-04-21 18:22:20', '2017-04-21 18:22:20'),
(1752, '12', 'Epz', '45', 1, '2017-04-21 18:22:20', '2017-04-21 18:22:20'),
(1753, '13', 'Sheikh Karume', '45', 1, '2017-04-21 18:22:20', '2017-04-21 18:22:20'),
(1754, '14', 'Kabarnet', '45', 1, '2017-04-21 18:22:20', '2017-04-21 18:22:20'),
(1755, '15', 'Kitale', '45', 1, '2017-04-21 18:22:20', '2017-04-21 18:22:20'),
(1756, '16', 'Narok', '45', 1, '2017-04-21 18:22:20', '2017-04-21 18:22:20'),
(1757, '17', 'Bomet', '45', 1, '2017-04-21 18:22:20', '2017-04-21 18:22:20'),
(1758, '18', 'Iten', '45', 1, '2017-04-21 18:22:20', '2017-04-21 18:22:20'),
(1759, '1', 'Westlands', '46', 1, '2017-04-21 18:22:20', '2017-04-21 18:22:20'),
(1760, '2', 'Enterprise Road', '46', 1, '2017-04-21 18:22:20', '2017-04-21 18:22:20'),
(1761, '3', 'Upper Hill', '46', 1, '2017-04-21 18:22:20', '2017-04-21 18:22:20'),
(1762, '99', 'Head Office', '46', 1, '2017-04-21 18:22:20', '2017-04-21 18:22:20'),
(1763, '1', 'Victoria Towers, Upperhill', '47', 1, '2017-04-21 18:22:20', '2017-04-21 18:22:20'),
(1764, '2', 'Riverside Drive', '47', 1, '2017-04-21 18:22:20', '2017-04-21 18:22:20'),
(1765, '3', 'Lunga Lunga Square', '47', 1, '2017-04-21 18:22:20', '2017-04-21 18:22:20'),
(1766, '0', 'Head Office', '48', 1, '2017-04-21 18:22:20', '2017-04-21 18:22:20'),
(1767, '1', 'City Centre', '48', 1, '2017-04-21 18:22:20', '2017-04-21 18:22:20'),
(1768, '2', 'Westlands', '48', 1, '2017-04-21 18:22:20', '2017-04-21 18:22:20'),
(1769, '3', 'Industrial Area', '48', 1, '2017-04-21 18:22:20', '2017-04-21 18:22:20'),
(1770, '4', 'Diani', '48', 1, '2017-04-21 18:22:20', '2017-04-21 18:22:20'),
(1771, '5', 'Malindi', '48', 1, '2017-04-21 18:22:20', '2017-04-21 18:22:20'),
(1772, '6', 'Mombasa', '48', 1, '2017-04-21 18:22:20', '2017-04-21 18:22:20'),
(1773, '7', 'Changamwe', '48', 1, '2017-04-21 18:22:20', '2017-04-21 18:22:20'),
(1774, '8', 'Kilimani', '48', 1, '2017-04-21 18:22:20', '2017-04-21 18:22:20'),
(1775, '9', 'New Muthaiga', '48', 1, '2017-04-21 18:22:20', '2017-04-21 18:22:20'),
(1776, '10', 'Nyali', '48', 1, '2017-04-21 18:22:20', '2017-04-21 18:22:20'),
(1777, '0', 'Longonot Place - Kijabe Street', '49', 1, '2017-04-21 18:22:20', '2017-04-21 18:22:20'),
(1778, '2', 'Mombasa', '49', 1, '2017-04-21 18:22:20', '2017-04-21 18:22:20'),
(1779, '3', 'Ngong', '49', 1, '2017-04-21 18:22:20', '2017-04-21 18:22:20'),
(1780, '4', 'Uhuru H/way', '49', 1, '2017-04-21 18:22:20', '2017-04-21 18:22:20'),
(1781, '5', 'Westlands', '49', 1, '2017-04-21 18:22:20', '2017-04-21 18:22:20'),
(1782, '6', 'Village Market', '49', 1, '2017-04-21 18:22:20', '2017-04-21 18:22:20'),
(1783, '7', 'Nyali', '49', 1, '2017-04-21 18:22:20', '2017-04-21 18:22:20'),
(1784, '8', 'Likoni', '49', 1, '2017-04-21 18:22:20', '2017-04-21 18:22:20'),
(1785, '9', 'Mega city', '49', 1, '2017-04-21 18:22:20', '2017-04-21 18:22:20');

-- --------------------------------------------------------

--
-- Table structure for table `bank_statements`
--

CREATE TABLE `bank_statements` (
  `id` int(10) UNSIGNED NOT NULL,
  `bank_account_id` int(10) UNSIGNED NOT NULL,
  `bal_bd` float(8,2) NOT NULL,
  `adj_bal_bd` float(8,2) NOT NULL,
  `stmt_month` varchar(255) COLLATE utf8_unicode_ci NOT NULL,
  `is_reconciled` tinyint(1) NOT NULL,
  `created_at` timestamp NOT NULL DEFAULT '0000-00-00 00:00:00',
  `updated_at` timestamp NOT NULL DEFAULT '0000-00-00 00:00:00'
) ENGINE=InnoDB DEFAULT CHARSET=utf8 COLLATE=utf8_unicode_ci;

-- --------------------------------------------------------

--
-- Table structure for table `benefitsettings`
--

CREATE TABLE `benefitsettings` (
  `id` int(10) UNSIGNED NOT NULL,
  `benefit_name` varchar(255) COLLATE utf8_unicode_ci NOT NULL,
  `organization_id` int(10) UNSIGNED NOT NULL,
  `created_at` timestamp NOT NULL DEFAULT '0000-00-00 00:00:00',
  `updated_at` timestamp NOT NULL DEFAULT '0000-00-00 00:00:00'
) ENGINE=InnoDB DEFAULT CHARSET=utf8 COLLATE=utf8_unicode_ci;

-- --------------------------------------------------------

--
-- Table structure for table `branches`
--

CREATE TABLE `branches` (
  `id` int(10) UNSIGNED NOT NULL,
  `name` varchar(255) COLLATE utf8_unicode_ci NOT NULL,
  `organization_id` int(11) DEFAULT NULL,
  `created_at` timestamp NOT NULL DEFAULT '0000-00-00 00:00:00',
  `updated_at` timestamp NOT NULL DEFAULT '0000-00-00 00:00:00'
) ENGINE=InnoDB DEFAULT CHARSET=utf8 COLLATE=utf8_unicode_ci;

--
-- Dumping data for table `branches`
--

INSERT INTO `branches` (`id`, `name`, `organization_id`, `created_at`, `updated_at`) VALUES
(1, 'Head Office', NULL, '2017-03-18 08:09:24', '2017-03-18 08:09:24');

-- --------------------------------------------------------

--
-- Table structure for table `budgets`
--

CREATE TABLE `budgets` (
  `id` int(10) UNSIGNED NOT NULL,
  `expensesetting_id` int(11) NOT NULL,
  `amount` varchar(255) COLLATE utf8_unicode_ci NOT NULL,
  `financial_period` varchar(255) COLLATE utf8_unicode_ci NOT NULL,
  `organization_id` int(10) UNSIGNED NOT NULL,
  `created_at` timestamp NOT NULL DEFAULT '0000-00-00 00:00:00',
  `updated_at` timestamp NOT NULL DEFAULT '0000-00-00 00:00:00'
) ENGINE=InnoDB DEFAULT CHARSET=utf8 COLLATE=utf8_unicode_ci;

-- --------------------------------------------------------

--
-- Table structure for table `categories`
--

CREATE TABLE `categories` (
  `id` int(10) UNSIGNED NOT NULL,
  `name` varchar(255) COLLATE utf8_unicode_ci NOT NULL,
  `description` text COLLATE utf8_unicode_ci,
  `organization_id` int(11) DEFAULT NULL,
  `created_at` timestamp NOT NULL DEFAULT '0000-00-00 00:00:00',
  `updated_at` timestamp NOT NULL DEFAULT '0000-00-00 00:00:00'
) ENGINE=InnoDB DEFAULT CHARSET=utf8 COLLATE=utf8_unicode_ci;

-- --------------------------------------------------------

--
-- Table structure for table `charges`
--

CREATE TABLE `charges` (
  `id` int(10) UNSIGNED NOT NULL,
  `name` varchar(255) COLLATE utf8_unicode_ci NOT NULL,
  `category` varchar(255) COLLATE utf8_unicode_ci NOT NULL,
  `calculation_method` varchar(255) COLLATE utf8_unicode_ci NOT NULL,
  `payment_method` varchar(255) COLLATE utf8_unicode_ci NOT NULL,
  `percentage_of` varchar(255) COLLATE utf8_unicode_ci DEFAULT NULL,
  `amount` float(10,0) NOT NULL,
  `fee` tinyint(1) NOT NULL,
  `created_at` timestamp NOT NULL DEFAULT '0000-00-00 00:00:00',
  `updated_at` timestamp NOT NULL DEFAULT '0000-00-00 00:00:00',
  `disabled` tinyint(1) DEFAULT '0'
) ENGINE=InnoDB DEFAULT CHARSET=utf8 COLLATE=utf8_unicode_ci;

-- --------------------------------------------------------

--
-- Table structure for table `charge_loanproduct`
--

CREATE TABLE `charge_loanproduct` (
  `id` int(10) UNSIGNED NOT NULL,
  `charge_id` int(10) UNSIGNED NOT NULL,
  `loanproduct_id` int(10) UNSIGNED NOT NULL,
  `created_at` timestamp NOT NULL DEFAULT '0000-00-00 00:00:00',
  `updated_at` timestamp NOT NULL DEFAULT '0000-00-00 00:00:00'
) ENGINE=InnoDB DEFAULT CHARSET=utf8 COLLATE=utf8_unicode_ci;

-- --------------------------------------------------------

--
-- Table structure for table `charge_savingproduct`
--

CREATE TABLE `charge_savingproduct` (
  `id` int(10) UNSIGNED NOT NULL,
  `charge_id` int(10) UNSIGNED NOT NULL,
  `savingproduct_id` int(10) UNSIGNED NOT NULL,
  `created_at` timestamp NOT NULL DEFAULT '0000-00-00 00:00:00',
  `updated_at` timestamp NOT NULL DEFAULT '0000-00-00 00:00:00'
) ENGINE=InnoDB DEFAULT CHARSET=utf8 COLLATE=utf8_unicode_ci;

-- --------------------------------------------------------

--
-- Table structure for table `citizenships`
--

CREATE TABLE `citizenships` (
  `id` int(10) UNSIGNED NOT NULL,
  `name` varchar(255) COLLATE utf8_unicode_ci NOT NULL,
  `organization_id` int(10) UNSIGNED NOT NULL,
  `created_at` timestamp NOT NULL DEFAULT '0000-00-00 00:00:00',
  `updated_at` timestamp NOT NULL DEFAULT '0000-00-00 00:00:00'
) ENGINE=InnoDB DEFAULT CHARSET=utf8 COLLATE=utf8_unicode_ci;

--
-- Dumping data for table `citizenships`
--

INSERT INTO `citizenships` (`id`, `name`, `organization_id`, `created_at`, `updated_at`) VALUES
(1, 'Kenyan', 1, '2017-03-20 10:31:31', '2017-03-20 10:31:31');

-- --------------------------------------------------------

--
-- Table structure for table `claim_receipts`
--

CREATE TABLE `claim_receipts` (
  `id` int(10) UNSIGNED NOT NULL,
  `claim_id` int(10) UNSIGNED DEFAULT NULL,
  `receipt_from` varchar(255) COLLATE utf8_unicode_ci NOT NULL,
  `transaction_date` date NOT NULL,
  `status` varchar(255) COLLATE utf8_unicode_ci NOT NULL,
  `created_at` timestamp NOT NULL DEFAULT '0000-00-00 00:00:00',
  `updated_at` timestamp NOT NULL DEFAULT '0000-00-00 00:00:00'
) ENGINE=InnoDB DEFAULT CHARSET=utf8 COLLATE=utf8_unicode_ci;

--
-- Dumping data for table `claim_receipts`
--

INSERT INTO `claim_receipts` (`id`, `claim_id`, `receipt_from`, `transaction_date`, `status`, `created_at`, `updated_at`) VALUES
(1, 1, 'JOSEPHINE', '2017-03-30', 'Awaiting Payment', '2017-03-30 21:40:36', '2017-03-30 21:41:16'),
(2, 2, 'JOSEPHINE', '2017-05-25', 'Awaiting Payment', '2017-05-25 14:40:33', '2017-05-25 14:41:47'),
(3, 3, 'Mumias', '2017-06-21', 'Awaiting Payment', '2017-06-28 11:22:25', '2017-06-28 11:23:29');

-- --------------------------------------------------------

--
-- Table structure for table `claim_receipt_items`
--

CREATE TABLE `claim_receipt_items` (
  `id` int(10) UNSIGNED NOT NULL,
  `claimReceiptID` int(10) UNSIGNED NOT NULL,
  `description` varchar(255) COLLATE utf8_unicode_ci NOT NULL,
  `quantity` int(10) UNSIGNED NOT NULL,
  `unit_price` double NOT NULL,
  `created_at` timestamp NOT NULL DEFAULT '0000-00-00 00:00:00',
  `updated_at` timestamp NOT NULL DEFAULT '0000-00-00 00:00:00'
) ENGINE=InnoDB DEFAULT CHARSET=utf8 COLLATE=utf8_unicode_ci;

--
-- Dumping data for table `claim_receipt_items`
--

INSERT INTO `claim_receipt_items` (`id`, `claimReceiptID`, `description`, `quantity`, `unit_price`, `created_at`, `updated_at`) VALUES
(1, 1, 'PENS', 1, 90, '2017-03-30 21:40:36', '2017-03-30 21:40:36'),
(2, 2, 'mops', 2, 250, '2017-05-25 14:40:33', '2017-05-25 14:40:33'),
(3, 3, 'mumias', 10, 24000, '2017-06-28 11:22:25', '2017-06-28 11:22:25');

-- --------------------------------------------------------

--
-- Table structure for table `clients`
--

CREATE TABLE `clients` (
  `id` int(10) UNSIGNED NOT NULL,
  `name` varchar(255) COLLATE utf8_unicode_ci NOT NULL,
  `date` date NOT NULL,
  `email` varchar(255) COLLATE utf8_unicode_ci DEFAULT NULL,
  `phone` varchar(255) COLLATE utf8_unicode_ci DEFAULT NULL,
  `address` varchar(255) COLLATE utf8_unicode_ci DEFAULT NULL,
  `contact_person` varchar(255) COLLATE utf8_unicode_ci DEFAULT NULL,
  `contact_person_phone` varchar(255) COLLATE utf8_unicode_ci DEFAULT NULL,
  `contact_person_email` varchar(255) COLLATE utf8_unicode_ci DEFAULT NULL,
  `type` varchar(255) COLLATE utf8_unicode_ci NOT NULL,
  `organization_id` int(11) DEFAULT NULL,
  `created_at` timestamp NOT NULL DEFAULT '0000-00-00 00:00:00',
  `updated_at` timestamp NOT NULL DEFAULT '0000-00-00 00:00:00'
) ENGINE=InnoDB DEFAULT CHARSET=utf8 COLLATE=utf8_unicode_ci;

--
-- Dumping data for table `clients`
--

INSERT INTO `clients` (`id`, `name`, `date`, `email`, `phone`, `address`, `contact_person`, `contact_person_phone`, `contact_person_email`, `type`, `organization_id`, `created_at`, `updated_at`) VALUES
(1, 'lixnet', '2017-03-20', 'info@lixnet.net', '0720600640', '1, Nairobi', 'Josephine', '0720600640', 'josephin.ayinda@lixnt.net', 'Customer', NULL, '2017-03-20 20:03:18', '2017-03-20 20:03:18'),
(2, 'Chabiara Enterprises ', '2017-03-23', '', '0722143674', 'Kamkunji Trade Centre', '', '0733398784', '', 'Supplier', NULL, '2017-03-23 19:04:36', '2017-03-23 19:04:36'),
(3, 'Super Jambo Hard Ware', '2017-03-23', '', '0721299482', 'Sheikh Karume Road', '', '0721902637', '', 'Supplier', NULL, '2017-03-23 19:06:32', '2017-03-23 19:06:32'),
(4, 'Bidii Agencies', '2017-03-23', '', '0772870153', 'Kensoko Building,Accra Road', '', '0720774525', '', 'Supplier', NULL, '2017-03-23 19:07:49', '2017-03-23 19:07:49'),
(5, 'Nairobi Central Hardware', '2017-03-23', '', '0717545642', 'Kombo Munyiri Road,Gikomba Nairobi', '', '0700355663', '', 'Supplier', NULL, '2017-03-23 19:09:25', '2017-03-23 19:09:25'),
(6, 'Syake General Merchants', '2017-03-23', '', '0727539684', 'Nairobi', '', '0724120023', '', 'Supplier', NULL, '2017-03-23 19:10:48', '2017-03-23 19:10:48'),
(7, 'Green Corner Enterprises', '2017-03-23', '', '0725706800', 'Kamkunji', '', '0725706800', '', 'Supplier', NULL, '2017-03-23 19:11:44', '2017-03-23 19:11:44'),
(8, 'Eken Enterprises', '2017-03-23', '', '0722268044', 'Kamkunji Trade Centre', '', '0718879294', '', 'Supplier', NULL, '2017-03-23 19:14:24', '2017-03-23 19:14:24'),
(9, 'Ridah Agencies', '2017-03-23', '', '0725303851', 'River road', '', '0725303851', '', 'Supplier', NULL, '2017-03-23 19:15:57', '2017-03-23 19:32:29'),
(10, 'Avis Hardware Traders', '2017-03-23', '', '0721692720', 'Super centre house,Luthuli Lane', '', '0736692722', '', 'Supplier', NULL, '2017-03-23 19:17:16', '2017-03-23 19:17:16'),
(11, 'Marston Cleaning and Sales Services', '2017-03-23', '', '0722770503', 'Victoria Court,Opp National archives', '', '0722970137', '', 'Supplier', NULL, '2017-03-23 19:18:47', '2017-03-23 19:18:47'),
(12, 'Impala Hardware Stores', '2017-03-23', '', '248317', 'Nairobi', '', '', '', 'Supplier', NULL, '2017-03-23 19:19:39', '2017-03-23 19:19:39'),
(13, 'Air Grace Limited', '2017-03-23', '', '', 'Nairobi', '', '', '', 'Supplier', NULL, '2017-03-23 19:20:33', '2017-03-23 19:20:33'),
(14, 'Daja Entepreneurs', '2017-03-23', '', '', 'Nairobi', '', '', '', 'Supplier', NULL, '2017-03-23 19:23:23', '2017-03-23 19:23:23'),
(15, 'Ghafla Enterprises', '2017-03-23', '', '0725578661', 'Kamkunji Trade Centre', '', '', '', 'Supplier', NULL, '2017-03-23 19:24:24', '2017-03-23 19:24:24'),
(16, 'Hmnan Enterprises', '2017-03-23', '', '0723416090', 'Kamkunji Trade Centre', '', '0724611318', '', 'Supplier', NULL, '2017-03-23 19:25:49', '2017-03-23 19:25:49'),
(17, 'Jechliju  Star', '2017-03-23', '', '0726262626', 'Kamkunji Trade Centre', '', '0726262626', '', 'Supplier', NULL, '2017-03-23 19:26:54', '2017-03-23 19:26:54'),
(18, 'Mrbal Enterprises', '2017-03-23', '', '0722543624', 'Chui Arcade,New Pumwani Road', '', '0705199613', '', 'Supplier', NULL, '2017-03-23 19:31:50', '2017-03-23 19:31:50'),
(19, 'Rentokil', '2017-03-23', '', '0703055149', 'Sameer Industrial Park', '', '0703055149', '', 'Supplier', NULL, '2017-03-23 23:22:54', '2017-03-23 23:22:54'),
(20, 'Spectra', '2017-03-23', '', '0722733349', 'Butere Road', '', '0722733349', '', 'Supplier', NULL, '2017-03-23 23:24:13', '2017-03-23 23:24:13'),
(21, 'Formula One Investment Ltd', '2017-03-23', '', '0722685185', '', '', '0722320368', '', 'Supplier', NULL, '2017-03-23 23:25:25', '2017-03-23 23:25:25'),
(22, 'Shedrif General Suppliers', '2017-03-23', '', '0720395292', 'Temple Road', '', '0720395292', '', 'Supplier', NULL, '2017-03-23 23:26:37', '2017-03-23 23:26:37'),
(23, 'Electric Link Ltd', '2017-03-23', '', '0733642216', 'Kijabe Street', '', '0723282118', '', 'Supplier', NULL, '2017-03-23 23:27:50', '2017-03-23 23:27:50'),
(24, 'Express Travel Group', '2017-03-31', '', '', 'Karen Business Park,Nairobi Kenya', '', '', '', 'Customer', NULL, '2017-03-31 18:01:53', '2017-03-31 18:01:53'),
(25, 'Mantoz Enterprises', '2017-04-07', 'info@mantozoffice.com', '0203510418', '10004-00100', 'Samuel Mwangi', '0722253900', 'snduati@mantozoffice.com', 'Supplier', NULL, '2017-04-07 17:06:03', '2017-04-07 17:06:03'),
(26, 'Jenem Enterpriss', '2017-04-21', '', '0720621764', '8297-00100 Kamkunji Area, Nairobi Kenya', '', '', '', 'Supplier', NULL, '2017-04-21 23:17:50', '2017-04-21 23:17:50'),
(27, 'Bisra Logistics', '2017-04-21', '', '0708305566', '74759-00100', '', '', '', 'Supplier', NULL, '2017-04-22 00:50:49', '2017-04-22 00:50:49'),
(28, 'Taxi Services', '2017-04-21', '', '', '', '', '', '', 'Supplier', NULL, '2017-04-22 01:19:36', '2017-04-22 01:19:36'),
(29, 'Alibhai Sharriff Service Centre', '2017-04-27', 'servicecentre@alibhaisharriff.co.ke', '556810', 'Enterprise Road', '', '', '', 'Supplier', NULL, '2017-04-27 16:58:47', '2017-04-27 16:58:47'),
(30, 'Total Office Solutions', '2017-04-27', 'sales@tos.co.ke', '0738646322', '', '', '', '', 'Supplier', NULL, '2017-04-27 23:43:55', '2017-04-27 23:43:55'),
(31, 'Ministry of East African Community,Labour &Social Protection', '2017-05-29', '', '', 'P.O.BOX 40326-00100', '', '', '', 'Customer', NULL, '2017-05-29 13:39:39', '2017-05-29 13:39:39');

-- --------------------------------------------------------

--
-- Table structure for table `company_property`
--

CREATE TABLE `company_property` (
  `id` int(10) UNSIGNED NOT NULL,
  `employee_id` int(10) UNSIGNED NOT NULL DEFAULT '0',
  `property_name` varchar(255) COLLATE utf8_unicode_ci NOT NULL,
  `property_description` text COLLATE utf8_unicode_ci,
  `property_serial_number` varchar(255) COLLATE utf8_unicode_ci NOT NULL,
  `property_digital_serial_number` varchar(255) COLLATE utf8_unicode_ci NOT NULL,
  `issued_by` varchar(255) COLLATE utf8_unicode_ci NOT NULL,
  `property_issue_date` date NOT NULL,
  `property_return_date` date NOT NULL,
  `property_amount` double(15,2) NOT NULL DEFAULT '0.00',
  `returned` char(1) COLLATE utf8_unicode_ci NOT NULL,
  `received_by` varchar(255) COLLATE utf8_unicode_ci NOT NULL,
  `created_at` timestamp NOT NULL DEFAULT '0000-00-00 00:00:00',
  `updated_at` timestamp NOT NULL DEFAULT '0000-00-00 00:00:00'
) ENGINE=InnoDB DEFAULT CHARSET=utf8 COLLATE=utf8_unicode_ci;

-- --------------------------------------------------------

--
-- Table structure for table `currencies`
--

CREATE TABLE `currencies` (
  `id` int(10) UNSIGNED NOT NULL,
  `name` varchar(255) COLLATE utf8_unicode_ci NOT NULL,
  `shortname` varchar(255) COLLATE utf8_unicode_ci NOT NULL,
  `organization_id` int(11) DEFAULT NULL,
  `created_at` timestamp NOT NULL DEFAULT '0000-00-00 00:00:00',
  `updated_at` timestamp NOT NULL DEFAULT '0000-00-00 00:00:00'
) ENGINE=InnoDB DEFAULT CHARSET=utf8 COLLATE=utf8_unicode_ci;

--
-- Dumping data for table `currencies`
--

INSERT INTO `currencies` (`id`, `name`, `shortname`, `organization_id`, `created_at`, `updated_at`) VALUES
(1, 'Kenyan Shillings', 'KES', NULL, '2017-03-18 08:09:24', '2017-03-18 08:09:24');

-- --------------------------------------------------------

--
-- Table structure for table `deductions`
--

CREATE TABLE `deductions` (
  `id` int(10) UNSIGNED NOT NULL,
  `deduction_name` varchar(255) COLLATE utf8_unicode_ci NOT NULL,
  `organization_id` int(10) UNSIGNED DEFAULT '0',
  `created_at` timestamp NOT NULL DEFAULT '0000-00-00 00:00:00',
  `updated_at` timestamp NOT NULL DEFAULT '0000-00-00 00:00:00'
) ENGINE=InnoDB DEFAULT CHARSET=utf8 COLLATE=utf8_unicode_ci;

--
-- Dumping data for table `deductions`
--

INSERT INTO `deductions` (`id`, `deduction_name`, `organization_id`, `created_at`, `updated_at`) VALUES
(1, 'Salary Advance', 1, '0000-00-00 00:00:00', '0000-00-00 00:00:00'),
(2, 'Loans', 1, '0000-00-00 00:00:00', '0000-00-00 00:00:00'),
(3, 'Savings', 1, '0000-00-00 00:00:00', '0000-00-00 00:00:00'),
(4, 'Breakages and spoilages', 1, '0000-00-00 00:00:00', '0000-00-00 00:00:00');

-- --------------------------------------------------------

--
-- Table structure for table `departments`
--

CREATE TABLE `departments` (
  `id` int(10) UNSIGNED NOT NULL,
  `department_name` varchar(255) COLLATE utf8_unicode_ci NOT NULL,
  `codes` varchar(255) COLLATE utf8_unicode_ci NOT NULL,
  `organization_id` int(10) UNSIGNED DEFAULT '0',
  `created_at` timestamp NOT NULL DEFAULT '0000-00-00 00:00:00',
  `updated_at` timestamp NOT NULL DEFAULT '0000-00-00 00:00:00'
) ENGINE=InnoDB DEFAULT CHARSET=utf8 COLLATE=utf8_unicode_ci;

--
-- Dumping data for table `departments`
--

INSERT INTO `departments` (`id`, `department_name`, `codes`, `organization_id`, `created_at`, `updated_at`) VALUES
(1, 'Information Technology', '', 1, '0000-00-00 00:00:00', '0000-00-00 00:00:00'),
(2, 'Management', '', 1, '0000-00-00 00:00:00', '0000-00-00 00:00:00'),
(3, 'Marketing', '', 1, '0000-00-00 00:00:00', '0000-00-00 00:00:00'),
(4, 'Finance', '', 1, '0000-00-00 00:00:00', '0000-00-00 00:00:00'),
(5, 'Human Resource', '', 1, '0000-00-00 00:00:00', '0000-00-00 00:00:00');

-- --------------------------------------------------------

--
-- Table structure for table `documents`
--

CREATE TABLE `documents` (
  `id` int(10) UNSIGNED NOT NULL,
  `employee_id` int(10) UNSIGNED NOT NULL DEFAULT '0',
  `document_name` varchar(255) COLLATE utf8_unicode_ci NOT NULL,
  `document_path` varchar(255) COLLATE utf8_unicode_ci NOT NULL,
  `created_at` timestamp NOT NULL DEFAULT '0000-00-00 00:00:00',
  `updated_at` timestamp NOT NULL DEFAULT '0000-00-00 00:00:00'
) ENGINE=InnoDB DEFAULT CHARSET=utf8 COLLATE=utf8_unicode_ci;

-- --------------------------------------------------------

--
-- Table structure for table `earnings`
--

CREATE TABLE `earnings` (
  `id` int(10) UNSIGNED NOT NULL,
  `employee_id` int(10) UNSIGNED NOT NULL DEFAULT '0',
  `earning_id` int(11) NOT NULL,
  `narrative` varchar(255) COLLATE utf8_unicode_ci NOT NULL,
  `formular` varchar(255) COLLATE utf8_unicode_ci NOT NULL,
  `instalments` int(11) NOT NULL,
  `earnings_amount` varchar(255) COLLATE utf8_unicode_ci NOT NULL DEFAULT '0.00',
  `earning_date` date NOT NULL,
  `first_day_month` date NOT NULL,
  `last_day_month` date NOT NULL,
  `created_at` timestamp NOT NULL DEFAULT '0000-00-00 00:00:00',
  `updated_at` timestamp NOT NULL DEFAULT '0000-00-00 00:00:00'
) ENGINE=InnoDB DEFAULT CHARSET=utf8 COLLATE=utf8_unicode_ci;

--
-- Dumping data for table `earnings`
--

INSERT INTO `earnings` (`id`, `employee_id`, `earning_id`, `narrative`, `formular`, `instalments`, `earnings_amount`, `earning_date`, `first_day_month`, `last_day_month`, `created_at`, `updated_at`) VALUES
(1, 1, 0, '', 'One Time', 0, '300.00', '2017-06-01', '2017-06-01', '2017-06-30', '2017-06-02 13:57:42', '2017-06-02 13:57:42'),
(2, 1, 1, 'Employee of the Month', 'One Time', 0, '10000.00', '2017-06-01', '2017-06-01', '2017-06-30', '2017-06-29 09:42:57', '2017-06-29 09:42:57'),
(3, 2, 1, 'Manager Bonus', 'One Time', 0, '20000.00', '2017-06-01', '2017-06-01', '2017-06-30', '2017-06-29 09:43:26', '2017-06-29 09:43:26');

-- --------------------------------------------------------

--
-- Table structure for table `earningsettings`
--

CREATE TABLE `earningsettings` (
  `id` int(10) UNSIGNED NOT NULL,
  `earning_name` varchar(255) COLLATE utf8_unicode_ci NOT NULL,
  `organization_id` int(10) UNSIGNED NOT NULL,
  `created_at` timestamp NOT NULL DEFAULT '0000-00-00 00:00:00',
  `updated_at` timestamp NOT NULL DEFAULT '0000-00-00 00:00:00'
) ENGINE=InnoDB DEFAULT CHARSET=utf8 COLLATE=utf8_unicode_ci;

--
-- Dumping data for table `earningsettings`
--

INSERT INTO `earningsettings` (`id`, `earning_name`, `organization_id`, `created_at`, `updated_at`) VALUES
(1, 'Bonus', 1, '2017-06-29 09:42:35', '2017-06-29 09:42:35');

-- --------------------------------------------------------

--
-- Table structure for table `education`
--

CREATE TABLE `education` (
  `id` int(10) UNSIGNED NOT NULL,
  `education_name` varchar(255) COLLATE utf8_unicode_ci NOT NULL,
  `organization_id` int(10) UNSIGNED DEFAULT '0',
  `created_at` timestamp NOT NULL DEFAULT '0000-00-00 00:00:00',
  `updated_at` timestamp NOT NULL DEFAULT '0000-00-00 00:00:00'
) ENGINE=InnoDB DEFAULT CHARSET=utf8 COLLATE=utf8_unicode_ci;

--
-- Dumping data for table `education`
--

INSERT INTO `education` (`id`, `education_name`, `organization_id`, `created_at`, `updated_at`) VALUES
(1, 'Primary School', 1, '0000-00-00 00:00:00', '0000-00-00 00:00:00'),
(2, 'Secondary School', 1, '0000-00-00 00:00:00', '0000-00-00 00:00:00'),
(3, 'College - Certificate', 1, '0000-00-00 00:00:00', '0000-00-00 00:00:00'),
(4, 'College - Diploma', 1, '0000-00-00 00:00:00', '0000-00-00 00:00:00'),
(5, 'Degree', 1, '0000-00-00 00:00:00', '0000-00-00 00:00:00'),
(6, 'Masters Degree', 1, '0000-00-00 00:00:00', '0000-00-00 00:00:00'),
(7, 'PHD', 1, '0000-00-00 00:00:00', '0000-00-00 00:00:00'),
(8, 'None', 1, '0000-00-00 00:00:00', '0000-00-00 00:00:00');

-- --------------------------------------------------------

--
-- Table structure for table `emergencycontacts`
--

CREATE TABLE `emergencycontacts` (
  `id` int(10) UNSIGNED NOT NULL,
  `name` varchar(255) COLLATE utf8_unicode_ci NOT NULL,
  `relationship` varchar(255) COLLATE utf8_unicode_ci DEFAULT NULL,
  `phone1` varchar(255) COLLATE utf8_unicode_ci DEFAULT NULL,
  `phone2` varchar(255) COLLATE utf8_unicode_ci DEFAULT NULL,
  `id_number` varchar(255) COLLATE utf8_unicode_ci DEFAULT NULL,
  `same_address_employee` varchar(255) COLLATE utf8_unicode_ci DEFAULT NULL,
  `country` varchar(255) COLLATE utf8_unicode_ci DEFAULT NULL,
  `address1` varchar(255) COLLATE utf8_unicode_ci DEFAULT NULL,
  `address2` varchar(255) COLLATE utf8_unicode_ci DEFAULT NULL,
  `city` varchar(255) COLLATE utf8_unicode_ci DEFAULT NULL,
  `state` varchar(255) COLLATE utf8_unicode_ci DEFAULT NULL,
  `zip` varchar(255) COLLATE utf8_unicode_ci DEFAULT NULL,
  `county` varchar(255) COLLATE utf8_unicode_ci DEFAULT NULL,
  `home_phone` varchar(255) COLLATE utf8_unicode_ci DEFAULT NULL,
  `office_phone` varchar(255) COLLATE utf8_unicode_ci DEFAULT NULL,
  `cellular_phone` varchar(255) COLLATE utf8_unicode_ci DEFAULT NULL,
  `street_name` varchar(255) COLLATE utf8_unicode_ci DEFAULT NULL,
  `main_road` varchar(255) COLLATE utf8_unicode_ci DEFAULT NULL,
  `landmark` varchar(255) COLLATE utf8_unicode_ci DEFAULT NULL,
  `employee_id` int(10) UNSIGNED NOT NULL,
  `created_at` timestamp NOT NULL DEFAULT '0000-00-00 00:00:00',
  `updated_at` timestamp NOT NULL DEFAULT '0000-00-00 00:00:00'
) ENGINE=InnoDB DEFAULT CHARSET=utf8 COLLATE=utf8_unicode_ci;

-- --------------------------------------------------------

--
-- Table structure for table `employee`
--

CREATE TABLE `employee` (
  `id` int(10) UNSIGNED NOT NULL,
  `organization_id` int(10) UNSIGNED NOT NULL DEFAULT '0',
  `personal_file_number` varchar(255) COLLATE utf8_unicode_ci NOT NULL,
  `first_name` varchar(255) COLLATE utf8_unicode_ci NOT NULL,
  `last_name` varchar(255) COLLATE utf8_unicode_ci NOT NULL,
  `middle_name` varchar(255) COLLATE utf8_unicode_ci DEFAULT NULL,
  `identity_number` varchar(255) COLLATE utf8_unicode_ci NOT NULL,
  `passport_number` varchar(255) COLLATE utf8_unicode_ci DEFAULT NULL,
  `basic_pay` varchar(255) COLLATE utf8_unicode_ci NOT NULL DEFAULT '0.00',
  `vol_amount` varchar(255) COLLATE utf8_unicode_ci NOT NULL DEFAULT '0.00',
  `pin` varchar(255) COLLATE utf8_unicode_ci DEFAULT NULL,
  `social_security_number` varchar(255) COLLATE utf8_unicode_ci DEFAULT NULL,
  `hospital_insurance_number` varchar(255) COLLATE utf8_unicode_ci DEFAULT NULL,
  `work_permit_number` varchar(30) COLLATE utf8_unicode_ci DEFAULT NULL,
  `job_title` varchar(50) COLLATE utf8_unicode_ci DEFAULT NULL,
  `branch_id` int(10) UNSIGNED NOT NULL DEFAULT '0',
  `department_id` int(10) UNSIGNED NOT NULL DEFAULT '0',
  `job_group_id` int(10) UNSIGNED NOT NULL DEFAULT '0',
  `type_id` int(10) UNSIGNED NOT NULL DEFAULT '0',
  `photo` varchar(255) COLLATE utf8_unicode_ci DEFAULT NULL,
  `signature` varchar(255) COLLATE utf8_unicode_ci DEFAULT NULL,
  `gender` varchar(6) COLLATE utf8_unicode_ci DEFAULT NULL,
  `marital_status` varchar(15) COLLATE utf8_unicode_ci DEFAULT NULL,
  `yob` date DEFAULT NULL,
  `citizenship` varchar(15) COLLATE utf8_unicode_ci DEFAULT NULL,
  `education_type_id` int(10) UNSIGNED NOT NULL DEFAULT '0',
  `income_tax_applicable` int(11) NOT NULL DEFAULT '0',
  `income_tax_relief_applicable` int(11) NOT NULL DEFAULT '0',
  `hospital_insurance_applicable` int(11) NOT NULL DEFAULT '0',
  `social_security_applicable` int(11) NOT NULL DEFAULT '0',
  `mode_of_payment` varchar(15) COLLATE utf8_unicode_ci DEFAULT NULL,
  `bank_id` int(10) UNSIGNED DEFAULT '0',
  `bank_branch_id` int(11) DEFAULT NULL,
  `citizenship_id` int(11) DEFAULT NULL,
  `bank_account_number` varchar(30) COLLATE utf8_unicode_ci DEFAULT NULL,
  `bank_eft_code` varchar(30) COLLATE utf8_unicode_ci DEFAULT NULL,
  `swift_code` varchar(30) COLLATE utf8_unicode_ci DEFAULT NULL,
  `time_clock_rate_normal` double(15,2) NOT NULL DEFAULT '0.00',
  `day_clock_rate_normal` double(15,2) NOT NULL DEFAULT '0.00',
  `time_clock_rate_weekday` double(15,2) NOT NULL DEFAULT '0.00',
  `day_clock_rate_weekday` double(15,2) NOT NULL DEFAULT '0.00',
  `time_clock_rate_saturday` double(15,2) NOT NULL DEFAULT '0.00',
  `day_clock_rate_saturday` double(15,2) NOT NULL DEFAULT '0.00',
  `time_clock_rate_sunday` double(15,2) NOT NULL DEFAULT '0.00',
  `day_clock_rate_sunday` double(15,2) NOT NULL DEFAULT '0.00',
  `time_clock_rate_holiday` double(15,2) NOT NULL DEFAULT '0.00',
  `day_clock_rate_holiday` double(15,2) NOT NULL DEFAULT '0.00',
  `medical_smoker` char(1) COLLATE utf8_unicode_ci DEFAULT NULL,
  `medical_blood_group` varchar(3) COLLATE utf8_unicode_ci DEFAULT NULL,
  `medical_disabilities` varchar(255) COLLATE utf8_unicode_ci DEFAULT NULL,
  `medical_conditions` varchar(255) COLLATE utf8_unicode_ci DEFAULT NULL,
  `email_office` varchar(255) COLLATE utf8_unicode_ci DEFAULT NULL,
  `email_personal` varchar(255) COLLATE utf8_unicode_ci DEFAULT NULL,
  `telephone_office` varchar(30) COLLATE utf8_unicode_ci DEFAULT NULL,
  `telephone_extension_office` varchar(30) COLLATE utf8_unicode_ci DEFAULT NULL,
  `telephone_mobile` varchar(30) COLLATE utf8_unicode_ci DEFAULT NULL,
  `postal_address` varchar(255) COLLATE utf8_unicode_ci DEFAULT NULL,
  `postal_zip` varchar(30) COLLATE utf8_unicode_ci DEFAULT NULL,
  `date_joined` varchar(30) COLLATE utf8_unicode_ci DEFAULT NULL,
  `bf_leave_days` int(11) NOT NULL DEFAULT '0',
  `annual_leave_days` int(11) NOT NULL DEFAULT '0',
  `custom_field1` varchar(30) COLLATE utf8_unicode_ci DEFAULT NULL,
  `custom_field2` varchar(30) COLLATE utf8_unicode_ci DEFAULT NULL,
  `custom_field3` varchar(30) COLLATE utf8_unicode_ci DEFAULT NULL,
  `custom_field4` varchar(30) COLLATE utf8_unicode_ci DEFAULT NULL,
  `start_date` date DEFAULT NULL,
  `end_date` date DEFAULT NULL,
  `in_employment` char(1) COLLATE utf8_unicode_ci NOT NULL DEFAULT 'Y',
  `created_at` timestamp NOT NULL DEFAULT '0000-00-00 00:00:00',
  `updated_at` timestamp NOT NULL DEFAULT '0000-00-00 00:00:00'
) ENGINE=InnoDB DEFAULT CHARSET=utf8 COLLATE=utf8_unicode_ci;

--
-- Dumping data for table `employee`
--

INSERT INTO `employee` (`id`, `organization_id`, `personal_file_number`, `first_name`, `last_name`, `middle_name`, `identity_number`, `passport_number`, `basic_pay`, `vol_amount`, `pin`, `social_security_number`, `hospital_insurance_number`, `work_permit_number`, `job_title`, `branch_id`, `department_id`, `job_group_id`, `type_id`, `photo`, `signature`, `gender`, `marital_status`, `yob`, `citizenship`, `education_type_id`, `income_tax_applicable`, `income_tax_relief_applicable`, `hospital_insurance_applicable`, `social_security_applicable`, `mode_of_payment`, `bank_id`, `bank_branch_id`, `citizenship_id`, `bank_account_number`, `bank_eft_code`, `swift_code`, `time_clock_rate_normal`, `day_clock_rate_normal`, `time_clock_rate_weekday`, `day_clock_rate_weekday`, `time_clock_rate_saturday`, `day_clock_rate_saturday`, `time_clock_rate_sunday`, `day_clock_rate_sunday`, `time_clock_rate_holiday`, `day_clock_rate_holiday`, `medical_smoker`, `medical_blood_group`, `medical_disabilities`, `medical_conditions`, `email_office`, `email_personal`, `telephone_office`, `telephone_extension_office`, `telephone_mobile`, `postal_address`, `postal_zip`, `date_joined`, `bf_leave_days`, `annual_leave_days`, `custom_field1`, `custom_field2`, `custom_field3`, `custom_field4`, `start_date`, `end_date`, `in_employment`, `created_at`, `updated_at`) VALUES
(1, 1, 'NSL.1', 'Josephine', 'Ayienda', '', '30215423', NULL, '80000.00', '0.00', 'A0978863726P', '34543454', '657753435', NULL, '', 1, 1, 2, 1, 'default_photo.png', 'sign_av.jpg', 'female', 'Married', '1994-06-14', NULL, 6, 1, 1, 1, 1, 'Bank', 1, 1, 1, '071455545665', NULL, NULL, 0.00, 0.00, 0.00, 0.00, 0.00, 0.00, 0.00, 0.00, 0.00, 0.00, NULL, NULL, NULL, NULL, 'josephine.ayienda@lixnet.net', NULL, NULL, NULL, NULL, '', '', '20-Jul-2016', 0, 0, '', NULL, NULL, NULL, '0000-00-00', '0000-00-00', 'Y', '2017-03-20 20:34:12', '2017-06-29 10:50:57'),
(2, 1, 'NSL.2', 'Cheruiyot', 'cris', '', '30324565', NULL, '100000.00', '0.00', 'A8987760989P', '345435652', '38829276354', NULL, '', 1, 2, 2, 1, 'default_photo.png', 'sign_av.jpg', 'male', 'Single', '1991-06-12', NULL, 5, 1, 1, 1, 1, 'Bank', 5, 81, 1, '10789876645353533', NULL, NULL, 0.00, 0.00, 0.00, 0.00, 0.00, 0.00, 0.00, 0.00, 0.00, 0.00, NULL, NULL, NULL, NULL, 'Cris@lixnet.net', NULL, NULL, NULL, NULL, '', '', '27-Jul-2015', 0, 0, '', NULL, NULL, NULL, '0000-00-00', '0000-00-00', 'Y', '2017-06-14 15:37:17', '2017-06-14 15:37:17'),
(3, 1, 'NSL.6', 'Martha', 'Okumu', '', '24966854', NULL, '1000.00', '0.00', NULL, NULL, NULL, NULL, '', 1, 4, 1, 1, 'default_photo.png', 'sign_av.jpg', 'female', 'Married', '1986-10-13', NULL, 5, 0, 0, 0, 0, 'Bank', 12, 470, 1, '5229647221', '11001', 'SWKEN', 0.00, 0.00, 0.00, 0.00, 0.00, 0.00, 0.00, 0.00, 0.00, 0.00, NULL, NULL, NULL, NULL, 'admin@nedamservices.co.ke', NULL, NULL, NULL, NULL, '', '', '20-Feb-2017', 0, 0, '', NULL, NULL, NULL, '0000-00-00', '0000-00-00', 'Y', '2017-06-14 16:03:01', '2017-06-29 09:54:51');

-- --------------------------------------------------------

--
-- Table structure for table `employeebenefits`
--

CREATE TABLE `employeebenefits` (
  `id` int(10) UNSIGNED NOT NULL,
  `jobgroup_id` int(10) UNSIGNED NOT NULL,
  `benefit_id` int(10) UNSIGNED NOT NULL,
  `amount` varchar(255) COLLATE utf8_unicode_ci NOT NULL DEFAULT '0.00',
  `created_at` timestamp NOT NULL DEFAULT '0000-00-00 00:00:00',
  `updated_at` timestamp NOT NULL DEFAULT '0000-00-00 00:00:00'
) ENGINE=InnoDB DEFAULT CHARSET=utf8 COLLATE=utf8_unicode_ci;

-- --------------------------------------------------------

--
-- Table structure for table `employeenontaxables`
--

CREATE TABLE `employeenontaxables` (
  `id` int(10) UNSIGNED NOT NULL,
  `employee_id` int(10) UNSIGNED NOT NULL,
  `nontaxable_id` int(10) UNSIGNED NOT NULL,
  `formular` varchar(255) COLLATE utf8_unicode_ci NOT NULL,
  `instalments` int(11) DEFAULT '0',
  `nontaxable_amount` varchar(255) COLLATE utf8_unicode_ci NOT NULL DEFAULT '0.00',
  `nontaxable_date` date NOT NULL,
  `first_day_month` date NOT NULL,
  `last_day_month` date NOT NULL,
  `created_at` timestamp NOT NULL DEFAULT '0000-00-00 00:00:00',
  `updated_at` timestamp NOT NULL DEFAULT '0000-00-00 00:00:00'
) ENGINE=InnoDB DEFAULT CHARSET=utf8 COLLATE=utf8_unicode_ci;

-- --------------------------------------------------------

--
-- Table structure for table `employee_allowances`
--

CREATE TABLE `employee_allowances` (
  `id` int(10) UNSIGNED NOT NULL,
  `employee_id` int(10) UNSIGNED NOT NULL,
  `allowance_id` int(10) UNSIGNED NOT NULL,
  `formular` varchar(255) COLLATE utf8_unicode_ci NOT NULL,
  `instalments` int(11) DEFAULT '0',
  `allowance_amount` varchar(255) COLLATE utf8_unicode_ci NOT NULL DEFAULT '0.00',
  `allowance_date` date NOT NULL,
  `first_day_month` date NOT NULL,
  `last_day_month` date NOT NULL,
  `created_at` timestamp NOT NULL DEFAULT '0000-00-00 00:00:00',
  `updated_at` timestamp NOT NULL DEFAULT '0000-00-00 00:00:00'
) ENGINE=InnoDB DEFAULT CHARSET=utf8 COLLATE=utf8_unicode_ci;

--
-- Dumping data for table `employee_allowances`
--

INSERT INTO `employee_allowances` (`id`, `employee_id`, `allowance_id`, `formular`, `instalments`, `allowance_amount`, `allowance_date`, `first_day_month`, `last_day_month`, `created_at`, `updated_at`) VALUES
(1, 3, 1, 'Recurring', 1, '10000.00', '2017-06-01', '2017-06-01', '2017-06-30', '2017-06-29 09:44:01', '2017-06-29 09:44:01'),
(2, 2, 2, 'Recurring', 1, '5000.00', '2017-06-01', '2017-06-01', '2017-06-30', '2017-06-29 09:44:31', '2017-06-29 09:44:31');

-- --------------------------------------------------------

--
-- Table structure for table `employee_deductions`
--

CREATE TABLE `employee_deductions` (
  `id` int(10) UNSIGNED NOT NULL,
  `employee_id` int(10) UNSIGNED NOT NULL DEFAULT '0',
  `deduction_id` int(10) UNSIGNED NOT NULL DEFAULT '0',
  `formular` varchar(255) COLLATE utf8_unicode_ci NOT NULL,
  `instalments` int(11) DEFAULT '0',
  `deduction_amount` varchar(255) COLLATE utf8_unicode_ci NOT NULL DEFAULT '0.00',
  `deduction_date` date NOT NULL,
  `first_day_month` date NOT NULL,
  `last_day_month` date NOT NULL,
  `created_at` timestamp NOT NULL DEFAULT '0000-00-00 00:00:00',
  `updated_at` timestamp NOT NULL DEFAULT '0000-00-00 00:00:00'
) ENGINE=InnoDB DEFAULT CHARSET=utf8 COLLATE=utf8_unicode_ci;

--
-- Dumping data for table `employee_deductions`
--

INSERT INTO `employee_deductions` (`id`, `employee_id`, `deduction_id`, `formular`, `instalments`, `deduction_amount`, `deduction_date`, `first_day_month`, `last_day_month`, `created_at`, `updated_at`) VALUES
(1, 1, 1, 'One Time', 0, '1000.00', '2017-06-02', '2017-06-01', '2017-06-30', '2017-06-02 14:00:15', '2017-06-02 14:00:15'),
(2, 3, 1, 'One Time', 0, '2000.00', '2017-06-01', '2017-06-01', '2017-06-30', '2017-06-29 09:44:57', '2017-06-29 09:44:57');

-- --------------------------------------------------------

--
-- Table structure for table `employee_relief`
--

CREATE TABLE `employee_relief` (
  `id` int(10) UNSIGNED NOT NULL,
  `relief_id` int(10) UNSIGNED NOT NULL DEFAULT '0',
  `employee_id` int(10) UNSIGNED NOT NULL DEFAULT '0',
  `relief_amount` varchar(255) COLLATE utf8_unicode_ci NOT NULL DEFAULT '0.00',
  `created_at` timestamp NOT NULL DEFAULT '0000-00-00 00:00:00',
  `updated_at` timestamp NOT NULL DEFAULT '0000-00-00 00:00:00'
) ENGINE=InnoDB DEFAULT CHARSET=utf8 COLLATE=utf8_unicode_ci;

-- --------------------------------------------------------

--
-- Table structure for table `employee_type`
--

CREATE TABLE `employee_type` (
  `id` int(10) UNSIGNED NOT NULL,
  `employee_type_name` varchar(255) COLLATE utf8_unicode_ci NOT NULL,
  `organization_id` int(10) UNSIGNED DEFAULT '0',
  `created_at` timestamp NOT NULL DEFAULT '0000-00-00 00:00:00',
  `updated_at` timestamp NOT NULL DEFAULT '0000-00-00 00:00:00'
) ENGINE=InnoDB DEFAULT CHARSET=utf8 COLLATE=utf8_unicode_ci;

--
-- Dumping data for table `employee_type`
--

INSERT INTO `employee_type` (`id`, `employee_type_name`, `organization_id`, `created_at`, `updated_at`) VALUES
(1, 'Full Time', 1, '0000-00-00 00:00:00', '0000-00-00 00:00:00'),
(2, 'Contract', 1, '0000-00-00 00:00:00', '0000-00-00 00:00:00'),
(3, 'Internship', 1, '0000-00-00 00:00:00', '0000-00-00 00:00:00');

-- --------------------------------------------------------

--
-- Table structure for table `erporderitems`
--

CREATE TABLE `erporderitems` (
  `id` int(10) UNSIGNED NOT NULL,
  `item_id` int(10) UNSIGNED NOT NULL,
  `quantity` int(11) NOT NULL DEFAULT '1',
  `issued_by` varchar(255) COLLATE utf8_unicode_ci DEFAULT NULL,
  `date_of_issue` date DEFAULT NULL,
  `date_of_return` date DEFAULT NULL,
  `status` varchar(255) COLLATE utf8_unicode_ci DEFAULT NULL,
  `is_returned` tinyint(1) NOT NULL DEFAULT '0',
  `rate` double NOT NULL DEFAULT '0',
  `duration` int(11) DEFAULT NULL,
  `erporder_id` int(10) UNSIGNED NOT NULL,
  `price` double DEFAULT NULL,
  `organization_id` int(11) DEFAULT NULL,
  `created_at` timestamp NOT NULL DEFAULT '0000-00-00 00:00:00',
  `updated_at` timestamp NOT NULL DEFAULT '0000-00-00 00:00:00'
) ENGINE=InnoDB DEFAULT CHARSET=utf8 COLLATE=utf8_unicode_ci;

--
-- Dumping data for table `erporderitems`
--

INSERT INTO `erporderitems` (`id`, `item_id`, `quantity`, `issued_by`, `date_of_issue`, `date_of_return`, `status`, `is_returned`, `rate`, `duration`, `erporder_id`, `price`, `organization_id`, `created_at`, `updated_at`) VALUES
(1, 1, 10, NULL, NULL, NULL, NULL, 0, 0, NULL, 1, 249, NULL, '2017-03-20 20:04:04', '2017-03-20 20:04:04'),
(2, 1, 5, NULL, NULL, NULL, NULL, 0, 0, NULL, 2, 249, NULL, '2017-03-20 20:15:59', '2017-03-20 20:15:59'),
(3, 2, 2, NULL, NULL, NULL, NULL, 0, 0, NULL, 2, 1200, NULL, '2017-03-20 20:15:59', '2017-03-20 20:15:59'),
(4, 1, 9, NULL, NULL, NULL, NULL, 0, 0, NULL, 3, 249, NULL, '2017-03-30 21:33:44', '2017-03-30 21:33:44'),
(5, 28, 1, NULL, NULL, NULL, NULL, 0, 0, NULL, 4, 800, NULL, '2017-04-21 22:37:32', '2017-04-21 22:37:32'),
(6, 29, 2, NULL, NULL, NULL, NULL, 0, 0, NULL, 6, 170, NULL, '2017-04-21 22:43:05', '2017-04-21 22:43:05'),
(7, 27, 3, NULL, NULL, NULL, NULL, 0, 0, NULL, 7, 70, NULL, '2017-04-21 22:49:51', '2017-04-21 22:49:51'),
(8, 12, 6, NULL, NULL, NULL, NULL, 0, 0, NULL, 8, 100, NULL, '2017-04-21 22:57:45', '2017-04-21 22:57:45'),
(9, 31, 10, NULL, NULL, NULL, NULL, 0, 0, NULL, 10, 286, NULL, '2017-04-21 23:02:14', '2017-04-21 23:02:14'),
(10, 9, 3, NULL, NULL, NULL, NULL, 0, 0, NULL, 11, 230, NULL, '2017-04-21 23:04:39', '2017-04-21 23:04:39'),
(11, 32, 2, NULL, NULL, NULL, NULL, 0, 0, NULL, 12, 200, NULL, '2017-04-21 23:06:08', '2017-04-21 23:06:08'),
(12, 33, 19, NULL, NULL, NULL, NULL, 0, 0, NULL, 13, 50, NULL, '2017-04-21 23:08:36', '2017-04-21 23:08:36'),
(13, 30, 2, NULL, NULL, NULL, NULL, 0, 0, NULL, 14, 650, NULL, '2017-04-21 23:10:51', '2017-04-21 23:10:51'),
(14, 34, 15, NULL, NULL, NULL, NULL, 0, 0, NULL, 15, 150, NULL, '2017-04-21 23:14:34', '2017-04-21 23:14:34'),
(15, 35, 12, NULL, NULL, NULL, NULL, 0, 0, NULL, 16, 30, NULL, '2017-04-21 23:15:48', '2017-04-21 23:15:48'),
(16, 24, 12, NULL, NULL, NULL, NULL, 0, 0, NULL, 17, 190, NULL, '2017-04-21 23:23:01', '2017-04-21 23:23:01'),
(17, 22, 14, NULL, NULL, NULL, NULL, 0, 0, NULL, 18, 245, NULL, '2017-04-21 23:26:05', '2017-04-21 23:26:05'),
(18, 36, 5, NULL, NULL, NULL, NULL, 0, 0, NULL, 19, 60, NULL, '2017-04-21 23:28:20', '2017-04-21 23:28:20'),
(19, 37, 1, NULL, NULL, NULL, NULL, 0, 0, NULL, 20, 110, NULL, '2017-04-21 23:29:36', '2017-04-21 23:29:36'),
(20, 38, 1, NULL, NULL, NULL, NULL, 0, 0, NULL, 21, 280, NULL, '2017-04-21 23:31:24', '2017-04-21 23:31:24'),
(21, 23, 3, NULL, NULL, NULL, NULL, 0, 0, NULL, 22, 65, NULL, '2017-04-21 23:33:02', '2017-04-21 23:33:02'),
(22, 39, 2, NULL, NULL, NULL, NULL, 0, 0, NULL, 23, 350, NULL, '2017-04-22 00:51:52', '2017-04-22 00:51:52'),
(23, 40, 1, NULL, NULL, NULL, NULL, 0, 0, NULL, 24, 390, NULL, '2017-04-22 00:52:45', '2017-04-22 00:52:45'),
(24, 18, 20, NULL, NULL, NULL, NULL, 0, 0, NULL, 25, 190, NULL, '2017-04-22 00:55:53', '2017-04-22 00:55:53'),
(25, 19, 5, NULL, NULL, NULL, NULL, 0, 0, NULL, 26, 50, NULL, '2017-04-22 00:58:49', '2017-04-22 00:58:49'),
(26, 42, 5, NULL, NULL, NULL, NULL, 0, 0, NULL, 27, 40, NULL, '2017-04-22 01:07:28', '2017-04-22 01:07:28'),
(27, 44, 10, NULL, NULL, NULL, NULL, 0, 0, NULL, 28, 70, NULL, '2017-04-22 01:09:38', '2017-04-22 01:09:38'),
(28, 43, 1, NULL, NULL, NULL, NULL, 0, 0, NULL, 29, 240, NULL, '2017-04-22 01:10:31', '2017-04-22 01:10:31'),
(29, 46, 1, NULL, NULL, NULL, NULL, 0, 0, NULL, 30, 1750, NULL, '2017-04-22 01:17:09', '2017-04-22 01:17:09'),
(30, 16, 25, NULL, NULL, NULL, NULL, 0, 0, NULL, 31, 50, NULL, '2017-04-22 01:18:52', '2017-04-22 01:18:52'),
(31, 47, 1, NULL, NULL, NULL, NULL, 0, 0, NULL, 32, 3000, NULL, '2017-04-27 17:01:18', '2017-04-27 17:01:18'),
(32, 48, 1, NULL, NULL, NULL, NULL, 0, 0, NULL, 33, 3400, NULL, '2017-04-27 23:49:56', '2017-04-27 23:49:56'),
(33, 49, 1, NULL, NULL, NULL, NULL, 0, 0, NULL, 35, 348.4375, NULL, '2017-04-28 18:26:39', '2017-04-28 18:26:39'),
(34, 49, 32, NULL, NULL, NULL, NULL, 0, 0, NULL, 36, 348.4375, NULL, '2017-04-28 18:27:32', '2017-04-28 18:27:32'),
(35, 1, 5, NULL, NULL, NULL, NULL, 0, 0, NULL, 37, 249, NULL, '2017-05-25 13:28:39', '2017-05-25 13:28:39'),
(36, 1, 2, NULL, NULL, NULL, NULL, 0, 0, NULL, 38, 249, NULL, '2017-05-25 13:33:40', '2017-05-25 13:33:40'),
(37, 1, 1, NULL, NULL, NULL, NULL, 0, 0, NULL, 39, 249, NULL, '2017-05-25 13:34:22', '2017-05-25 13:34:22'),
(38, 50, 4000, NULL, NULL, NULL, NULL, 0, 0, NULL, 40, 750, NULL, '2017-05-29 14:04:46', '2017-05-29 14:04:46'),
(39, 50, 4000, NULL, NULL, NULL, NULL, 0, 0, NULL, 41, 647, NULL, '2017-05-29 14:27:35', '2017-05-29 14:27:35'),
(40, 2, 20, NULL, NULL, NULL, NULL, 0, 0, NULL, 43, 1200, NULL, '2017-06-28 08:47:29', '2017-06-28 08:47:29'),
(41, 1, 10, NULL, NULL, NULL, NULL, 0, 0, NULL, 44, 249, NULL, '2017-06-28 12:46:46', '2017-06-28 12:46:46'),
(42, 3, 20, NULL, NULL, NULL, NULL, 0, 0, NULL, 45, 50, NULL, '2017-06-29 07:19:29', '2017-06-29 07:19:29');

-- --------------------------------------------------------

--
-- Table structure for table `erporders`
--

CREATE TABLE `erporders` (
  `id` int(10) UNSIGNED NOT NULL,
  `client_id` int(10) UNSIGNED NOT NULL,
  `date` date DEFAULT NULL,
  `status` varchar(255) COLLATE utf8_unicode_ci NOT NULL,
  `comment` text COLLATE utf8_unicode_ci NOT NULL,
  `total_amount` double DEFAULT NULL,
  `discount_amount` double DEFAULT NULL,
  `type` varchar(255) COLLATE utf8_unicode_ci NOT NULL,
  `is_lease` tinyint(1) NOT NULL DEFAULT '0',
  `payment_type` varchar(255) COLLATE utf8_unicode_ci DEFAULT NULL,
  `order_number` varchar(255) COLLATE utf8_unicode_ci DEFAULT NULL,
  `inv_number` varchar(255) COLLATE utf8_unicode_ci DEFAULT NULL,
  `due_date` date DEFAULT NULL,
  `ordered_by` varchar(255) COLLATE utf8_unicode_ci DEFAULT NULL,
  `organization_id` int(11) DEFAULT NULL,
  `created_at` timestamp NOT NULL DEFAULT '0000-00-00 00:00:00',
  `updated_at` timestamp NOT NULL DEFAULT '0000-00-00 00:00:00',
  `station_id` int(11) NOT NULL
) ENGINE=InnoDB DEFAULT CHARSET=utf8 COLLATE=utf8_unicode_ci;

--
-- Dumping data for table `erporders`
--

INSERT INTO `erporders` (`id`, `client_id`, `date`, `status`, `comment`, `total_amount`, `discount_amount`, `type`, `is_lease`, `payment_type`, `order_number`, `inv_number`, `due_date`, `ordered_by`, `organization_id`, `created_at`, `updated_at`, `station_id`) VALUES
(1, 1, '2017-03-20', 'new', '', NULL, 0, 'quotations', 0, NULL, '2017/03/20/0001', NULL, NULL, NULL, NULL, '2017-03-20 20:04:04', '2017-03-20 20:04:04', 0),
(2, 1, '2017-03-20', 'new', '', NULL, 0, 'quotations', 0, NULL, '2017/03/20/0002', NULL, NULL, NULL, NULL, '2017-03-20 20:15:59', '2017-03-20 20:15:59', 0),
(3, 2, '2017-03-30', 'REJECTED', 'No', NULL, NULL, 'purchases', 0, NULL, '2017/03/30/0003', NULL, NULL, NULL, NULL, '2017-03-30 21:33:43', '2017-06-29 06:35:18', 0),
(4, 2, '2017-04-01', 'delivered', '', NULL, NULL, 'purchases', 0, NULL, '2017/04/21/0004', NULL, NULL, NULL, NULL, '2017-04-21 22:37:32', '2017-04-21 22:39:02', 0),
(5, 2, '2017-04-01', 'cancelled', '', NULL, NULL, 'purchases', 0, NULL, '2017/04/21/0005', NULL, NULL, NULL, NULL, '2017-04-21 22:38:48', '2017-04-21 22:40:39', 0),
(6, 2, '2017-04-21', 'delivered', '', NULL, NULL, 'purchases', 0, NULL, '2017/04/21/0006', NULL, NULL, NULL, NULL, '2017-04-21 22:43:04', '2017-04-21 22:43:22', 0),
(7, 18, '2017-04-01', 'new', '', NULL, NULL, 'purchases', 0, NULL, '2017/04/21/0007', NULL, NULL, NULL, NULL, '2017-04-21 22:49:51', '2017-04-21 22:49:51', 0),
(8, 2, '2017-04-01', 'new', '', NULL, NULL, 'purchases', 0, NULL, '2017/04/21/0008', NULL, NULL, NULL, NULL, '2017-04-21 22:57:45', '2017-04-21 22:57:45', 0),
(9, 7, '2017-04-01', 'cancelled', '', NULL, NULL, 'purchases', 0, NULL, '2017/04/21/0009', NULL, NULL, NULL, NULL, '2017-04-21 23:00:49', '2017-04-21 23:01:27', 0),
(10, 7, '2017-04-21', 'new', '', NULL, NULL, 'purchases', 0, NULL, '2017/04/21/0010', NULL, NULL, NULL, NULL, '2017-04-21 23:02:14', '2017-04-21 23:02:14', 0),
(11, 7, '2017-04-01', 'new', '', NULL, NULL, 'purchases', 0, NULL, '2017/04/21/0011', NULL, NULL, NULL, NULL, '2017-04-21 23:04:39', '2017-04-21 23:04:39', 0),
(12, 7, '2017-04-01', 'new', '', NULL, NULL, 'purchases', 0, NULL, '2017/04/21/0012', NULL, NULL, NULL, NULL, '2017-04-21 23:06:08', '2017-04-21 23:06:08', 0),
(13, 16, '2017-04-01', 'new', '', NULL, NULL, 'purchases', 0, NULL, '2017/04/21/0013', NULL, NULL, NULL, NULL, '2017-04-21 23:08:36', '2017-04-21 23:08:36', 0),
(14, 2, '2017-04-01', 'new', '', NULL, NULL, 'purchases', 0, NULL, '2017/04/21/0014', NULL, NULL, NULL, NULL, '2017-04-21 23:10:51', '2017-04-21 23:10:51', 0),
(15, 5, '2017-04-01', 'new', '', NULL, NULL, 'purchases', 0, NULL, '2017/04/21/0015', NULL, NULL, NULL, NULL, '2017-04-21 23:14:34', '2017-04-21 23:14:34', 0),
(16, 5, '2017-04-01', 'new', '', NULL, NULL, 'purchases', 0, NULL, '2017/04/21/0016', NULL, NULL, NULL, NULL, '2017-04-21 23:15:48', '2017-04-21 23:15:48', 0),
(17, 26, '2017-04-01', 'new', '', NULL, NULL, 'purchases', 0, NULL, '2017/04/21/0017', NULL, NULL, NULL, NULL, '2017-04-21 23:23:01', '2017-04-21 23:23:01', 0),
(18, 26, '2017-04-01', 'new', '', NULL, NULL, 'purchases', 0, NULL, '2017/04/21/0018', NULL, NULL, NULL, NULL, '2017-04-21 23:26:05', '2017-04-21 23:26:05', 0),
(19, 26, '2017-04-01', 'new', '', NULL, NULL, 'purchases', 0, NULL, '2017/04/21/0019', NULL, NULL, NULL, NULL, '2017-04-21 23:28:20', '2017-04-21 23:28:20', 0),
(20, 26, '2017-04-01', 'new', '', NULL, NULL, 'purchases', 0, NULL, '2017/04/21/0020', NULL, NULL, NULL, NULL, '2017-04-21 23:29:36', '2017-04-21 23:29:36', 0),
(21, 26, '2017-04-01', 'new', '', NULL, NULL, 'purchases', 0, NULL, '2017/04/21/0021', NULL, NULL, NULL, NULL, '2017-04-21 23:31:24', '2017-04-21 23:31:24', 0),
(22, 26, '2017-04-01', 'new', '', NULL, NULL, 'purchases', 0, NULL, '2017/04/21/0022', NULL, NULL, NULL, NULL, '2017-04-21 23:33:02', '2017-04-21 23:33:02', 0),
(23, 27, '2017-04-01', 'new', '', NULL, NULL, 'purchases', 0, NULL, '2017/04/21/0023', NULL, NULL, NULL, NULL, '2017-04-22 00:51:52', '2017-04-22 00:51:52', 0),
(24, 27, '2017-04-01', 'new', '', NULL, NULL, 'purchases', 0, NULL, '2017/04/21/0024', NULL, NULL, NULL, NULL, '2017-04-22 00:52:45', '2017-04-22 00:52:45', 0),
(25, 11, '2017-04-01', 'new', '', NULL, NULL, 'purchases', 0, NULL, '2017/04/21/0025', NULL, NULL, NULL, NULL, '2017-04-22 00:55:53', '2017-04-22 00:55:53', 0),
(26, 11, '2017-04-01', 'new', '', NULL, NULL, 'purchases', 0, NULL, '2017/04/21/0026', NULL, NULL, NULL, NULL, '2017-04-22 00:58:49', '2017-04-22 00:58:49', 0),
(27, 2, '2017-04-21', 'new', '', NULL, NULL, 'purchases', 0, NULL, '2017/04/21/0027', NULL, NULL, NULL, NULL, '2017-04-22 01:07:28', '2017-04-22 01:07:28', 0),
(28, 2, '2017-04-01', 'new', '', NULL, NULL, 'purchases', 0, NULL, '2017/04/21/0028', NULL, NULL, NULL, NULL, '2017-04-22 01:09:38', '2017-04-22 01:09:38', 0),
(29, 2, '2017-04-01', 'new', '', NULL, NULL, 'purchases', 0, NULL, '2017/04/21/0029', NULL, NULL, NULL, NULL, '2017-04-22 01:10:31', '2017-04-22 01:10:31', 0),
(30, 2, '2017-04-01', 'new', '', NULL, NULL, 'purchases', 0, NULL, '2017/04/21/0030', NULL, NULL, NULL, NULL, '2017-04-22 01:17:08', '2017-04-22 01:17:08', 0),
(31, 2, '2017-04-01', 'new', '', NULL, NULL, 'purchases', 0, NULL, '2017/04/21/0031', NULL, NULL, NULL, NULL, '2017-04-22 01:18:52', '2017-04-22 01:18:52', 0),
(32, 29, '2017-04-27', 'new', '', NULL, NULL, 'purchases', 0, NULL, '2017/04/27/0032', NULL, NULL, NULL, NULL, '2017-04-27 17:01:18', '2017-04-27 17:01:18', 0),
(33, 30, '2017-04-27', 'new', '', NULL, NULL, 'purchases', 0, NULL, '2017/04/27/0033', NULL, NULL, NULL, NULL, '2017-04-27 23:49:56', '2017-04-27 23:49:56', 0),
(34, 24, '2017-04-28', 'new', '', NULL, 0, 'quotations', 0, NULL, '2017/04/28/0034', NULL, NULL, NULL, NULL, '2017-04-28 18:21:48', '2017-04-28 18:21:48', 0),
(35, 24, '2017-04-28', 'new', '', NULL, 0, 'quotations', 0, NULL, '2017/04/28/0034', NULL, NULL, NULL, NULL, '2017-04-28 18:26:39', '2017-04-28 18:26:39', 0),
(36, 24, '2017-04-28', 'new', '', NULL, 0, 'quotations', 0, NULL, '2017/04/28/0034', NULL, NULL, NULL, NULL, '2017-04-28 18:27:31', '2017-04-28 18:27:31', 0),
(37, 2, '2017-05-25', 'new', '', NULL, NULL, 'purchases', 0, NULL, '2017/05/25/0037', NULL, NULL, NULL, NULL, '2017-05-25 13:28:39', '2017-05-25 13:28:39', 0),
(38, 1, '2017-05-25', 'new', '', NULL, 0, 'sales', 0, NULL, '2017/05/25/0038', NULL, NULL, NULL, NULL, '2017-05-25 13:33:40', '2017-05-25 13:33:40', 0),
(39, 1, '2017-05-25', 'new', '', NULL, 0, 'quotations', 0, NULL, '2017/05/25/0039', NULL, NULL, NULL, NULL, '2017-05-25 13:34:22', '2017-05-25 13:34:22', 0),
(40, 31, '2017-05-29', 'cancelled', '', NULL, 0, 'sales', 0, NULL, '2017/05/29/0040', NULL, NULL, NULL, NULL, '2017-05-29 14:04:46', '2017-05-29 14:13:56', 0),
(41, 31, '2017-05-29', 'cancelled', '', NULL, 0, 'sales', 0, NULL, '2017/05/29/0041', NULL, NULL, NULL, NULL, '2017-05-29 14:27:35', '2017-05-29 14:40:56', 0),
(42, 24, '2017-06-21', 'new', '', NULL, 0, 'sales', 0, NULL, '2017/06/21/0042', NULL, NULL, NULL, NULL, '2017-06-21 16:48:45', '2017-06-21 16:48:45', 0),
(43, 1, '2017-06-28', 'new', '', NULL, 0, 'sales', 0, NULL, '2017/06/28/0043', NULL, NULL, NULL, NULL, '2017-06-28 08:47:28', '2017-06-28 08:47:28', 0),
(44, 1, '2017-06-28', 'new', '', NULL, 0, 'sales', 0, NULL, '2017/06/28/0044', NULL, NULL, NULL, NULL, '2017-06-28 12:46:45', '2017-06-28 12:46:45', 0),
(45, 4, '2017-06-29', 'new', '', NULL, NULL, 'purchases', 0, NULL, '2017/06/29/0045', NULL, NULL, NULL, NULL, '2017-06-29 07:19:28', '2017-06-29 07:19:28', 0);

-- --------------------------------------------------------

--
-- Table structure for table `expenses`
--

CREATE TABLE `expenses` (
  `id` int(10) UNSIGNED NOT NULL,
  `name` varchar(255) COLLATE utf8_unicode_ci NOT NULL,
  `amount` varchar(255) COLLATE utf8_unicode_ci NOT NULL,
  `type` varchar(255) COLLATE utf8_unicode_ci NOT NULL,
  `date` date DEFAULT NULL,
  `account_id` int(10) UNSIGNED NOT NULL,
  `organization_id` int(11) DEFAULT NULL,
  `created_at` timestamp NOT NULL DEFAULT '0000-00-00 00:00:00',
  `updated_at` timestamp NOT NULL DEFAULT '0000-00-00 00:00:00',
  `ref_no` varchar(255) COLLATE utf8_unicode_ci NOT NULL,
  `station_id` int(11) NOT NULL
) ENGINE=InnoDB DEFAULT CHARSET=utf8 COLLATE=utf8_unicode_ci;

--
-- Dumping data for table `expenses`
--

INSERT INTO `expenses` (`id`, `name`, `amount`, `type`, `date`, `account_id`, `organization_id`, `created_at`, `updated_at`, `ref_no`, `station_id`) VALUES
(2, 'Vincent', '3000', 'Expenditure', '2017-06-22', 2, NULL, '2017-06-22 07:17:38', '2017-06-22 07:17:38', 'EXP0000001', 1);

-- --------------------------------------------------------

--
-- Table structure for table `expensesettings`
--

CREATE TABLE `expensesettings` (
  `id` int(10) UNSIGNED NOT NULL,
  `name` varchar(255) COLLATE utf8_unicode_ci NOT NULL,
  `organization_id` int(10) UNSIGNED NOT NULL,
  `created_at` timestamp NOT NULL DEFAULT '0000-00-00 00:00:00',
  `updated_at` timestamp NOT NULL DEFAULT '0000-00-00 00:00:00'
) ENGINE=InnoDB DEFAULT CHARSET=utf8 COLLATE=utf8_unicode_ci;

-- --------------------------------------------------------

--
-- Table structure for table `expense_claims`
--

CREATE TABLE `expense_claims` (
  `id` int(10) UNSIGNED NOT NULL,
  `claimer` varchar(255) COLLATE utf8_unicode_ci NOT NULL,
  `date_submitted` date NOT NULL,
  `status` varchar(255) COLLATE utf8_unicode_ci NOT NULL,
  `created_at` timestamp NOT NULL DEFAULT '0000-00-00 00:00:00',
  `updated_at` timestamp NOT NULL DEFAULT '0000-00-00 00:00:00'
) ENGINE=InnoDB DEFAULT CHARSET=utf8 COLLATE=utf8_unicode_ci;

--
-- Dumping data for table `expense_claims`
--

INSERT INTO `expense_claims` (`id`, `claimer`, `date_submitted`, `status`, `created_at`, `updated_at`) VALUES
(1, 'superadmin', '2017-03-30', 'Approved', '2017-03-30 21:40:46', '2017-03-30 21:41:16'),
(2, 'superadmin', '2017-05-25', 'Approved', '2017-05-25 14:41:39', '2017-05-25 14:41:47'),
(3, 'superadmin', '2017-06-28', 'Approved', '2017-06-28 11:23:22', '2017-06-28 11:23:29');

-- --------------------------------------------------------

--
-- Table structure for table `groups`
--

CREATE TABLE `groups` (
  `id` int(10) UNSIGNED NOT NULL,
  `name` varchar(255) COLLATE utf8_unicode_ci NOT NULL,
  `description` text COLLATE utf8_unicode_ci,
  `organization_id` int(11) DEFAULT NULL,
  `created_at` timestamp NOT NULL DEFAULT '0000-00-00 00:00:00',
  `updated_at` timestamp NOT NULL DEFAULT '0000-00-00 00:00:00'
) ENGINE=InnoDB DEFAULT CHARSET=utf8 COLLATE=utf8_unicode_ci;

-- --------------------------------------------------------

--
-- Table structure for table `holidays`
--

CREATE TABLE `holidays` (
  `id` int(10) UNSIGNED NOT NULL,
  `name` varchar(255) COLLATE utf8_unicode_ci DEFAULT NULL,
  `date` date DEFAULT NULL,
  `organization_id` int(10) UNSIGNED NOT NULL,
  `created_at` timestamp NOT NULL DEFAULT '0000-00-00 00:00:00',
  `updated_at` timestamp NOT NULL DEFAULT '0000-00-00 00:00:00'
) ENGINE=InnoDB DEFAULT CHARSET=utf8 COLLATE=utf8_unicode_ci;

-- --------------------------------------------------------

--
-- Table structure for table `hospital_insurance`
--

CREATE TABLE `hospital_insurance` (
  `id` int(10) UNSIGNED NOT NULL,
  `income_from` double(15,2) NOT NULL DEFAULT '0.00',
  `income_to` double(15,2) NOT NULL DEFAULT '0.00',
  `hi_amount` double(15,2) NOT NULL DEFAULT '0.00',
  `organization_id` int(11) DEFAULT NULL,
  `created_at` timestamp NOT NULL DEFAULT '0000-00-00 00:00:00',
  `updated_at` timestamp NOT NULL DEFAULT '0000-00-00 00:00:00'
) ENGINE=InnoDB DEFAULT CHARSET=utf8 COLLATE=utf8_unicode_ci;

--
-- Dumping data for table `hospital_insurance`
--

INSERT INTO `hospital_insurance` (`id`, `income_from`, `income_to`, `hi_amount`, `organization_id`, `created_at`, `updated_at`) VALUES
(1, 0.00, 0.00, 0.00, 1, '0000-00-00 00:00:00', '0000-00-00 00:00:00'),
(2, 1.00, 5999.00, 150.00, 1, '0000-00-00 00:00:00', '0000-00-00 00:00:00'),
(3, 6000.00, 7999.00, 300.00, 1, '0000-00-00 00:00:00', '0000-00-00 00:00:00'),
(4, 8000.00, 11999.00, 400.00, 1, '0000-00-00 00:00:00', '0000-00-00 00:00:00'),
(5, 12000.00, 14999.00, 500.00, 1, '0000-00-00 00:00:00', '0000-00-00 00:00:00'),
(6, 15000.00, 19999.00, 600.00, 1, '0000-00-00 00:00:00', '0000-00-00 00:00:00'),
(7, 20000.00, 24999.00, 750.00, 1, '0000-00-00 00:00:00', '0000-00-00 00:00:00'),
(8, 25000.00, 29999.00, 850.00, 1, '0000-00-00 00:00:00', '0000-00-00 00:00:00'),
(9, 30000.00, 34999.00, 900.00, 1, '0000-00-00 00:00:00', '0000-00-00 00:00:00'),
(10, 35000.00, 39999.00, 950.00, 1, '0000-00-00 00:00:00', '0000-00-00 00:00:00'),
(11, 40000.00, 44999.00, 1000.00, 1, '0000-00-00 00:00:00', '0000-00-00 00:00:00'),
(12, 45000.00, 49999.00, 1100.00, 1, '0000-00-00 00:00:00', '0000-00-00 00:00:00'),
(13, 50000.00, 59999.00, 1200.00, 1, '0000-00-00 00:00:00', '0000-00-00 00:00:00'),
(14, 60000.00, 69999.00, 1300.00, 1, '0000-00-00 00:00:00', '0000-00-00 00:00:00'),
(15, 70000.00, 79999.00, 1400.00, 1, '0000-00-00 00:00:00', '0000-00-00 00:00:00'),
(16, 80000.00, 89999.00, 1500.00, 1, '0000-00-00 00:00:00', '0000-00-00 00:00:00'),
(17, 90000.00, 99999.00, 1600.00, 1, '0000-00-00 00:00:00', '0000-00-00 00:00:00'),
(18, 100000.00, 99000000.00, 1700.00, 1, '0000-00-00 00:00:00', '0000-00-00 00:00:00');

-- --------------------------------------------------------

--
-- Table structure for table `items`
--

CREATE TABLE `items` (
  `id` int(10) UNSIGNED NOT NULL,
  `name` varchar(255) COLLATE utf8_unicode_ci NOT NULL,
  `date` date DEFAULT NULL,
  `description` varchar(255) COLLATE utf8_unicode_ci DEFAULT NULL,
  `purchase_price` float(15,4) NOT NULL DEFAULT '0.0000',
  `selling_price` float(15,4) NOT NULL DEFAULT '0.0000',
  `sku` varchar(255) COLLATE utf8_unicode_ci DEFAULT NULL,
  `type` varchar(255) COLLATE utf8_unicode_ci DEFAULT NULL,
  `tag_id` varchar(255) COLLATE utf8_unicode_ci DEFAULT NULL,
  `reorder_level` int(11) DEFAULT NULL,
  `organization_id` int(11) DEFAULT NULL,
  `created_at` timestamp NOT NULL DEFAULT '0000-00-00 00:00:00',
  `updated_at` timestamp NOT NULL DEFAULT '0000-00-00 00:00:00'
) ENGINE=InnoDB DEFAULT CHARSET=utf8 COLLATE=utf8_unicode_ci;

--
-- Dumping data for table `items`
--

INSERT INTO `items` (`id`, `name`, `date`, `description`, `purchase_price`, `selling_price`, `sku`, `type`, `tag_id`, `reorder_level`, `organization_id`, `created_at`, `updated_at`) VALUES
(1, 'mops', '2017-03-20', 'Tp', 249.0000, 249.0000, '001', 'product', '001', 15, NULL, '2017-03-20 19:46:52', '2017-03-20 19:46:52'),
(2, 'multi purpose', '2017-03-20', '20 litres', 900.0000, 1200.0000, '008', 'product', '008', 8, NULL, '2017-03-20 20:15:18', '2017-03-20 20:15:18'),
(3, 'Face Towel', '2017-03-23', '', 50.0000, 50.0000, '', 'product', '', 10, NULL, '2017-03-23 19:35:46', '2017-03-23 19:35:46'),
(4, 'Brush', '2017-03-23', '', 50.0000, 50.0000, '', 'product', '', 10, NULL, '2017-03-23 19:36:52', '2017-03-23 19:36:52'),
(5, 'Dust Mask', '2017-03-23', 'Ksh 250 per packet', 250.0000, 250.0000, '', 'product', '', 1, NULL, '2017-03-23 19:52:24', '2017-03-23 19:52:24'),
(6, 'Dust Pans ', '2017-03-23', '', 50.0000, 50.0000, '', 'product', '', 5, NULL, '2017-03-23 19:53:20', '2017-03-23 19:53:20'),
(9, 'Sunlight Detergent', '2017-03-23', '1kg at ksh 230', 230.0000, 230.0000, '', 'product', '', 5, NULL, '2017-03-23 20:50:26', '2017-04-21 23:03:10'),
(10, 'Mop', '2017-03-23', '', 245.0000, 245.0000, '', 'product', '', 5, NULL, '2017-03-23 20:51:03', '2017-03-23 20:51:03'),
(12, 'Kitchen Towel', '2017-03-23', '', 100.0000, 100.0000, '', 'product', '', 5, NULL, '2017-03-23 20:53:09', '2017-03-23 20:53:09'),
(13, 'Hard Broom', '2017-03-23', '', 250.0000, 250.0000, '', 'product', '', 5, NULL, '2017-03-23 20:53:59', '2017-03-23 20:53:59'),
(14, 'Makuti Broom ', '2017-03-23', '', 60.0000, 60.0000, '', 'product', '', 5, NULL, '2017-03-23 20:54:47', '2017-03-23 20:54:47'),
(15, 'Black Pads', '2017-03-23', '', 800.0000, 800.0000, '', 'product', '', 3, NULL, '2017-03-23 20:56:11', '2017-03-23 20:56:11'),
(16, 'Cob web remover', '2017-03-23', '', 50.0000, 50.0000, '', 'product', '', 5, NULL, '2017-03-23 20:56:52', '2017-03-23 20:56:52'),
(17, 'Floor Squeegee', '2017-03-23', '', 450.0000, 450.0000, '', 'product', '', 2, NULL, '2017-03-23 20:57:30', '2017-03-23 20:57:30'),
(18, 'Tropical Air freshners', '2017-03-23', 'Ksh 603 per litre', 190.0000, 190.0000, '', 'product', '', 15, NULL, '2017-03-23 20:58:21', '2017-03-23 21:25:01'),
(19, 'Yellow Dusters', '2017-03-23', '', 50.0000, 50.0000, '', 'product', '', 15, NULL, '2017-03-23 20:58:58', '2017-03-23 20:58:58'),
(20, 'Air freshner (Liquid)', '2017-03-23', '', 400.0000, 400.0000, '', 'product', '', 5, NULL, '2017-03-23 21:23:22', '2017-03-23 21:23:22'),
(21, 'Scrubbing Brush', '2017-03-23', '', 70.0000, 70.0000, '', 'product', '', 5, NULL, '2017-03-23 21:26:09', '2017-03-23 21:26:09'),
(22, 'Mop Stick (jumbo)', '2017-03-23', '', 250.0000, 250.0000, '', 'product', '', 10, NULL, '2017-03-23 21:26:54', '2017-03-23 21:26:54'),
(23, 'Hand Wooden Brush', '2017-03-23', '', 65.0000, 65.0000, '', 'product', '', 10, NULL, '2017-03-23 21:29:14', '2017-04-21 23:32:03'),
(24, 'Mop Bucket', '2017-03-23', '', 190.0000, 190.0000, '', 'product', '', 5, NULL, '2017-03-23 21:41:46', '2017-04-21 23:20:35'),
(27, 'Dust Bin', '2017-04-21', '', 70.0000, 70.0000, '5', 'product', '', 5, NULL, '2017-04-21 22:28:15', '2017-04-21 22:28:15'),
(28, 'Water Glasses ', '2017-04-21', '', 800.0000, 800.0000, '5', 'product', '', 5, NULL, '2017-04-21 22:32:26', '2017-04-21 22:32:26'),
(29, 'Juice Glasses', '2017-04-21', '', 170.0000, 170.0000, '5', 'product', '', 5, NULL, '2017-04-21 22:33:53', '2017-04-21 22:33:53'),
(30, 'Bath Towels', '2017-04-21', '', 650.0000, 650.0000, '5', 'product', '', 5, NULL, '2017-04-21 22:52:51', '2017-04-21 22:52:51'),
(31, 'Ariel Detergent', '2017-04-21', '', 286.0000, 286.0000, '', 'product', '', 5, NULL, '2017-04-21 22:58:52', '2017-04-21 22:58:52'),
(32, 'cello tape', '2017-04-21', '', 200.0000, 200.0000, '', 'product', '', 2, NULL, '2017-04-21 23:05:16', '2017-04-21 23:05:16'),
(33, 'T/Duster', '2017-04-21', '', 50.0000, 50.0000, '', 'product', '', 5, NULL, '2017-04-21 23:07:20', '2017-04-21 23:07:20'),
(34, 'Rubber Gloves', '2017-04-21', '', 150.0000, 150.0000, '', 'product', '', 5, NULL, '2017-04-21 23:13:21', '2017-04-21 23:13:21'),
(35, 'Roller Mask', '2017-04-21', '', 30.0000, 30.0000, '', 'product', '', 5, NULL, '2017-04-21 23:15:01', '2017-04-21 23:15:01'),
(36, 'Buckets', '2017-04-21', '', 60.0000, 60.0000, '', 'product', '', 5, NULL, '2017-04-21 23:27:33', '2017-04-21 23:27:33'),
(37, 'Pump', '2017-04-21', '', 110.0000, 110.0000, '', 'product', '', 5, NULL, '2017-04-21 23:28:45', '2017-04-21 23:28:45'),
(38, 'Paper bags', '2017-04-21', '', 280.0000, 280.0000, '', 'product', '', 5, NULL, '2017-04-21 23:30:27', '2017-04-21 23:30:27'),
(39, 'Trays', '2017-04-21', '', 350.0000, 350.0000, '', 'product', '', 5, NULL, '2017-04-22 00:41:51', '2017-04-22 00:41:51'),
(40, 'Trays ', '2017-04-21', '', 390.0000, 390.0000, '', 'product', '', 5, NULL, '2017-04-22 00:42:20', '2017-04-22 00:42:20'),
(41, 'Containers', '2017-04-21', '', 70.0000, 70.0000, '', NULL, '', 5, NULL, '2017-04-22 01:00:24', '2017-04-22 01:00:24'),
(42, 'Containers', '2017-04-21', '', 40.0000, 40.0000, '', 'product', '', 5, NULL, '2017-04-22 01:00:51', '2017-04-22 01:00:51'),
(43, 'carton', '2017-04-21', '', 240.0000, 240.0000, '', 'product', '', 5, NULL, '2017-04-22 01:02:42', '2017-04-22 01:02:42'),
(44, 'containers', '2017-04-21', '', 70.0000, 70.0000, '', 'product', '', 5, NULL, '2017-04-22 01:08:56', '2017-04-22 01:08:56'),
(45, 'Hard/Soft Brooms', '2017-04-21', '', 0.0000, 1750.0000, '', NULL, '', 5, NULL, '2017-04-22 01:12:19', '2017-04-22 01:14:40'),
(46, 'Hard or Soft Broom', '2017-04-21', '', 1750.0000, 1750.0000, '', 'product', '', 5, NULL, '2017-04-22 01:16:17', '2017-04-22 01:16:17'),
(47, 'Valve', '2017-04-27', '', 3000.0000, 3000.0000, '5', 'product', '', 5, NULL, '2017-04-27 16:59:20', '2017-04-27 16:59:20'),
(48, 'black catridge', '2017-04-27', '', 0.0000, 3400.0000, '', 'product', '', 0, NULL, '2017-04-27 23:48:43', '2017-04-27 23:48:43'),
(49, 'Car Wash', '2017-04-28', 'Provision of car wash services for the month of April 2017', 0.0000, 11150.0000, '', 'service', '', 0, NULL, '2017-04-28 18:21:14', '2017-04-28 18:21:14'),
(50, 'Lessos', '2017-05-29', '', 646.5500, 646.5500, '10000', 'product', '', 10000, NULL, '2017-05-29 13:37:36', '2017-05-29 15:11:46'),
(51, 'Hats', '2017-05-29', '', 1121.0000, 1121.0000, '', 'product', '', 0, NULL, '2017-05-29 13:38:01', '2017-05-29 15:09:22');

-- --------------------------------------------------------

--
-- Table structure for table `job_group`
--

CREATE TABLE `job_group` (
  `id` int(10) UNSIGNED NOT NULL,
  `job_group_name` varchar(255) COLLATE utf8_unicode_ci NOT NULL,
  `organization_id` int(10) UNSIGNED DEFAULT '0',
  `created_at` timestamp NOT NULL DEFAULT '0000-00-00 00:00:00',
  `updated_at` timestamp NOT NULL DEFAULT '0000-00-00 00:00:00'
) ENGINE=InnoDB DEFAULT CHARSET=utf8 COLLATE=utf8_unicode_ci;

--
-- Dumping data for table `job_group`
--

INSERT INTO `job_group` (`id`, `job_group_name`, `organization_id`, `created_at`, `updated_at`) VALUES
(1, 'Junior Staff', 1, '0000-00-00 00:00:00', '0000-00-00 00:00:00'),
(2, 'Management', 1, '0000-00-00 00:00:00', '0000-00-00 00:00:00'),
(3, 'Marketing', 1, '0000-00-00 00:00:00', '0000-00-00 00:00:00');

-- --------------------------------------------------------

--
-- Table structure for table `journals`
--

CREATE TABLE `journals` (
  `id` int(10) UNSIGNED NOT NULL,
  `date` date NOT NULL,
  `trans_no` varchar(255) COLLATE utf8_unicode_ci NOT NULL,
  `account_id` int(10) UNSIGNED NOT NULL,
  `amount` float(10,0) NOT NULL,
  `initiated_by` varchar(255) COLLATE utf8_unicode_ci NOT NULL,
  `type` varchar(255) COLLATE utf8_unicode_ci NOT NULL,
  `description` varchar(255) COLLATE utf8_unicode_ci NOT NULL,
  `created_at` timestamp NOT NULL DEFAULT '0000-00-00 00:00:00',
  `updated_at` timestamp NOT NULL DEFAULT '0000-00-00 00:00:00',
  `void` tinyint(1) DEFAULT '0',
  `organization_id` int(11) DEFAULT NULL
) ENGINE=InnoDB DEFAULT CHARSET=utf8 COLLATE=utf8_unicode_ci;

--
-- Dumping data for table `journals`
--

INSERT INTO `journals` (`id`, `date`, `trans_no`, `account_id`, `amount`, `initiated_by`, `type`, `description`, `created_at`, `updated_at`, `void`, `organization_id`) VALUES
(1, '2017-03-30', '1490871824', 1, 2241, 'superadmin', 'credit', 'LLL', '2017-03-30 21:33:44', '2017-03-30 21:33:44', 0, NULL),
(2, '2017-03-30', '1490871824', 1, 2241, 'superadmin', 'debit', 'LLL', '2017-03-30 21:33:44', '2017-03-30 21:33:44', 0, NULL),
(3, '2017-04-01', '1492776272', 1, 800, 'superadmin', 'credit', 'Office Glasses', '2017-04-21 22:37:32', '2017-04-21 22:37:32', 0, NULL),
(4, '2017-04-01', '1492776272', 1, 800, 'superadmin', 'debit', 'Office Glasses', '2017-04-21 22:37:32', '2017-04-21 22:37:32', 0, NULL),
(5, '2017-04-01', '1492776288', 1, 0, 'superadmin', 'credit', 'Juice Glasses', '2017-04-21 22:38:48', '2017-04-21 22:38:48', 0, NULL),
(6, '2017-04-01', '1492776288', 1, 0, 'superadmin', 'debit', 'Juice Glasses', '2017-04-21 22:38:48', '2017-04-21 22:38:48', 0, NULL),
(7, '2017-04-21', '1492776245', 1, 340, 'superadmin', 'credit', 'Juice Glasses', '2017-04-21 22:43:05', '2017-04-21 22:43:05', 0, NULL),
(8, '2017-04-21', '1492776245', 1, 340, 'superadmin', 'debit', 'Juice Glasses', '2017-04-21 22:43:05', '2017-04-21 22:43:05', 0, NULL),
(9, '2017-04-01', '1492776291', 1, 210, 'superadmin', 'credit', '3 Dust Bins ', '2017-04-21 22:49:51', '2017-04-21 22:49:51', 0, NULL),
(10, '2017-04-01', '1492776291', 1, 210, 'superadmin', 'debit', '3 Dust Bins ', '2017-04-21 22:49:51', '2017-04-21 22:49:51', 0, NULL),
(11, '2017-04-01', '1492776285', 1, 600, 'superadmin', 'credit', 'Kitchen Towels', '2017-04-21 22:57:45', '2017-04-21 22:57:45', 0, NULL),
(12, '2017-04-01', '1492776285', 1, 600, 'superadmin', 'debit', 'Kitchen Towels', '2017-04-21 22:57:45', '2017-04-21 22:57:45', 0, NULL),
(13, '2017-04-01', '1492779890', 1, 0, 'superadmin', 'credit', 'Ariel Soap 10 Packets', '2017-04-21 23:00:50', '2017-04-21 23:00:50', 0, NULL),
(14, '2017-04-01', '1492779890', 1, 0, 'superadmin', 'debit', 'Ariel Soap 10 Packets', '2017-04-21 23:00:50', '2017-04-21 23:00:50', 0, NULL),
(15, '2017-04-21', '1492779854', 1, 2860, 'superadmin', 'credit', 'Ariel Detergent 10 Packets', '2017-04-21 23:02:14', '2017-04-21 23:02:14', 0, NULL),
(16, '2017-04-21', '1492779854', 1, 2860, 'superadmin', 'debit', 'Ariel Detergent 10 Packets', '2017-04-21 23:02:14', '2017-04-21 23:02:14', 0, NULL),
(17, '2017-04-01', '1492779879', 1, 690, 'superadmin', 'credit', 'Sunlight 3 Packets at Ksh 230 per Packet', '2017-04-21 23:04:39', '2017-04-21 23:04:39', 0, NULL),
(18, '2017-04-01', '1492779879', 1, 690, 'superadmin', 'debit', 'Sunlight 3 Packets at Ksh 230 per Packet', '2017-04-21 23:04:39', '2017-04-21 23:04:39', 0, NULL),
(19, '2017-04-01', '1492779848', 1, 400, 'superadmin', 'credit', '2 Cello tapes at 200 each', '2017-04-21 23:06:08', '2017-04-21 23:06:08', 0, NULL),
(20, '2017-04-01', '1492779848', 1, 400, 'superadmin', 'debit', '2 Cello tapes at 200 each', '2017-04-21 23:06:08', '2017-04-21 23:06:08', 0, NULL),
(21, '2017-04-01', '1492779876', 1, 950, 'superadmin', 'credit', '19 Pieces T/Duster at Ksh 50 each', '2017-04-21 23:08:36', '2017-04-21 23:08:36', 0, NULL),
(22, '2017-04-01', '1492779876', 1, 950, 'superadmin', 'debit', '19 Pieces T/Duster at Ksh 50 each', '2017-04-21 23:08:36', '2017-04-21 23:08:36', 0, NULL),
(23, '2017-04-01', '1492779891', 1, 1300, 'superadmin', 'credit', '2 pieces Bath towels at Ksh 650 each', '2017-04-21 23:10:51', '2017-04-21 23:10:51', 0, NULL),
(24, '2017-04-01', '1492779891', 1, 1300, 'superadmin', 'debit', '2 pieces Bath towels at Ksh 650 each', '2017-04-21 23:10:51', '2017-04-21 23:10:51', 0, NULL),
(25, '2017-04-01', '1492779874', 1, 2250, 'superadmin', 'credit', 'Rubber Gloves at Ksh 150 each', '2017-04-21 23:14:34', '2017-04-21 23:14:34', 0, NULL),
(26, '2017-04-01', '1492779874', 1, 2250, 'superadmin', 'debit', 'Rubber Gloves at Ksh 150 each', '2017-04-21 23:14:34', '2017-04-21 23:14:34', 0, NULL),
(27, '2017-04-01', '1492779888', 1, 360, 'superadmin', 'credit', '1 dozen Roller Mask', '2017-04-21 23:15:48', '2017-04-21 23:15:48', 0, NULL),
(28, '2017-04-01', '1492779888', 1, 360, 'superadmin', 'debit', '1 dozen Roller Mask', '2017-04-21 23:15:48', '2017-04-21 23:15:48', 0, NULL),
(29, '2017-04-01', '1492779841', 1, 2280, 'superadmin', 'credit', '1 Dozen Mop Buckets ', '2017-04-21 23:23:01', '2017-04-21 23:23:01', 0, NULL),
(30, '2017-04-01', '1492779841', 1, 2280, 'superadmin', 'debit', '1 Dozen Mop Buckets ', '2017-04-21 23:23:01', '2017-04-21 23:23:01', 0, NULL),
(31, '2017-04-01', '1492779845', 1, 3430, 'superadmin', 'credit', '14 Mop Sticks ', '2017-04-21 23:26:05', '2017-04-21 23:26:05', 0, NULL),
(32, '2017-04-01', '1492779845', 1, 3430, 'superadmin', 'debit', '14 Mop Sticks ', '2017-04-21 23:26:05', '2017-04-21 23:26:05', 0, NULL),
(33, '2017-04-01', '1492779860', 1, 300, 'superadmin', 'credit', '5 Buckets', '2017-04-21 23:28:20', '2017-04-21 23:28:20', 0, NULL),
(34, '2017-04-01', '1492779860', 1, 300, 'superadmin', 'debit', '5 Buckets', '2017-04-21 23:28:20', '2017-04-21 23:28:20', 0, NULL),
(35, '2017-04-01', '1492779876', 1, 110, 'superadmin', 'credit', 'One Pump', '2017-04-21 23:29:36', '2017-04-21 23:29:36', 0, NULL),
(36, '2017-04-01', '1492779876', 1, 110, 'superadmin', 'debit', 'One Pump', '2017-04-21 23:29:36', '2017-04-21 23:29:36', 0, NULL),
(37, '2017-04-01', '1492779864', 1, 280, 'superadmin', 'credit', 'One dozen of Paperbags ', '2017-04-21 23:31:24', '2017-04-21 23:31:24', 0, NULL),
(38, '2017-04-01', '1492779864', 1, 280, 'superadmin', 'debit', 'One dozen of Paperbags ', '2017-04-21 23:31:24', '2017-04-21 23:31:24', 0, NULL),
(39, '2017-04-01', '1492779842', 1, 195, 'superadmin', 'credit', '3 Hand Washing Brushes ', '2017-04-21 23:33:02', '2017-04-21 23:33:02', 0, NULL),
(40, '2017-04-01', '1492779842', 1, 195, 'superadmin', 'debit', '3 Hand Washing Brushes ', '2017-04-21 23:33:02', '2017-04-21 23:33:02', 0, NULL),
(41, '2017-04-01', '1492783492', 1, 700, 'superadmin', 'credit', 'Trays', '2017-04-22 00:51:52', '2017-04-22 00:51:52', 0, NULL),
(42, '2017-04-01', '1492783492', 1, 700, 'superadmin', 'debit', 'Trays', '2017-04-22 00:51:52', '2017-04-22 00:51:52', 0, NULL),
(43, '2017-04-01', '1492783485', 1, 390, 'superadmin', 'credit', 'Trays', '2017-04-22 00:52:45', '2017-04-22 00:52:45', 0, NULL),
(44, '2017-04-01', '1492783485', 1, 390, 'superadmin', 'debit', 'Trays', '2017-04-22 00:52:45', '2017-04-22 00:52:45', 0, NULL),
(45, '2017-04-01', '1492783493', 1, 3800, 'superadmin', 'credit', 'Air Freshners', '2017-04-22 00:55:53', '2017-04-22 00:55:53', 0, NULL),
(46, '2017-04-01', '1492783493', 1, 3800, 'superadmin', 'debit', 'Air Freshners', '2017-04-22 00:55:53', '2017-04-22 00:55:53', 0, NULL),
(47, '2017-04-01', '1492783489', 1, 250, 'superadmin', 'credit', 'Yellow Dusters', '2017-04-22 00:58:49', '2017-04-22 00:58:49', 0, NULL),
(48, '2017-04-01', '1492783489', 1, 250, 'superadmin', 'debit', 'Yellow Dusters', '2017-04-22 00:58:49', '2017-04-22 00:58:49', 0, NULL),
(49, '2017-04-21', '1492787068', 1, 200, 'superadmin', 'credit', 'Containers', '2017-04-22 01:07:28', '2017-04-22 01:07:28', 0, NULL),
(50, '2017-04-21', '1492787068', 1, 200, 'superadmin', 'debit', 'Containers', '2017-04-22 01:07:28', '2017-04-22 01:07:28', 0, NULL),
(51, '2017-04-01', '1492787078', 1, 700, 'superadmin', 'credit', 'Containers', '2017-04-22 01:09:38', '2017-04-22 01:09:38', 0, NULL),
(52, '2017-04-01', '1492787078', 1, 700, 'superadmin', 'debit', 'Containers', '2017-04-22 01:09:38', '2017-04-22 01:09:38', 0, NULL),
(53, '2017-04-01', '1492787071', 1, 240, 'superadmin', 'credit', 'Carton', '2017-04-22 01:10:31', '2017-04-22 01:10:31', 0, NULL),
(54, '2017-04-01', '1492787071', 1, 240, 'superadmin', 'debit', 'Carton', '2017-04-22 01:10:31', '2017-04-22 01:10:31', 0, NULL),
(55, '2017-04-01', '1492787048', 1, 1750, 'superadmin', 'credit', 'Hard or Soft Broom', '2017-04-22 01:17:08', '2017-04-22 01:17:08', 0, NULL),
(56, '2017-04-01', '1492787048', 1, 1750, 'superadmin', 'debit', 'Hard or Soft Broom', '2017-04-22 01:17:08', '2017-04-22 01:17:08', 0, NULL),
(57, '2017-04-01', '1492787092', 1, 1250, 'superadmin', 'credit', 'Cob web remover', '2017-04-22 01:18:52', '2017-04-22 01:18:52', 0, NULL),
(58, '2017-04-01', '1492787092', 1, 1250, 'superadmin', 'debit', 'Cob web remover', '2017-04-22 01:18:52', '2017-04-22 01:18:52', 0, NULL),
(59, '2017-04-27', '1493276658', 1, 3000, 'superadmin', 'credit', 'Valve', '2017-04-27 17:01:18', '2017-04-27 17:01:18', 0, NULL),
(60, '2017-04-27', '1493276658', 1, 3000, 'superadmin', 'debit', 'Valve', '2017-04-27 17:01:18', '2017-04-27 17:01:18', 0, NULL),
(61, '2017-04-27', '1493298296', 1, 3400, 'superadmin', 'credit', 'Black Catridge', '2017-04-27 23:49:56', '2017-04-27 23:49:56', 0, NULL),
(62, '2017-04-27', '1493298296', 1, 3400, 'superadmin', 'debit', 'Black Catridge', '2017-04-27 23:49:56', '2017-04-27 23:49:56', 0, NULL),
(63, '2017-05-25', '1495699539', 1, 1245, 'superadmin', 'credit', 'Purchase of mops', '2017-05-25 13:28:39', '2017-05-25 13:28:39', 0, NULL),
(64, '2017-05-25', '1495699539', 1, 1245, 'superadmin', 'debit', 'Purchase of mops', '2017-05-25 13:28:39', '2017-05-25 13:28:39', 0, NULL),
(65, '2017-05-25', '1495699540', 1, 498, 'superadmin', 'credit', 'mops', '2017-05-25 13:33:40', '2017-05-25 13:33:40', 0, NULL),
(66, '2017-05-25', '1495699540', 1, 498, 'superadmin', 'debit', 'mops', '2017-05-25 13:33:40', '2017-05-25 13:33:40', 0, NULL),
(67, '2017-05-29', '1496048746', 1, 3480000, 'superadmin', 'credit', 'Supply of high quality lessos', '2017-05-29 14:04:46', '2017-05-29 14:04:46', 0, NULL),
(68, '2017-05-29', '1496048746', 1, 3480000, 'superadmin', 'debit', 'Supply of high quality lessos', '2017-05-29 14:04:46', '2017-05-29 14:04:46', 0, NULL),
(69, '2017-05-29', '1496048735', 1, 3002080, 'superadmin', 'credit', 'Supply of high quality lessos', '2017-05-29 14:27:35', '2017-05-29 14:27:35', 0, NULL),
(70, '2017-05-29', '1496048735', 1, 3002080, 'superadmin', 'debit', 'Supply of high quality lessos', '2017-05-29 14:27:35', '2017-05-29 14:27:35', 0, NULL),
(71, '2017-06-21', '1498061205', 1, 0, 'superadmin', 'credit', 'Smaple', '2017-06-21 16:48:45', '2017-06-21 16:48:45', 0, NULL),
(72, '2017-06-21', '1498061205', 2, 0, 'superadmin', 'debit', 'Smaple', '2017-06-21 16:48:45', '2017-06-21 16:48:45', 0, NULL),
(73, '2017-06-28', '1498637188', 1, 27840, 'superadmin', 'credit', 'cdfvg', '2017-06-28 08:47:28', '2017-06-28 08:47:28', 0, NULL),
(74, '2017-06-28', '1498637188', 2, 27840, 'superadmin', 'debit', 'cdfvg', '2017-06-28 08:47:28', '2017-06-28 08:47:28', 0, NULL),
(75, '2017-06-28', '1498651605', 1, 2888, 'superadmin', 'credit', 'available', '2017-06-28 12:46:45', '2017-06-28 12:46:45', 0, NULL),
(76, '2017-06-28', '1498651605', 2, 2888, 'superadmin', 'debit', 'available', '2017-06-28 12:46:45', '2017-06-28 12:46:45', 0, NULL),
(77, '2017-06-29', '1498719989', 1, 1000, 'superadmin', 'credit', 'nggg', '2017-06-29 07:19:29', '2017-06-29 07:19:29', 0, NULL),
(78, '2017-06-29', '1498719989', 1, 1000, 'superadmin', 'debit', 'nggg', '2017-06-29 07:19:29', '2017-06-29 07:19:29', 0, NULL);

-- --------------------------------------------------------

--
-- Table structure for table `kins`
--

CREATE TABLE `kins` (
  `id` int(10) UNSIGNED NOT NULL,
  `name` varchar(255) COLLATE utf8_unicode_ci NOT NULL,
  `rship` varchar(255) COLLATE utf8_unicode_ci DEFAULT NULL,
  `goodwill` float(10,0) DEFAULT NULL,
  `id_number` varchar(255) COLLATE utf8_unicode_ci DEFAULT NULL,
  `member_id` int(10) UNSIGNED NOT NULL,
  `created_at` timestamp NOT NULL DEFAULT '0000-00-00 00:00:00',
  `updated_at` timestamp NOT NULL DEFAULT '0000-00-00 00:00:00'
) ENGINE=InnoDB DEFAULT CHARSET=utf8 COLLATE=utf8_unicode_ci;

-- --------------------------------------------------------

--
-- Table structure for table `leaveapplications`
--

CREATE TABLE `leaveapplications` (
  `id` int(10) UNSIGNED NOT NULL,
  `employee_id` int(10) UNSIGNED NOT NULL,
  `application_date` date DEFAULT NULL,
  `applied_start_date` date DEFAULT NULL,
  `applied_end_date` date DEFAULT NULL,
  `leavetype_id` int(10) UNSIGNED NOT NULL,
  `status` varchar(255) COLLATE utf8_unicode_ci DEFAULT NULL,
  `date_approved` date DEFAULT NULL,
  `date_rejected` date DEFAULT NULL,
  `date_amended` date DEFAULT NULL,
  `date_cancelled` date DEFAULT NULL,
  `approved_start_date` date DEFAULT NULL,
  `approved_end_date` date DEFAULT NULL,
  `actual_start_date` date DEFAULT NULL,
  `actual_end_date` date DEFAULT NULL,
  `organization_id` int(10) UNSIGNED NOT NULL,
  `created_at` timestamp NOT NULL DEFAULT '0000-00-00 00:00:00',
  `updated_at` timestamp NOT NULL DEFAULT '0000-00-00 00:00:00'
) ENGINE=InnoDB DEFAULT CHARSET=utf8 COLLATE=utf8_unicode_ci;

--
-- Dumping data for table `leaveapplications`
--

INSERT INTO `leaveapplications` (`id`, `employee_id`, `application_date`, `applied_start_date`, `applied_end_date`, `leavetype_id`, `status`, `date_approved`, `date_rejected`, `date_amended`, `date_cancelled`, `approved_start_date`, `approved_end_date`, `actual_start_date`, `actual_end_date`, `organization_id`, `created_at`, `updated_at`) VALUES
(1, 1, '2017-03-20', '2017-04-03', '2017-04-19', 1, 'applied', NULL, NULL, NULL, NULL, NULL, NULL, NULL, NULL, 1, '2017-03-20 20:42:27', '2017-03-20 20:42:27'),
(2, 1, '2017-03-20', '2017-03-21', '2017-03-21', 2, 'applied', NULL, NULL, NULL, NULL, NULL, NULL, NULL, NULL, 1, '2017-03-20 20:43:39', '2017-03-20 20:43:39'),
(3, 1, '2017-05-25', '2017-05-25', '2017-06-05', 1, 'approved', '2017-05-25', NULL, NULL, NULL, '2017-05-25', '2017-06-05', NULL, NULL, 1, '2017-05-25 14:13:24', '2017-05-25 14:14:11');

-- --------------------------------------------------------

--
-- Table structure for table `leavetypes`
--

CREATE TABLE `leavetypes` (
  `id` int(10) UNSIGNED NOT NULL,
  `name` varchar(255) COLLATE utf8_unicode_ci DEFAULT NULL,
  `days` int(11) DEFAULT '0',
  `organization_id` int(10) UNSIGNED NOT NULL,
  `created_at` timestamp NOT NULL DEFAULT '0000-00-00 00:00:00',
  `updated_at` timestamp NOT NULL DEFAULT '0000-00-00 00:00:00'
) ENGINE=InnoDB DEFAULT CHARSET=utf8 COLLATE=utf8_unicode_ci;

--
-- Dumping data for table `leavetypes`
--

INSERT INTO `leavetypes` (`id`, `name`, `days`, `organization_id`, `created_at`, `updated_at`) VALUES
(1, 'Annual', 21, 1, '2017-03-20 20:41:18', '2017-03-20 20:41:18'),
(2, 'Day off', 1, 1, '2017-03-20 20:42:46', '2017-03-20 20:42:46');

-- --------------------------------------------------------

--
-- Table structure for table `loanaccounts`
--

CREATE TABLE `loanaccounts` (
  `id` int(10) UNSIGNED NOT NULL,
  `member_id` int(10) UNSIGNED NOT NULL,
  `loanproduct_id` int(10) UNSIGNED NOT NULL,
  `is_new_application` tinyint(1) NOT NULL DEFAULT '1',
  `application_date` date NOT NULL,
  `amount_applied` float(10,0) NOT NULL,
  `interest_rate` float(10,0) NOT NULL,
  `period` int(11) NOT NULL,
  `is_approved` tinyint(1) NOT NULL DEFAULT '0',
  `date_approved` date DEFAULT NULL,
  `amount_approved` float(10,0) DEFAULT NULL,
  `is_rejected` tinyint(1) NOT NULL DEFAULT '0',
  `rejection_reason` varchar(255) COLLATE utf8_unicode_ci DEFAULT NULL,
  `is_amended` tinyint(1) NOT NULL DEFAULT '0',
  `date_amended` date DEFAULT NULL,
  `is_disbursed` tinyint(1) NOT NULL DEFAULT '0',
  `amount_disbursed` float(10,0) DEFAULT NULL,
  `date_disbursed` date DEFAULT NULL,
  `repayment_start_date` date DEFAULT NULL,
  `is_matured` tinyint(1) NOT NULL DEFAULT '0',
  `is_written_off` tinyint(1) NOT NULL DEFAULT '0',
  `is_defaulted` tinyint(1) NOT NULL DEFAULT '0',
  `is_overpaid` tinyint(1) NOT NULL DEFAULT '0',
  `account_number` varchar(255) COLLATE utf8_unicode_ci DEFAULT NULL,
  `created_at` timestamp NOT NULL DEFAULT '0000-00-00 00:00:00',
  `updated_at` timestamp NOT NULL DEFAULT '0000-00-00 00:00:00',
  `repayment_duration` int(11) DEFAULT NULL,
  `is_top_up` tinyint(1) DEFAULT '0',
  `top_up_amount` float(15,3) DEFAULT '0.000',
  `loan_purpose` varchar(255) COLLATE utf8_unicode_ci DEFAULT NULL
) ENGINE=InnoDB DEFAULT CHARSET=utf8 COLLATE=utf8_unicode_ci;

-- --------------------------------------------------------

--
-- Table structure for table `loanguarantors`
--

CREATE TABLE `loanguarantors` (
  `id` int(10) UNSIGNED NOT NULL,
  `member_id` int(10) UNSIGNED NOT NULL,
  `loanaccount_id` int(10) UNSIGNED NOT NULL,
  `amount` float(10,0) NOT NULL DEFAULT '0',
  `created_at` timestamp NOT NULL DEFAULT '0000-00-00 00:00:00',
  `updated_at` timestamp NOT NULL DEFAULT '0000-00-00 00:00:00'
) ENGINE=InnoDB DEFAULT CHARSET=utf8 COLLATE=utf8_unicode_ci;

-- --------------------------------------------------------

--
-- Table structure for table `loanpostings`
--

CREATE TABLE `loanpostings` (
  `id` int(10) UNSIGNED NOT NULL,
  `loanproduct_id` int(10) UNSIGNED NOT NULL,
  `transaction` varchar(255) COLLATE utf8_unicode_ci NOT NULL,
  `debit_account` varchar(255) COLLATE utf8_unicode_ci NOT NULL,
  `credit_account` varchar(255) COLLATE utf8_unicode_ci NOT NULL,
  `created_at` timestamp NOT NULL DEFAULT '0000-00-00 00:00:00',
  `updated_at` timestamp NOT NULL DEFAULT '0000-00-00 00:00:00'
) ENGINE=InnoDB DEFAULT CHARSET=utf8 COLLATE=utf8_unicode_ci;

-- --------------------------------------------------------

--
-- Table structure for table `loanproducts`
--

CREATE TABLE `loanproducts` (
  `id` int(10) UNSIGNED NOT NULL,
  `name` varchar(255) COLLATE utf8_unicode_ci NOT NULL,
  `short_name` varchar(255) COLLATE utf8_unicode_ci NOT NULL,
  `formula` varchar(255) COLLATE utf8_unicode_ci NOT NULL,
  `interest_rate` float(10,0) NOT NULL,
  `created_at` timestamp NOT NULL DEFAULT '0000-00-00 00:00:00',
  `updated_at` timestamp NOT NULL DEFAULT '0000-00-00 00:00:00',
  `amortization` varchar(255) COLLATE utf8_unicode_ci DEFAULT 'EI',
  `period` int(11) DEFAULT NULL,
  `currency` varchar(255) COLLATE utf8_unicode_ci NOT NULL
) ENGINE=InnoDB DEFAULT CHARSET=utf8 COLLATE=utf8_unicode_ci;

-- --------------------------------------------------------

--
-- Table structure for table `loanrepayments`
--

CREATE TABLE `loanrepayments` (
  `id` int(10) UNSIGNED NOT NULL,
  `loanaccount_id` int(10) UNSIGNED NOT NULL,
  `date` date NOT NULL,
  `principal_paid` float(12,2) NOT NULL DEFAULT '0.00',
  `interest_paid` float(12,2) NOT NULL DEFAULT '0.00',
  `created_at` timestamp NOT NULL DEFAULT '0000-00-00 00:00:00',
  `updated_at` timestamp NOT NULL DEFAULT '0000-00-00 00:00:00'
) ENGINE=InnoDB DEFAULT CHARSET=utf8 COLLATE=utf8_unicode_ci;

-- --------------------------------------------------------

--
-- Table structure for table `loantransactions`
--

CREATE TABLE `loantransactions` (
  `id` int(10) UNSIGNED NOT NULL,
  `loanaccount_id` int(10) UNSIGNED NOT NULL,
  `date` date NOT NULL,
  `description` varchar(255) COLLATE utf8_unicode_ci DEFAULT NULL,
  `trans_no` varchar(255) COLLATE utf8_unicode_ci DEFAULT NULL,
  `amount` float(10,0) NOT NULL DEFAULT '0',
  `type` varchar(255) COLLATE utf8_unicode_ci NOT NULL,
  `created_at` timestamp NOT NULL DEFAULT '0000-00-00 00:00:00',
  `updated_at` timestamp NOT NULL DEFAULT '0000-00-00 00:00:00'
) ENGINE=InnoDB DEFAULT CHARSET=utf8 COLLATE=utf8_unicode_ci;

-- --------------------------------------------------------

--
-- Table structure for table `locations`
--

CREATE TABLE `locations` (
  `id` int(10) UNSIGNED NOT NULL,
  `name` varchar(255) COLLATE utf8_unicode_ci NOT NULL,
  `description` varchar(255) COLLATE utf8_unicode_ci DEFAULT NULL,
  `organization_id` int(11) DEFAULT NULL,
  `created_at` timestamp NOT NULL DEFAULT '0000-00-00 00:00:00',
  `updated_at` timestamp NOT NULL DEFAULT '0000-00-00 00:00:00'
) ENGINE=InnoDB DEFAULT CHARSET=utf8 COLLATE=utf8_unicode_ci;

--
-- Dumping data for table `locations`
--

INSERT INTO `locations` (`id`, `name`, `description`, `organization_id`, `created_at`, `updated_at`) VALUES
(1, 'Head Office', 'Head Office', NULL, '2017-05-25 13:32:01', '2017-05-25 13:32:01');

-- --------------------------------------------------------

--
-- Table structure for table `mails`
--

CREATE TABLE `mails` (
  `id` int(10) UNSIGNED NOT NULL,
  `driver` varchar(255) COLLATE utf8_unicode_ci NOT NULL DEFAULT 'smtp',
  `host` varchar(255) COLLATE utf8_unicode_ci DEFAULT NULL,
  `username` varchar(255) COLLATE utf8_unicode_ci DEFAULT NULL,
  `password` varchar(255) COLLATE utf8_unicode_ci DEFAULT NULL,
  `port` varchar(255) COLLATE utf8_unicode_ci DEFAULT NULL,
  `encryption` varchar(255) COLLATE utf8_unicode_ci NOT NULL,
  `sender_name` varchar(255) COLLATE utf8_unicode_ci DEFAULT NULL,
  `created_at` timestamp NOT NULL DEFAULT '0000-00-00 00:00:00',
  `updated_at` timestamp NOT NULL DEFAULT '0000-00-00 00:00:00'
) ENGINE=InnoDB DEFAULT CHARSET=utf8 COLLATE=utf8_unicode_ci;

--
-- Dumping data for table `mails`
--

INSERT INTO `mails` (`id`, `driver`, `host`, `username`, `password`, `port`, `encryption`, `sender_name`, `created_at`, `updated_at`) VALUES
(1, 'smtp', NULL, NULL, NULL, NULL, '', NULL, '2017-03-18 08:09:24', '2017-03-18 08:09:24');

-- --------------------------------------------------------

--
-- Table structure for table `members`
--

CREATE TABLE `members` (
  `id` int(10) UNSIGNED NOT NULL,
  `name` varchar(255) COLLATE utf8_unicode_ci NOT NULL,
  `membership_no` varchar(255) COLLATE utf8_unicode_ci NOT NULL,
  `photo` varchar(255) COLLATE utf8_unicode_ci NOT NULL DEFAULT 'default_photo.png',
  `signature` varchar(255) COLLATE utf8_unicode_ci DEFAULT NULL,
  `gender` varchar(255) COLLATE utf8_unicode_ci DEFAULT NULL,
  `id_number` bigint(20) DEFAULT NULL,
  `phone` varchar(255) COLLATE utf8_unicode_ci DEFAULT NULL,
  `email` varchar(255) COLLATE utf8_unicode_ci DEFAULT NULL,
  `address` text COLLATE utf8_unicode_ci,
  `group_id` int(10) UNSIGNED DEFAULT NULL,
  `branch_id` int(10) UNSIGNED NOT NULL,
  `monthly_remittance_amount` float(15,2) DEFAULT NULL,
  `created_at` timestamp NOT NULL DEFAULT '0000-00-00 00:00:00',
  `updated_at` timestamp NOT NULL DEFAULT '0000-00-00 00:00:00',
  `is_active` tinyint(1) DEFAULT '1',
  `is_css_active` tinyint(1) DEFAULT '0'
) ENGINE=InnoDB DEFAULT CHARSET=utf8 COLLATE=utf8_unicode_ci;

-- --------------------------------------------------------

--
-- Table structure for table `migrations`
--

CREATE TABLE `migrations` (
  `migration` varchar(255) COLLATE utf8_unicode_ci NOT NULL,
  `batch` int(11) NOT NULL
) ENGINE=InnoDB DEFAULT CHARSET=utf8 COLLATE=utf8_unicode_ci;

--
-- Dumping data for table `migrations`
--

INSERT INTO `migrations` (`migration`, `batch`) VALUES
('2015_06_29_104738_create_mails_table', 1),
('2015_11_12_192002_create_appraisalcategories_table', 1),
('2015_11_13_192002_create_appraisal_questions_table', 1),
('2015_11_13_192002_create_occurencesettings_table', 1),
('2015_11_13_192002_create_x_account_table', 1),
('2015_11_13_192002_create_x_accounts_table', 1),
('2015_11_13_192002_create_x_assigned_roles_table', 1),
('2015_11_13_192002_create_x_audits_table', 1),
('2015_11_13_192002_create_x_banking_table', 1),
('2015_11_13_192002_create_x_branches_table', 1),
('2015_11_13_192002_create_x_categories_table', 1),
('2015_11_13_192002_create_x_charge_loanproduct_table', 1),
('2015_11_13_192002_create_x_charge_savingproduct_table', 1),
('2015_11_13_192002_create_x_charges_table', 1),
('2015_11_13_192002_create_x_currencies_table', 1),
('2015_11_13_192002_create_x_groups_table', 1),
('2015_11_13_192002_create_x_journals_table', 1),
('2015_11_13_192002_create_x_kins_table', 1),
('2015_11_13_192002_create_x_loanaccounts_table', 1),
('2015_11_13_192002_create_x_loanguarantors_table', 1),
('2015_11_13_192002_create_x_loanpostings_table', 1),
('2015_11_13_192002_create_x_loanproducts_table', 1),
('2015_11_13_192002_create_x_loanrepayments_table', 1),
('2015_11_13_192002_create_x_loantransactions_table', 1),
('2015_11_13_192002_create_x_members_table', 1),
('2015_11_13_192002_create_x_orders_table', 1),
('2015_11_13_192002_create_x_organizations_table', 1),
('2015_11_13_192002_create_x_password_reminders_table', 1),
('2015_11_13_192002_create_x_permission_role_table', 1),
('2015_11_13_192002_create_x_permissions_table', 1),
('2015_11_13_192002_create_x_products_table', 1),
('2015_11_13_192002_create_x_roles_table', 1),
('2015_11_13_192002_create_x_savingaccounts_table', 1),
('2015_11_13_192002_create_x_savingpostings_table', 1),
('2015_11_13_192002_create_x_savingproducts_table', 1),
('2015_11_13_192002_create_x_savingtransactions_table', 1),
('2015_11_13_192002_create_x_shareaccounts_table', 1),
('2015_11_13_192002_create_x_shares_table', 1),
('2015_11_13_192002_create_x_sharetransactions_table', 1),
('2015_11_13_192002_create_x_supervisors_table', 1),
('2015_11_13_192002_create_x_tax_orders_table', 1),
('2015_11_13_192002_create_x_tax_table', 1),
('2015_11_13_192002_create_x_user_role_table', 1),
('2015_11_13_192002_create_x_users_table', 1),
('2015_11_13_192002_create_x_vendors_table', 1),
('2015_11_13_192006_add_foreign_keys_to_x_assigned_roles_table', 1),
('2015_11_13_192006_add_foreign_keys_to_x_charge_loanproduct_table', 1),
('2015_11_13_192006_add_foreign_keys_to_x_charge_savingproduct_table', 1),
('2015_11_13_192006_add_foreign_keys_to_x_journals_table', 1),
('2015_11_13_192006_add_foreign_keys_to_x_kins_table', 1),
('2015_11_13_192006_add_foreign_keys_to_x_loanaccounts_table', 1),
('2015_11_13_192006_add_foreign_keys_to_x_loanguarantors_table', 1),
('2015_11_13_192006_add_foreign_keys_to_x_loanpostings_table', 1),
('2015_11_13_192006_add_foreign_keys_to_x_loanrepayments_table', 1),
('2015_11_13_192006_add_foreign_keys_to_x_loantransactions_table', 1),
('2015_11_13_192006_add_foreign_keys_to_x_members_table', 1),
('2015_11_13_192006_add_foreign_keys_to_x_orders_table', 1),
('2015_11_13_192006_add_foreign_keys_to_x_permission_role_table', 1),
('2015_11_13_192006_add_foreign_keys_to_x_products_table', 1),
('2015_11_13_192006_add_foreign_keys_to_x_savingaccounts_table', 1),
('2015_11_13_192006_add_foreign_keys_to_x_savingpostings_table', 1),
('2015_11_13_192006_add_foreign_keys_to_x_savingtransactions_table', 1),
('2015_11_13_192006_add_foreign_keys_to_x_shareaccounts_table', 1),
('2015_11_13_192006_add_foreign_keys_to_x_sharetransactions_table', 1),
('2015_11_13_192006_add_foreign_keys_to_x_user_role_table', 1),
('2015_11_13_192006_add_foreign_keys_to_x_users_table', 1),
('2015_11_20_083755_create_autoprocesses_table', 1),
('2015_11_30_072830_create_employee_table', 1),
('2015_11_30_101925_create_departments_table', 1),
('2015_11_30_102341_create_job_group_table', 1),
('2015_11_30_103046_create_education_table', 1),
('2015_11_30_104021_create_employee_type_table', 1),
('2015_11_30_104621_create_bank_table', 1),
('2015_11_30_104621_create_budget_table', 1),
('2015_11_30_104621_create_expensesettings_table', 1),
('2015_11_30_105006_create_deductions_table', 1),
('2015_11_30_105006_create_nontaxables_table', 1),
('2015_11_30_105430_create_relief_table', 1),
('2015_11_30_105530_create_employee_relief_table', 1),
('2015_11_30_122642_create_earnings_table', 1),
('2015_11_30_125654_create_allowances_table', 1),
('2015_11_30_125654_create_benefitsettings_table', 1),
('2015_11_30_125654_create_citizenships_table', 1),
('2015_11_30_125654_create_earningsettings_table', 1),
('2015_11_30_131641_create_bank_branches_table', 1),
('2015_11_30_132013_create_employee_deductions_table', 1),
('2015_11_30_132807_create_transact_allowances_table', 1),
('2015_11_30_132807_create_transact_deductions_table', 1),
('2015_11_30_133021_create_transact_earnings_table', 1),
('2015_11_30_133337_create_transact_table', 1),
('2015_11_30_134419_create_documents_table', 1),
('2015_11_30_134623_create_next_of_kin_table', 1),
('2015_11_30_135019_create_company_property_table', 1),
('2015_12_02_060131_create_nssf_table', 1),
('2015_12_02_060202_create_nhif_table', 1),
('2015_12_11_073943_create_leavetypes_table', 1),
('2015_12_11_074541_create_holidays_table', 1),
('2015_12_11_075243_create_leaveapplications_table', 1),
('2015_12_17_092634_create_items_table', 1),
('2015_12_17_093206_create_clients_table', 1),
('2015_12_17_093509_create_paymentmethods_table', 1),
('2015_12_17_094052_create_locations_table', 1),
('2015_12_17_094633_create_expenses_table', 1),
('2015_12_17_095700_create_erporders_table', 1),
('2015_12_17_101046_create_erporderitems_table', 1),
('2015_12_17_104147_create_payments_table', 1),
('2015_12_17_104738_create_stocks_table', 1),
('2016_03_09_054131_create_tests_table', 1),
('2016_09_08_161324_add_comment_column_in_erporder', 1),
('2016_10_06_145141_add_x_ref_no_to_expenses_table', 1),
('2016_10_13_144052_create_bank_reconciliation_tables', 1),
('2016_10_24_230950_create_table_account_transactions', 1),
('2016_11_13_192002_create_employeebenefits_table', 1),
('2016_11_13_202002_create_appraisals_table', 1),
('2016_11_13_202002_create_emergency_contacts_table', 1),
('2016_11_17_140412_create_x_petty_cash_items_table', 1),
('2016_11_23_231625_create_x_expense_claims_tables', 1),
('2016_12_13_103925_create_asset_management_tables', 1),
('2016_12_20_174718_create_tasks_table', 1),
('2017_11_13_192002_create_properties_table', 1),
('2017_11_13_192002_create_x_occurences_table', 1),
('2017_11_13_202002_create_next_of_kins_table', 1),
('2017_11_30_122642_create_overtimes_table', 1),
('2017_11_30_130039_create_employee_allowances_table', 1),
('2017_11_30_132013_create_employeenontaxables_table', 1),
('2017_11_30_132807_create_transact_nontaxables_table', 1),
('2017_11_30_133021_create_transact_overtimes_table', 1),
('2017_11_30_133021_create_transact_reliefs_table', 1),
('2017_11_30_133337_create_transact_advances_table', 1);

-- --------------------------------------------------------

--
-- Table structure for table `nextofkins`
--

CREATE TABLE `nextofkins` (
  `id` int(10) UNSIGNED NOT NULL,
  `first_name` varchar(255) COLLATE utf8_unicode_ci NOT NULL,
  `middle_name` varchar(255) COLLATE utf8_unicode_ci NOT NULL,
  `last_name` varchar(255) COLLATE utf8_unicode_ci NOT NULL,
  `relationship` varchar(255) COLLATE utf8_unicode_ci DEFAULT NULL,
  `contact` text COLLATE utf8_unicode_ci,
  `goodwill` float(10,0) DEFAULT NULL,
  `id_number` varchar(255) COLLATE utf8_unicode_ci DEFAULT NULL,
  `employee_id` int(10) UNSIGNED NOT NULL,
  `created_at` timestamp NOT NULL DEFAULT '0000-00-00 00:00:00',
  `updated_at` timestamp NOT NULL DEFAULT '0000-00-00 00:00:00'
) ENGINE=InnoDB DEFAULT CHARSET=utf8 COLLATE=utf8_unicode_ci;

-- --------------------------------------------------------

--
-- Table structure for table `next_of_kin`
--

CREATE TABLE `next_of_kin` (
  `id` int(10) UNSIGNED NOT NULL,
  `employee_id` int(10) UNSIGNED NOT NULL DEFAULT '0',
  `kin_name` varchar(255) COLLATE utf8_unicode_ci NOT NULL,
  `relation` varchar(255) COLLATE utf8_unicode_ci NOT NULL,
  `contact` varchar(255) COLLATE utf8_unicode_ci NOT NULL,
  `id_number` varchar(255) COLLATE utf8_unicode_ci NOT NULL,
  `amount` double(15,2) NOT NULL DEFAULT '0.00',
  `created_at` timestamp NOT NULL DEFAULT '0000-00-00 00:00:00',
  `updated_at` timestamp NOT NULL DEFAULT '0000-00-00 00:00:00'
) ENGINE=InnoDB DEFAULT CHARSET=utf8 COLLATE=utf8_unicode_ci;

-- --------------------------------------------------------

--
-- Table structure for table `nontaxables`
--

CREATE TABLE `nontaxables` (
  `id` int(10) UNSIGNED NOT NULL,
  `name` varchar(255) COLLATE utf8_unicode_ci NOT NULL,
  `organization_id` int(10) UNSIGNED NOT NULL,
  `created_at` timestamp NOT NULL DEFAULT '0000-00-00 00:00:00',
  `updated_at` timestamp NOT NULL DEFAULT '0000-00-00 00:00:00'
) ENGINE=InnoDB DEFAULT CHARSET=utf8 COLLATE=utf8_unicode_ci;

-- --------------------------------------------------------

--
-- Table structure for table `occurences`
--

CREATE TABLE `occurences` (
  `id` int(10) UNSIGNED NOT NULL,
  `occurence_brief` varchar(255) COLLATE utf8_unicode_ci NOT NULL,
  `employee_id` int(10) UNSIGNED NOT NULL,
  `occurencesetting_id` int(10) UNSIGNED NOT NULL,
  `narrative` text COLLATE utf8_unicode_ci,
  `doc_path` varchar(255) COLLATE utf8_unicode_ci DEFAULT NULL,
  `occurence_date` date NOT NULL,
  `organization_id` int(10) UNSIGNED NOT NULL,
  `created_at` timestamp NOT NULL DEFAULT '0000-00-00 00:00:00',
  `updated_at` timestamp NOT NULL DEFAULT '0000-00-00 00:00:00'
) ENGINE=InnoDB DEFAULT CHARSET=utf8 COLLATE=utf8_unicode_ci;

-- --------------------------------------------------------

--
-- Table structure for table `occurencesettings`
--

CREATE TABLE `occurencesettings` (
  `id` int(10) UNSIGNED NOT NULL,
  `occurence_type` varchar(255) COLLATE utf8_unicode_ci NOT NULL,
  `organization_id` int(10) UNSIGNED DEFAULT NULL,
  `created_at` timestamp NOT NULL DEFAULT '0000-00-00 00:00:00',
  `updated_at` timestamp NOT NULL DEFAULT '0000-00-00 00:00:00'
) ENGINE=InnoDB DEFAULT CHARSET=utf8 COLLATE=utf8_unicode_ci;

-- --------------------------------------------------------

--
-- Table structure for table `orders`
--

CREATE TABLE `orders` (
  `id` int(10) UNSIGNED NOT NULL,
  `product_id` int(10) UNSIGNED NOT NULL,
  `order_date` date DEFAULT NULL,
  `customer_name` varchar(255) COLLATE utf8_unicode_ci DEFAULT NULL,
  `sacco` varchar(255) COLLATE utf8_unicode_ci DEFAULT NULL,
  `customer_phone` varchar(255) COLLATE utf8_unicode_ci DEFAULT NULL,
  `customer_number` varchar(255) COLLATE utf8_unicode_ci DEFAULT NULL,
  `status` varchar(255) COLLATE utf8_unicode_ci NOT NULL DEFAULT 'new',
  `organization_id` int(11) DEFAULT NULL,
  `created_at` timestamp NOT NULL DEFAULT '0000-00-00 00:00:00',
  `updated_at` timestamp NOT NULL DEFAULT '0000-00-00 00:00:00'
) ENGINE=InnoDB DEFAULT CHARSET=utf8 COLLATE=utf8_unicode_ci;

-- --------------------------------------------------------

--
-- Table structure for table `organizations`
--

CREATE TABLE `organizations` (
  `id` int(10) UNSIGNED NOT NULL,
  `name` varchar(255) COLLATE utf8_unicode_ci DEFAULT 'XARA FINANCIALS',
  `logo` varchar(255) COLLATE utf8_unicode_ci DEFAULT NULL,
  `email` varchar(255) COLLATE utf8_unicode_ci DEFAULT NULL,
  `website` varchar(255) COLLATE utf8_unicode_ci DEFAULT NULL,
  `address` varchar(255) COLLATE utf8_unicode_ci DEFAULT NULL,
  `phone` varchar(255) COLLATE utf8_unicode_ci DEFAULT NULL,
  `kra_pin` varchar(255) COLLATE utf8_unicode_ci DEFAULT NULL,
  `nssf_no` varchar(255) COLLATE utf8_unicode_ci DEFAULT NULL,
  `nhif_no` varchar(255) COLLATE utf8_unicode_ci DEFAULT NULL,
  `bank_id` int(10) UNSIGNED NOT NULL DEFAULT '0',
  `bank_branch_id` int(10) UNSIGNED NOT NULL DEFAULT '0',
  `bank_account_number` varchar(255) COLLATE utf8_unicode_ci DEFAULT NULL,
  `swift_code` varchar(255) COLLATE utf8_unicode_ci DEFAULT NULL,
  `payroll_license_type` varchar(255) COLLATE utf8_unicode_ci DEFAULT 'evaluation',
  `erp_license_type` varchar(255) COLLATE utf8_unicode_ci DEFAULT 'evaluation',
  `cbs_license_type` varchar(255) COLLATE utf8_unicode_ci DEFAULT 'evaluation',
  `license_code` varchar(255) COLLATE utf8_unicode_ci DEFAULT NULL,
  `payroll_license_key` int(11) NOT NULL DEFAULT '0',
  `erp_license_key` int(11) NOT NULL DEFAULT '0',
  `cbs_license_key` int(11) NOT NULL DEFAULT '0',
  `erp_client_licensed` bigint(20) DEFAULT '10',
  `erp_item_licensed` bigint(20) DEFAULT '5',
  `payroll_licensed` bigint(20) DEFAULT '10',
  `cbs_licensed` bigint(20) DEFAULT '100',
  `payroll_code` varchar(255) COLLATE utf8_unicode_ci DEFAULT 'P3110',
  `erp_code` varchar(255) COLLATE utf8_unicode_ci DEFAULT 'E3110',
  `cbs_code` varchar(255) COLLATE utf8_unicode_ci DEFAULT 'C3110',
  `payroll_support_period` date DEFAULT NULL,
  `erp_support_period` date DEFAULT NULL,
  `cbs_support_period` date DEFAULT NULL,
  `is_payroll_active` bigint(20) DEFAULT '0',
  `is_erp_active` bigint(20) DEFAULT '0',
  `is_cbs_active` bigint(20) DEFAULT '0',
  `created_at` timestamp NOT NULL DEFAULT '0000-00-00 00:00:00',
  `updated_at` timestamp NOT NULL DEFAULT '0000-00-00 00:00:00'
) ENGINE=InnoDB DEFAULT CHARSET=utf8 COLLATE=utf8_unicode_ci;

--
-- Dumping data for table `organizations`
--

INSERT INTO `organizations` (`id`, `name`, `logo`, `email`, `website`, `address`, `phone`, `kra_pin`, `nssf_no`, `nhif_no`, `bank_id`, `bank_branch_id`, `bank_account_number`, `swift_code`, `payroll_license_type`, `erp_license_type`, `cbs_license_type`, `license_code`, `payroll_license_key`, `erp_license_key`, `cbs_license_key`, `erp_client_licensed`, `erp_item_licensed`, `payroll_licensed`, `cbs_licensed`, `payroll_code`, `erp_code`, `cbs_code`, `payroll_support_period`, `erp_support_period`, `cbs_support_period`, `is_payroll_active`, `is_erp_active`, `is_cbs_active`, `created_at`, `updated_at`) VALUES
(1, 'NEDAM SERVICES LTD', 'zpojMMA2QRCd.png', 'info@nedamservices.co.ke', 'www.nedamservices.co.ke', 'Nandi Road,Karen Shopping Centre\r\nP.O.BOX 3088-00506\r\nNairobi Kenya', '0722310178', 'P051202596D', '02106345', '51537', 0, 0, '', '', 'evaluation', 'evaluation', 'evaluation', NULL, 0, 0, 0, 10, 5, 10, 100, 'P3110', 'E3110', 'C3110', NULL, NULL, NULL, 0, 0, 0, '2017-03-18 08:09:24', '2017-04-13 16:50:37');

-- --------------------------------------------------------

--
-- Table structure for table `overtimes`
--

CREATE TABLE `overtimes` (
  `id` int(10) UNSIGNED NOT NULL,
  `employee_id` int(10) UNSIGNED NOT NULL,
  `type` varchar(255) COLLATE utf8_unicode_ci NOT NULL,
  `period` float(15,2) NOT NULL,
  `formular` varchar(255) COLLATE utf8_unicode_ci NOT NULL,
  `instalments` int(11) DEFAULT '0',
  `amount` varchar(255) COLLATE utf8_unicode_ci NOT NULL DEFAULT '0.00',
  `overtime_date` date NOT NULL,
  `first_day_month` date NOT NULL,
  `last_day_month` date NOT NULL,
  `created_at` timestamp NOT NULL DEFAULT '0000-00-00 00:00:00',
  `updated_at` timestamp NOT NULL DEFAULT '0000-00-00 00:00:00'
) ENGINE=InnoDB DEFAULT CHARSET=utf8 COLLATE=utf8_unicode_ci;

-- --------------------------------------------------------

--
-- Table structure for table `password_reminders`
--

CREATE TABLE `password_reminders` (
  `email` varchar(255) COLLATE utf8_unicode_ci NOT NULL,
  `token` varchar(255) COLLATE utf8_unicode_ci NOT NULL,
  `created_at` datetime NOT NULL DEFAULT '0000-00-00 00:00:00'
) ENGINE=InnoDB DEFAULT CHARSET=utf8 COLLATE=utf8_unicode_ci;

-- --------------------------------------------------------

--
-- Table structure for table `paymentmethods`
--

CREATE TABLE `paymentmethods` (
  `id` int(10) UNSIGNED NOT NULL,
  `name` varchar(255) COLLATE utf8_unicode_ci NOT NULL,
  `account_id` int(10) UNSIGNED NOT NULL,
  `organization_id` int(11) DEFAULT NULL,
  `created_at` timestamp NOT NULL DEFAULT '0000-00-00 00:00:00',
  `updated_at` timestamp NOT NULL DEFAULT '0000-00-00 00:00:00'
) ENGINE=InnoDB DEFAULT CHARSET=utf8 COLLATE=utf8_unicode_ci;

--
-- Dumping data for table `paymentmethods`
--

INSERT INTO `paymentmethods` (`id`, `name`, `account_id`, `organization_id`, `created_at`, `updated_at`) VALUES
(1, 'Cheque', 1, NULL, '2017-05-25 13:36:07', '2017-05-25 13:36:16');

-- --------------------------------------------------------

--
-- Table structure for table `payments`
--

CREATE TABLE `payments` (
  `id` int(10) UNSIGNED NOT NULL,
  `client_id` int(10) UNSIGNED NOT NULL,
  `account_id` int(10) UNSIGNED NOT NULL,
  `erporder_id` int(10) UNSIGNED NOT NULL,
  `date` date DEFAULT NULL,
  `amount_paid` double NOT NULL DEFAULT '0',
  `received_by` varchar(255) COLLATE utf8_unicode_ci DEFAULT NULL,
  `paymentmethod_id` int(10) UNSIGNED NOT NULL,
  `organization_id` int(11) DEFAULT NULL,
  `created_at` timestamp NOT NULL DEFAULT '0000-00-00 00:00:00',
  `updated_at` timestamp NOT NULL DEFAULT '0000-00-00 00:00:00'
) ENGINE=InnoDB DEFAULT CHARSET=utf8 COLLATE=utf8_unicode_ci;

--
-- Dumping data for table `payments`
--

INSERT INTO `payments` (`id`, `client_id`, `account_id`, `erporder_id`, `date`, `amount_paid`, `received_by`, `paymentmethod_id`, `organization_id`, `created_at`, `updated_at`) VALUES
(1, 1, 0, 1, '2017-05-25', 200, 'superadmin', 1, NULL, '2017-05-25 13:36:35', '2017-05-25 13:36:35');

-- --------------------------------------------------------

--
-- Table structure for table `permissions`
--

CREATE TABLE `permissions` (
  `id` int(10) UNSIGNED NOT NULL,
  `name` varchar(255) COLLATE utf8_unicode_ci NOT NULL,
  `display_name` varchar(255) COLLATE utf8_unicode_ci NOT NULL,
  `category` varchar(255) COLLATE utf8_unicode_ci NOT NULL,
  `created_at` timestamp NOT NULL DEFAULT '0000-00-00 00:00:00',
  `updated_at` timestamp NOT NULL DEFAULT '0000-00-00 00:00:00'
) ENGINE=InnoDB DEFAULT CHARSET=utf8 COLLATE=utf8_unicode_ci;

--
-- Dumping data for table `permissions`
--

INSERT INTO `permissions` (`id`, `name`, `display_name`, `category`, `created_at`, `updated_at`) VALUES
(1, 'create_employee', 'Create employee', 'Employee', '2017-03-18 08:09:24', '2017-03-18 08:09:24'),
(2, 'update_employee', 'Update employee', 'Employee', '2017-03-18 08:09:24', '2017-03-18 08:09:24'),
(3, 'delete_employee', 'Deactivate employee', 'Employee', '2017-03-18 08:09:24', '2017-03-18 08:09:24'),
(4, 'view_employee', 'View employee', 'Employee', '2017-03-18 08:09:25', '2017-03-18 08:09:25'),
(5, 'manage_earning', 'Manage earnings', 'Payroll', '2017-03-18 08:09:25', '2017-03-18 08:09:25'),
(6, 'manage_deduction', 'Manage deductions', 'Payroll', '2017-03-18 08:09:25', '2017-03-18 08:09:25'),
(7, 'manage_allowance', 'Manage allowance', 'Payroll', '2017-03-18 08:09:25', '2017-03-18 08:09:25'),
(8, 'manage_relief', 'Manage releif', 'Payroll', '2017-03-18 08:09:25', '2017-03-18 08:09:25'),
(9, 'manage_benefit', 'Manage benefits', 'Payroll', '2017-03-18 08:09:25', '2017-03-18 08:09:25'),
(10, 'process_payroll', 'Process payroll', 'Payroll', '2017-03-18 08:09:25', '2017-03-18 08:09:25'),
(11, 'view_payroll_report', 'View reports', 'Payroll', '2017-03-18 08:09:25', '2017-03-18 08:09:25'),
(12, 'manage_settings', 'Manage settings', 'Payroll', '2017-03-18 08:09:25', '2017-03-18 08:09:25'),
(13, 'view_application', 'View applications', 'Leave', '2017-03-18 08:09:25', '2017-03-18 08:09:25'),
(14, 'amend_application', 'Amend applications', 'Leave', '2017-03-18 08:09:25', '2017-03-18 08:09:25'),
(15, 'approve_application', 'Approve applications', 'Leave', '2017-03-18 08:09:25', '2017-03-18 08:09:25'),
(16, 'reject_application', 'Reject applications', 'Leave', '2017-03-18 08:09:25', '2017-03-18 08:09:25'),
(17, 'cancel_application', 'Cancel applications', 'Leave', '2017-03-18 08:09:25', '2017-03-18 08:09:25'),
(18, 'manage_type', 'Manage leave types', 'Leave', '2017-03-18 08:09:25', '2017-03-18 08:09:25'),
(19, 'manage_holiday', 'Manage holidays', 'Leave', '2017-03-18 08:09:25', '2017-03-18 08:09:25'),
(20, 'view_leave_report', 'View reports', 'Leave', '2017-03-18 08:09:25', '2017-03-18 08:09:25'),
(21, 'manage_organization', 'manage organization', 'Organization', '2017-03-18 08:09:25', '2017-03-18 08:09:25'),
(22, 'manage_branch', 'manage branches', 'Organization', '2017-03-18 08:09:25', '2017-03-18 08:09:25'),
(23, 'manage_group', 'manage groups', 'Organization', '2017-03-18 08:09:25', '2017-03-18 08:09:25'),
(24, 'manage_organization_settings', 'manage settings', 'Organization', '2017-03-18 08:09:25', '2017-03-18 08:09:25'),
(25, 'manage_user', 'manage users', 'System', '2017-03-18 08:09:25', '2017-03-18 08:09:25'),
(26, 'manage_role', 'manage roles', 'System', '2017-03-18 08:09:25', '2017-03-18 08:09:25'),
(27, 'manage_audit', 'manage audits', 'System', '2017-03-18 08:09:25', '2017-03-18 08:09:25'),
(28, 'approve_quotation', 'Approve Quotation', 'ERP', '0000-00-00 00:00:00', '0000-00-00 00:00:00'),
(29, 'reject_quotation', 'Reject Quotation', 'ERP', '0000-00-00 00:00:00', '0000-00-00 00:00:00'),
(30, 'approve_purchase', 'Approve Purchase', 'ERP', '0000-00-00 00:00:00', '0000-00-00 00:00:00'),
(31, 'reject_purchase', 'Reject Purchase', 'ERP', '0000-00-00 00:00:00', '0000-00-00 00:00:00'),
(32, 'manager_payroll', 'Management payroll', 'Payroll', '2017-06-29 09:04:00', '2017-06-29 09:04:00');

-- --------------------------------------------------------

--
-- Table structure for table `permission_role`
--

CREATE TABLE `permission_role` (
  `id` int(10) UNSIGNED NOT NULL,
  `permission_id` int(10) UNSIGNED NOT NULL,
  `role_id` int(10) UNSIGNED NOT NULL
) ENGINE=InnoDB DEFAULT CHARSET=utf8 COLLATE=utf8_unicode_ci;

--
-- Dumping data for table `permission_role`
--

INSERT INTO `permission_role` (`id`, `permission_id`, `role_id`) VALUES
(1, 1, 1),
(2, 2, 1),
(3, 3, 1),
(4, 4, 1),
(5, 5, 1),
(6, 6, 1),
(7, 7, 1),
(8, 8, 1),
(9, 9, 1),
(10, 10, 1),
(11, 11, 1),
(12, 12, 1),
(13, 13, 1),
(14, 14, 1),
(15, 15, 1),
(16, 16, 1),
(17, 17, 1),
(18, 18, 1),
(19, 19, 1),
(20, 20, 1),
(21, 21, 1),
(22, 22, 1),
(23, 23, 1),
(24, 24, 1),
(25, 25, 1),
(26, 26, 1),
(27, 27, 1),
(28, 28, 2),
(29, 29, 2),
(30, 30, 2),
(31, 31, 2),
(33, 28, 1),
(34, 29, 1),
(35, 30, 1),
(36, 31, 1),
(37, 32, 1);

-- --------------------------------------------------------

--
-- Table structure for table `pettycash_items`
--

CREATE TABLE `pettycash_items` (
  `id` int(10) UNSIGNED NOT NULL,
  `ac_trns` int(10) UNSIGNED NOT NULL,
  `item_name` varchar(255) COLLATE utf8_unicode_ci NOT NULL,
  `description` varchar(255) COLLATE utf8_unicode_ci NOT NULL,
  `quantity` varchar(255) COLLATE utf8_unicode_ci NOT NULL,
  `unit_price` float(8,2) NOT NULL,
  `created_at` timestamp NOT NULL DEFAULT '0000-00-00 00:00:00',
  `updated_at` timestamp NOT NULL DEFAULT '0000-00-00 00:00:00'
) ENGINE=InnoDB DEFAULT CHARSET=utf8 COLLATE=utf8_unicode_ci;

-- --------------------------------------------------------

--
-- Table structure for table `products`
--

CREATE TABLE `products` (
  `id` int(10) UNSIGNED NOT NULL,
  `vendor_id` int(10) UNSIGNED NOT NULL,
  `name` varchar(255) COLLATE utf8_unicode_ci NOT NULL,
  `image` varchar(255) COLLATE utf8_unicode_ci DEFAULT NULL,
  `description` text COLLATE utf8_unicode_ci NOT NULL,
  `price` float(10,0) NOT NULL,
  `status` varchar(255) COLLATE utf8_unicode_ci NOT NULL,
  `organization_id` int(11) DEFAULT NULL,
  `created_at` timestamp NOT NULL DEFAULT '0000-00-00 00:00:00',
  `updated_at` timestamp NOT NULL DEFAULT '0000-00-00 00:00:00'
) ENGINE=InnoDB DEFAULT CHARSET=utf8 COLLATE=utf8_unicode_ci;

-- --------------------------------------------------------

--
-- Table structure for table `properties`
--

CREATE TABLE `properties` (
  `id` int(10) UNSIGNED NOT NULL,
  `employee_id` int(10) UNSIGNED NOT NULL,
  `name` varchar(255) COLLATE utf8_unicode_ci NOT NULL,
  `description` text COLLATE utf8_unicode_ci,
  `serial` varchar(255) COLLATE utf8_unicode_ci DEFAULT NULL,
  `digitalserial` varchar(255) COLLATE utf8_unicode_ci DEFAULT NULL,
  `monetary` float(15,2) NOT NULL DEFAULT '0.00',
  `issued_by` int(10) UNSIGNED NOT NULL,
  `issue_date` date NOT NULL,
  `scheduled_return_date` date NOT NULL,
  `state` int(11) NOT NULL DEFAULT '0',
  `received_by` int(10) UNSIGNED DEFAULT NULL,
  `return_date` date DEFAULT NULL,
  `created_at` timestamp NOT NULL DEFAULT '0000-00-00 00:00:00',
  `updated_at` timestamp NOT NULL DEFAULT '0000-00-00 00:00:00'
) ENGINE=InnoDB DEFAULT CHARSET=utf8 COLLATE=utf8_unicode_ci;

-- --------------------------------------------------------

--
-- Table structure for table `relief`
--

CREATE TABLE `relief` (
  `id` int(10) UNSIGNED NOT NULL,
  `relief_name` varchar(255) COLLATE utf8_unicode_ci NOT NULL,
  `organization_id` int(10) UNSIGNED DEFAULT '0',
  `created_at` timestamp NOT NULL DEFAULT '0000-00-00 00:00:00',
  `updated_at` timestamp NOT NULL DEFAULT '0000-00-00 00:00:00'
) ENGINE=InnoDB DEFAULT CHARSET=utf8 COLLATE=utf8_unicode_ci;

--
-- Dumping data for table `relief`
--

INSERT INTO `relief` (`id`, `relief_name`, `organization_id`, `created_at`, `updated_at`) VALUES
(1, 'Insurance Relief', 1, '0000-00-00 00:00:00', '0000-00-00 00:00:00');

-- --------------------------------------------------------

--
-- Table structure for table `roles`
--

CREATE TABLE `roles` (
  `id` int(10) UNSIGNED NOT NULL,
  `name` varchar(255) COLLATE utf8_unicode_ci NOT NULL,
  `organization_id` int(11) DEFAULT NULL,
  `created_at` timestamp NOT NULL DEFAULT '0000-00-00 00:00:00',
  `updated_at` timestamp NOT NULL DEFAULT '0000-00-00 00:00:00'
) ENGINE=InnoDB DEFAULT CHARSET=utf8 COLLATE=utf8_unicode_ci;

--
-- Dumping data for table `roles`
--

INSERT INTO `roles` (`id`, `name`, `organization_id`, `created_at`, `updated_at`) VALUES
(1, 'superadmin', NULL, '2017-03-18 08:09:25', '2017-03-18 08:09:25'),
(2, 'Manager', NULL, '2017-06-29 06:54:42', '2017-06-29 06:54:42');

-- --------------------------------------------------------

--
-- Table structure for table `savingaccounts`
--

CREATE TABLE `savingaccounts` (
  `id` int(10) UNSIGNED NOT NULL,
  `member_id` int(10) UNSIGNED NOT NULL,
  `savingproduct_id` int(10) UNSIGNED NOT NULL,
  `account_number` varchar(255) COLLATE utf8_unicode_ci NOT NULL,
  `created_at` timestamp NOT NULL DEFAULT '0000-00-00 00:00:00',
  `updated_at` timestamp NOT NULL DEFAULT '0000-00-00 00:00:00'
) ENGINE=InnoDB DEFAULT CHARSET=utf8 COLLATE=utf8_unicode_ci;

-- --------------------------------------------------------

--
-- Table structure for table `savingpostings`
--

CREATE TABLE `savingpostings` (
  `id` int(10) UNSIGNED NOT NULL,
  `savingproduct_id` int(10) UNSIGNED NOT NULL,
  `transaction` varchar(255) COLLATE utf8_unicode_ci NOT NULL,
  `debit_account` int(11) NOT NULL,
  `credit_account` int(11) NOT NULL,
  `created_at` timestamp NOT NULL DEFAULT '0000-00-00 00:00:00',
  `updated_at` timestamp NOT NULL DEFAULT '0000-00-00 00:00:00'
) ENGINE=InnoDB DEFAULT CHARSET=utf8 COLLATE=utf8_unicode_ci;

-- --------------------------------------------------------

--
-- Table structure for table `savingproducts`
--

CREATE TABLE `savingproducts` (
  `id` int(10) UNSIGNED NOT NULL,
  `name` varchar(255) COLLATE utf8_unicode_ci NOT NULL,
  `shortname` varchar(255) COLLATE utf8_unicode_ci NOT NULL,
  `opening_balance` float(10,0) NOT NULL,
  `type` varchar(255) COLLATE utf8_unicode_ci NOT NULL,
  `created_at` timestamp NOT NULL DEFAULT '0000-00-00 00:00:00',
  `updated_at` timestamp NOT NULL DEFAULT '0000-00-00 00:00:00',
  `currency` varchar(255) COLLATE utf8_unicode_ci NOT NULL
) ENGINE=InnoDB DEFAULT CHARSET=utf8 COLLATE=utf8_unicode_ci;

-- --------------------------------------------------------

--
-- Table structure for table `savingtransactions`
--

CREATE TABLE `savingtransactions` (
  `id` int(10) UNSIGNED NOT NULL,
  `date` date NOT NULL,
  `savingaccount_id` int(10) UNSIGNED NOT NULL,
  `amount` float(12,2) NOT NULL,
  `type` varchar(255) COLLATE utf8_unicode_ci NOT NULL,
  `description` varchar(255) COLLATE utf8_unicode_ci DEFAULT NULL,
  `created_at` timestamp NOT NULL DEFAULT '0000-00-00 00:00:00',
  `updated_at` timestamp NOT NULL DEFAULT '0000-00-00 00:00:00',
  `transacted_by` varchar(255) COLLATE utf8_unicode_ci DEFAULT NULL
) ENGINE=InnoDB DEFAULT CHARSET=utf8 COLLATE=utf8_unicode_ci;

-- --------------------------------------------------------

--
-- Table structure for table `shareaccounts`
--

CREATE TABLE `shareaccounts` (
  `id` int(10) UNSIGNED NOT NULL,
  `member_id` int(10) UNSIGNED NOT NULL,
  `account_number` varchar(255) COLLATE utf8_unicode_ci NOT NULL,
  `opening_date` date NOT NULL,
  `created_at` timestamp NOT NULL DEFAULT '0000-00-00 00:00:00',
  `updated_at` timestamp NOT NULL DEFAULT '0000-00-00 00:00:00'
) ENGINE=InnoDB DEFAULT CHARSET=utf8 COLLATE=utf8_unicode_ci;

-- --------------------------------------------------------

--
-- Table structure for table `shares`
--

CREATE TABLE `shares` (
  `id` int(10) UNSIGNED NOT NULL,
  `value` float(10,0) NOT NULL DEFAULT '0',
  `transfer_charge` float(10,0) NOT NULL DEFAULT '0',
  `charged_on` varchar(255) COLLATE utf8_unicode_ci NOT NULL DEFAULT 'donor',
  `created_at` timestamp NOT NULL DEFAULT '0000-00-00 00:00:00',
  `updated_at` timestamp NOT NULL DEFAULT '0000-00-00 00:00:00'
) ENGINE=InnoDB DEFAULT CHARSET=utf8 COLLATE=utf8_unicode_ci;

--
-- Dumping data for table `shares`
--

INSERT INTO `shares` (`id`, `value`, `transfer_charge`, `charged_on`, `created_at`, `updated_at`) VALUES
(1, 0, 0, 'donor', '2017-03-18 08:09:24', '2017-03-18 08:09:24');

-- --------------------------------------------------------

--
-- Table structure for table `sharetransactions`
--

CREATE TABLE `sharetransactions` (
  `id` int(10) UNSIGNED NOT NULL,
  `date` date NOT NULL,
  `shareaccount_id` int(10) UNSIGNED NOT NULL,
  `trans_no` varchar(255) COLLATE utf8_unicode_ci DEFAULT NULL,
  `type` varchar(255) COLLATE utf8_unicode_ci NOT NULL,
  `description` varchar(255) COLLATE utf8_unicode_ci NOT NULL,
  `amount` float(10,0) NOT NULL,
  `created_at` timestamp NOT NULL DEFAULT '0000-00-00 00:00:00',
  `updated_at` timestamp NOT NULL DEFAULT '0000-00-00 00:00:00'
) ENGINE=InnoDB DEFAULT CHARSET=utf8 COLLATE=utf8_unicode_ci;

-- --------------------------------------------------------

--
-- Table structure for table `social_security`
--

CREATE TABLE `social_security` (
  `id` int(10) UNSIGNED NOT NULL,
  `tier` varchar(30) COLLATE utf8_unicode_ci NOT NULL,
  `income_from` double(15,2) NOT NULL DEFAULT '0.00',
  `income_to` double(15,2) NOT NULL DEFAULT '0.00',
  `ss_amount_employee` double(15,2) NOT NULL DEFAULT '0.00',
  `ss_amount_employer` double(15,2) NOT NULL DEFAULT '0.00',
  `organization_id` int(11) DEFAULT NULL,
  `created_at` timestamp NOT NULL DEFAULT '0000-00-00 00:00:00',
  `updated_at` timestamp NOT NULL DEFAULT '0000-00-00 00:00:00'
) ENGINE=InnoDB DEFAULT CHARSET=utf8 COLLATE=utf8_unicode_ci;

--
-- Dumping data for table `social_security`
--

INSERT INTO `social_security` (`id`, `tier`, `income_from`, `income_to`, `ss_amount_employee`, `ss_amount_employer`, `organization_id`, `created_at`, `updated_at`) VALUES
(1, 'Tier I', 0.00, 0.00, 0.00, 0.00, 1, '0000-00-00 00:00:00', '0000-00-00 00:00:00'),
(2, 'Tier I', 1.00, 99000000.00, 200.00, 200.00, 1, '0000-00-00 00:00:00', '0000-00-00 00:00:00');

-- --------------------------------------------------------

--
-- Table structure for table `stations`
--

CREATE TABLE `stations` (
  `id` int(11) NOT NULL,
  `station_name` varchar(255) NOT NULL,
  `location` varchar(255) NOT NULL,
  `description` varchar(255) NOT NULL,
  `organization_id` int(11) NOT NULL,
  `created_at` date NOT NULL,
  `updated_at` date NOT NULL
) ENGINE=InnoDB DEFAULT CHARSET=latin1;

--
-- Dumping data for table `stations`
--

INSERT INTO `stations` (`id`, `station_name`, `location`, `description`, `organization_id`, `created_at`, `updated_at`) VALUES
(1, 'Nairobi', 'Kitengela', 'Kajiado', 1, '2017-06-21', '2017-06-21'),
(2, 'Kitale Main', 'Western Kenya', '540 sqm', 1, '2017-06-22', '2017-06-22');

-- --------------------------------------------------------

--
-- Table structure for table `stmt_transactions`
--

CREATE TABLE `stmt_transactions` (
  `id` int(10) UNSIGNED NOT NULL,
  `bank_statement_id` int(10) UNSIGNED NOT NULL,
  `transaction_date` date NOT NULL,
  `description` varchar(255) COLLATE utf8_unicode_ci NOT NULL,
  `ref_no` varchar(255) COLLATE utf8_unicode_ci DEFAULT NULL,
  `transaction_amnt` float(8,2) NOT NULL,
  `check_no` varchar(255) COLLATE utf8_unicode_ci DEFAULT NULL,
  `status` varchar(50) COLLATE utf8_unicode_ci NOT NULL,
  `created_at` timestamp NOT NULL DEFAULT '0000-00-00 00:00:00',
  `updated_at` timestamp NOT NULL DEFAULT '0000-00-00 00:00:00'
) ENGINE=InnoDB DEFAULT CHARSET=utf8 COLLATE=utf8_unicode_ci;

-- --------------------------------------------------------

--
-- Table structure for table `stocks`
--

CREATE TABLE `stocks` (
  `id` int(10) UNSIGNED NOT NULL,
  `item_id` int(10) UNSIGNED NOT NULL,
  `location_id` int(10) UNSIGNED NOT NULL,
  `quantity_in` int(11) DEFAULT NULL,
  `quantity_out` int(11) DEFAULT NULL,
  `date` date DEFAULT NULL,
  `organization_id` int(11) DEFAULT NULL,
  `created_at` timestamp NOT NULL DEFAULT '0000-00-00 00:00:00',
  `updated_at` timestamp NOT NULL DEFAULT '0000-00-00 00:00:00',
  `station_id` int(11) NOT NULL
) ENGINE=InnoDB DEFAULT CHARSET=utf8 COLLATE=utf8_unicode_ci;

--
-- Dumping data for table `stocks`
--

INSERT INTO `stocks` (`id`, `item_id`, `location_id`, `quantity_in`, `quantity_out`, `date`, `organization_id`, `created_at`, `updated_at`, `station_id`) VALUES
(1, 1, 1, 5, NULL, '2017-05-25', NULL, '2017-05-25 13:32:25', '2017-05-25 13:32:25', 0),
(2, 1, 1, NULL, 2, '2017-05-25', NULL, '2017-05-25 13:33:40', '2017-05-25 13:33:40', 0),
(3, 50, 1, 10000, NULL, '2017-05-29', NULL, '2017-05-29 13:52:54', '2017-05-29 13:52:54', 0),
(4, 51, 1, 5000, NULL, '2017-05-29', NULL, '2017-05-29 13:55:29', '2017-05-29 13:55:29', 0),
(5, 50, 1, NULL, 4000, '2017-05-29', NULL, '2017-05-29 14:04:46', '2017-05-29 14:04:46', 0),
(6, 50, 1, NULL, 4000, '2017-05-29', NULL, '2017-05-29 14:27:35', '2017-05-29 14:27:35', 0),
(7, 50, 1, 20000, NULL, '2017-05-29', NULL, '2017-05-29 14:42:19', '2017-05-29 14:42:19', 0),
(8, 51, 1, 15000, NULL, '2017-05-29', NULL, '2017-05-29 14:42:44', '2017-05-29 14:42:44', 0),
(11, 6, 1, 10, NULL, '2017-06-22', NULL, '2017-06-22 07:06:25', '2017-06-22 07:06:25', 1),
(12, 2, 1, NULL, 20, '2017-06-28', NULL, '2017-06-28 08:47:29', '2017-06-28 08:47:29', 0),
(13, 1, 1, NULL, 10, '2017-06-28', NULL, '2017-06-28 12:46:46', '2017-06-28 12:46:46', 0);

-- --------------------------------------------------------

--
-- Table structure for table `supervisors`
--

CREATE TABLE `supervisors` (
  `id` int(10) UNSIGNED NOT NULL,
  `supervisor_id` int(11) NOT NULL,
  `employee_id` int(11) NOT NULL,
  `created_at` timestamp NOT NULL DEFAULT '0000-00-00 00:00:00',
  `updated_at` timestamp NOT NULL DEFAULT '0000-00-00 00:00:00'
) ENGINE=InnoDB DEFAULT CHARSET=utf8 COLLATE=utf8_unicode_ci;

-- --------------------------------------------------------

--
-- Table structure for table `tasks`
--

CREATE TABLE `tasks` (
  `id` int(10) UNSIGNED NOT NULL,
  `group` varchar(255) COLLATE utf8_unicode_ci DEFAULT NULL,
  `report` varchar(255) COLLATE utf8_unicode_ci DEFAULT NULL,
  `day_of_week` varchar(255) COLLATE utf8_unicode_ci DEFAULT NULL,
  `month_of_year` varchar(255) COLLATE utf8_unicode_ci DEFAULT NULL,
  `day_of_month` varchar(255) COLLATE utf8_unicode_ci DEFAULT NULL,
  `hour` varchar(255) COLLATE utf8_unicode_ci DEFAULT NULL,
  `minute` varchar(255) COLLATE utf8_unicode_ci DEFAULT NULL,
  `created_at` timestamp NOT NULL DEFAULT '0000-00-00 00:00:00',
  `updated_at` timestamp NOT NULL DEFAULT '0000-00-00 00:00:00'
) ENGINE=InnoDB DEFAULT CHARSET=utf8 COLLATE=utf8_unicode_ci;

-- --------------------------------------------------------

--
-- Table structure for table `taxes`
--

CREATE TABLE `taxes` (
  `id` int(10) UNSIGNED NOT NULL,
  `name` varchar(255) COLLATE utf8_unicode_ci NOT NULL,
  `rate` double(15,2) NOT NULL DEFAULT '0.00',
  `organization_id` int(11) DEFAULT NULL,
  `created_at` timestamp NOT NULL DEFAULT '0000-00-00 00:00:00',
  `updated_at` timestamp NOT NULL DEFAULT '0000-00-00 00:00:00'
) ENGINE=InnoDB DEFAULT CHARSET=utf8 COLLATE=utf8_unicode_ci;

--
-- Dumping data for table `taxes`
--

INSERT INTO `taxes` (`id`, `name`, `rate`, `organization_id`, `created_at`, `updated_at`) VALUES
(1, 'VAT', 16.00, NULL, '2017-03-20 19:49:29', '2017-03-20 19:49:29');

-- --------------------------------------------------------

--
-- Table structure for table `tax_orders`
--

CREATE TABLE `tax_orders` (
  `id` int(10) UNSIGNED NOT NULL,
  `tax_id` int(11) DEFAULT NULL,
  `order_number` varchar(255) COLLATE utf8_unicode_ci DEFAULT NULL,
  `amount` double(15,2) DEFAULT NULL,
  `organization_id` int(11) DEFAULT NULL,
  `created_at` timestamp NOT NULL DEFAULT '0000-00-00 00:00:00',
  `updated_at` timestamp NOT NULL DEFAULT '0000-00-00 00:00:00'
) ENGINE=InnoDB DEFAULT CHARSET=utf8 COLLATE=utf8_unicode_ci;

--
-- Dumping data for table `tax_orders`
--

INSERT INTO `tax_orders` (`id`, `tax_id`, `order_number`, `amount`, `organization_id`, `created_at`, `updated_at`) VALUES
(1, 1, '2017/05/29/0040', 480000.00, NULL, '2017-05-29 14:04:46', '2017-05-29 14:04:46'),
(2, 1, '2017/05/29/0041', 414080.00, NULL, '2017-05-29 14:27:35', '2017-05-29 14:27:35'),
(3, 1, '2017/06/28/0043', 3840.00, NULL, '2017-06-28 08:47:29', '2017-06-28 08:47:29'),
(4, 1, '2017/06/28/0044', 398.40, NULL, '2017-06-28 12:46:46', '2017-06-28 12:46:46');

-- --------------------------------------------------------

--
-- Table structure for table `tests`
--

CREATE TABLE `tests` (
  `id` int(10) UNSIGNED NOT NULL,
  `name` varchar(255) COLLATE utf8_unicode_ci NOT NULL,
  `description` text COLLATE utf8_unicode_ci,
  `created_at` timestamp NOT NULL DEFAULT '0000-00-00 00:00:00',
  `updated_at` timestamp NOT NULL DEFAULT '0000-00-00 00:00:00'
) ENGINE=InnoDB DEFAULT CHARSET=utf8 COLLATE=utf8_unicode_ci;

-- --------------------------------------------------------

--
-- Table structure for table `transact`
--

CREATE TABLE `transact` (
  `id` int(10) UNSIGNED NOT NULL,
  `organization_id` int(11) NOT NULL,
  `employee_id` varchar(255) COLLATE utf8_unicode_ci NOT NULL,
  `account_id` int(10) UNSIGNED NOT NULL DEFAULT '0',
  `basic_pay` varchar(255) COLLATE utf8_unicode_ci NOT NULL DEFAULT '0.00',
  `earning_amount` varchar(255) COLLATE utf8_unicode_ci NOT NULL DEFAULT '0.00',
  `taxable_income` varchar(255) COLLATE utf8_unicode_ci NOT NULL DEFAULT '0.00',
  `paye` varchar(255) COLLATE utf8_unicode_ci NOT NULL DEFAULT '0.00',
  `relief` varchar(255) COLLATE utf8_unicode_ci NOT NULL DEFAULT '0.00',
  `nssf_amount` varchar(255) COLLATE utf8_unicode_ci NOT NULL DEFAULT '0.00',
  `vol_amount` varchar(255) COLLATE utf8_unicode_ci NOT NULL DEFAULT '0.00',
  `nhif_amount` varchar(255) COLLATE utf8_unicode_ci NOT NULL DEFAULT '0.00',
  `other_deductions` varchar(255) COLLATE utf8_unicode_ci NOT NULL DEFAULT '0.00',
  `total_deductions` varchar(255) COLLATE utf8_unicode_ci NOT NULL DEFAULT '0.00',
  `net` varchar(255) COLLATE utf8_unicode_ci NOT NULL DEFAULT '0.00',
  `process_type` varchar(255) COLLATE utf8_unicode_ci NOT NULL,
  `financial_month_year` varchar(255) COLLATE utf8_unicode_ci NOT NULL,
  `created_at` timestamp NOT NULL DEFAULT '0000-00-00 00:00:00',
  `updated_at` timestamp NOT NULL DEFAULT '0000-00-00 00:00:00'
) ENGINE=InnoDB DEFAULT CHARSET=utf8 COLLATE=utf8_unicode_ci;

--
-- Dumping data for table `transact`
--

INSERT INTO `transact` (`id`, `organization_id`, `employee_id`, `account_id`, `basic_pay`, `earning_amount`, `taxable_income`, `paye`, `relief`, `nssf_amount`, `vol_amount`, `nhif_amount`, `other_deductions`, `total_deductions`, `net`, `process_type`, `financial_month_year`, `created_at`, `updated_at`) VALUES
(1, 1, 'NSL.1', 1, '80000.00', '0', '80000', '17263.21', '1280', '200', '0.00', '1500', '0', '18963.21', '61036.79', 'management', '6-2017', '2017-06-29 11:16:37', '2017-06-29 11:16:37'),
(2, 1, 'NSL.2', 1, '100000.00', '5000', '105000', '24763.21', '1280', '200', '0.00', '1700', '0', '26663.21', '78336.79', 'management', '6-2017', '2017-06-29 11:16:37', '2017-06-29 11:16:37'),
(3, 1, 'NSL.6', 1, '1000.00', '10000', '11000', '0', '1280', '0', '0.00', '0', '2000', '2000', '9000', 'normal', '6-2017', '2017-06-29 12:09:55', '2017-06-29 12:09:55');

-- --------------------------------------------------------

--
-- Table structure for table `transact_advances`
--

CREATE TABLE `transact_advances` (
  `id` int(10) UNSIGNED NOT NULL,
  `employee_id` varchar(255) COLLATE utf8_unicode_ci NOT NULL,
  `account_id` int(10) UNSIGNED NOT NULL DEFAULT '0',
  `amount` varchar(255) COLLATE utf8_unicode_ci NOT NULL DEFAULT '0.00',
  `financial_month_year` varchar(255) COLLATE utf8_unicode_ci NOT NULL,
  `created_at` timestamp NOT NULL DEFAULT '0000-00-00 00:00:00',
  `updated_at` timestamp NOT NULL DEFAULT '0000-00-00 00:00:00'
) ENGINE=InnoDB DEFAULT CHARSET=utf8 COLLATE=utf8_unicode_ci;

-- --------------------------------------------------------

--
-- Table structure for table `transact_allowances`
--

CREATE TABLE `transact_allowances` (
  `id` int(10) UNSIGNED NOT NULL,
  `employee_id` int(10) UNSIGNED NOT NULL DEFAULT '0',
  `employee_allowance_id` int(10) UNSIGNED NOT NULL DEFAULT '0',
  `organization_id` int(10) UNSIGNED NOT NULL DEFAULT '0',
  `allowance_id` int(10) UNSIGNED NOT NULL DEFAULT '0',
  `allowance_name` varchar(255) COLLATE utf8_unicode_ci NOT NULL,
  `allowance_amount` varchar(255) COLLATE utf8_unicode_ci NOT NULL DEFAULT '0.00',
  `process_type` varchar(255) COLLATE utf8_unicode_ci NOT NULL,
  `financial_month_year` varchar(255) COLLATE utf8_unicode_ci NOT NULL,
  `created_at` timestamp NOT NULL DEFAULT '0000-00-00 00:00:00',
  `updated_at` timestamp NOT NULL DEFAULT '0000-00-00 00:00:00'
) ENGINE=InnoDB DEFAULT CHARSET=utf8 COLLATE=utf8_unicode_ci;

--
-- Dumping data for table `transact_allowances`
--

INSERT INTO `transact_allowances` (`id`, `employee_id`, `employee_allowance_id`, `organization_id`, `allowance_id`, `allowance_name`, `allowance_amount`, `process_type`, `financial_month_year`, `created_at`, `updated_at`) VALUES
(1, 2, 2, 1, 2, 'Travel Allowance', '5000.00', 'management', '6-2017', '0000-00-00 00:00:00', '0000-00-00 00:00:00'),
(2, 3, 1, 1, 1, 'House Allowance', '10000.00', 'normal', '6-2017', '0000-00-00 00:00:00', '0000-00-00 00:00:00');

-- --------------------------------------------------------

--
-- Table structure for table `transact_deductions`
--

CREATE TABLE `transact_deductions` (
  `id` int(10) UNSIGNED NOT NULL,
  `employee_id` int(10) UNSIGNED NOT NULL DEFAULT '0',
  `employee_deduction_id` int(10) UNSIGNED NOT NULL DEFAULT '0',
  `organization_id` int(10) UNSIGNED NOT NULL DEFAULT '0',
  `deduction_id` int(10) UNSIGNED NOT NULL DEFAULT '0',
  `deduction_name` varchar(255) COLLATE utf8_unicode_ci NOT NULL,
  `deduction_amount` varchar(255) COLLATE utf8_unicode_ci NOT NULL DEFAULT '0.00',
  `financial_month_year` varchar(255) COLLATE utf8_unicode_ci NOT NULL,
  `process_type` varchar(255) COLLATE utf8_unicode_ci NOT NULL,
  `created_at` timestamp NOT NULL DEFAULT '0000-00-00 00:00:00',
  `updated_at` timestamp NOT NULL DEFAULT '0000-00-00 00:00:00'
) ENGINE=InnoDB DEFAULT CHARSET=utf8 COLLATE=utf8_unicode_ci;

--
-- Dumping data for table `transact_deductions`
--

INSERT INTO `transact_deductions` (`id`, `employee_id`, `employee_deduction_id`, `organization_id`, `deduction_id`, `deduction_name`, `deduction_amount`, `financial_month_year`, `process_type`, `created_at`, `updated_at`) VALUES
(1, 1, 1, 1, 1, 'Salary Advance', '1000.00', '6-2017', 'management', '0000-00-00 00:00:00', '0000-00-00 00:00:00'),
(2, 3, 2, 1, 1, 'Salary Advance', '2000.00', '6-2017', 'normal', '0000-00-00 00:00:00', '0000-00-00 00:00:00');

-- --------------------------------------------------------

--
-- Table structure for table `transact_earnings`
--

CREATE TABLE `transact_earnings` (
  `id` int(10) UNSIGNED NOT NULL,
  `employee_id` int(10) UNSIGNED NOT NULL DEFAULT '0',
  `earning_id` int(10) UNSIGNED NOT NULL DEFAULT '0',
  `earningsetting_id` int(10) UNSIGNED NOT NULL DEFAULT '0',
  `organization_id` int(10) UNSIGNED NOT NULL DEFAULT '0',
  `earning_name` varchar(255) COLLATE utf8_unicode_ci NOT NULL,
  `earning_amount` varchar(255) COLLATE utf8_unicode_ci NOT NULL DEFAULT '0.00',
  `financial_month_year` varchar(255) COLLATE utf8_unicode_ci NOT NULL,
  `process_type` varchar(255) COLLATE utf8_unicode_ci NOT NULL,
  `created_at` timestamp NOT NULL DEFAULT '0000-00-00 00:00:00',
  `updated_at` timestamp NOT NULL DEFAULT '0000-00-00 00:00:00'
) ENGINE=InnoDB DEFAULT CHARSET=utf8 COLLATE=utf8_unicode_ci;

--
-- Dumping data for table `transact_earnings`
--

INSERT INTO `transact_earnings` (`id`, `employee_id`, `earning_id`, `earningsetting_id`, `organization_id`, `earning_name`, `earning_amount`, `financial_month_year`, `process_type`, `created_at`, `updated_at`) VALUES
(1, 1, 2, 0, 1, 'Bonus', '10000.00', '6-2017', 'management', '0000-00-00 00:00:00', '0000-00-00 00:00:00'),
(2, 2, 3, 0, 1, 'Bonus', '20000.00', '6-2017', 'management', '0000-00-00 00:00:00', '0000-00-00 00:00:00');

-- --------------------------------------------------------

--
-- Table structure for table `transact_nontaxables`
--

CREATE TABLE `transact_nontaxables` (
  `id` int(10) UNSIGNED NOT NULL,
  `employee_id` int(10) UNSIGNED NOT NULL,
  `organization_id` int(10) UNSIGNED NOT NULL DEFAULT '0',
  `employee_nontaxable_id` int(10) UNSIGNED NOT NULL,
  `nontaxable_id` int(10) UNSIGNED NOT NULL,
  `nontaxable_name` varchar(255) COLLATE utf8_unicode_ci NOT NULL,
  `nontaxable_amount` varchar(255) COLLATE utf8_unicode_ci NOT NULL DEFAULT '0.00',
  `financial_month_year` varchar(255) COLLATE utf8_unicode_ci NOT NULL,
  `process_type` varchar(255) COLLATE utf8_unicode_ci NOT NULL,
  `created_at` timestamp NOT NULL DEFAULT '0000-00-00 00:00:00',
  `updated_at` timestamp NOT NULL DEFAULT '0000-00-00 00:00:00'
) ENGINE=InnoDB DEFAULT CHARSET=utf8 COLLATE=utf8_unicode_ci;

-- --------------------------------------------------------

--
-- Table structure for table `transact_overtimes`
--

CREATE TABLE `transact_overtimes` (
  `id` int(10) UNSIGNED NOT NULL,
  `employee_id` int(10) UNSIGNED NOT NULL,
  `organization_id` int(10) UNSIGNED NOT NULL DEFAULT '0',
  `overtime_id` int(10) UNSIGNED NOT NULL,
  `overtime_type` varchar(255) COLLATE utf8_unicode_ci NOT NULL,
  `overtime_period` float(15,2) NOT NULL,
  `overtime_amount` varchar(255) COLLATE utf8_unicode_ci NOT NULL DEFAULT '0.00',
  `financial_month_year` varchar(255) COLLATE utf8_unicode_ci NOT NULL,
  `process_type` varchar(255) COLLATE utf8_unicode_ci NOT NULL,
  `created_at` timestamp NOT NULL DEFAULT '0000-00-00 00:00:00',
  `updated_at` timestamp NOT NULL DEFAULT '0000-00-00 00:00:00'
) ENGINE=InnoDB DEFAULT CHARSET=utf8 COLLATE=utf8_unicode_ci;

-- --------------------------------------------------------

--
-- Table structure for table `transact_reliefs`
--

CREATE TABLE `transact_reliefs` (
  `id` int(10) UNSIGNED NOT NULL,
  `employee_id` int(10) UNSIGNED NOT NULL,
  `organization_id` int(10) UNSIGNED NOT NULL DEFAULT '0',
  `employee_relief_id` int(10) UNSIGNED NOT NULL DEFAULT '0',
  `relief_id` int(10) UNSIGNED NOT NULL DEFAULT '0',
  `relief_name` varchar(255) COLLATE utf8_unicode_ci NOT NULL,
  `relief_amount` double(15,2) NOT NULL DEFAULT '0.00',
  `financial_month_year` varchar(255) COLLATE utf8_unicode_ci NOT NULL,
  `process_type` varchar(255) COLLATE utf8_unicode_ci NOT NULL,
  `created_at` timestamp NOT NULL DEFAULT '0000-00-00 00:00:00',
  `updated_at` timestamp NOT NULL DEFAULT '0000-00-00 00:00:00'
) ENGINE=InnoDB DEFAULT CHARSET=utf8 COLLATE=utf8_unicode_ci;

-- --------------------------------------------------------

--
-- Table structure for table `users`
--

CREATE TABLE `users` (
  `id` int(10) UNSIGNED NOT NULL,
  `username` varchar(255) COLLATE utf8_unicode_ci DEFAULT NULL,
  `email` varchar(255) COLLATE utf8_unicode_ci DEFAULT NULL,
  `password` varchar(255) COLLATE utf8_unicode_ci NOT NULL,
  `confirmation_code` varchar(255) COLLATE utf8_unicode_ci DEFAULT NULL,
  `remember_token` varchar(255) COLLATE utf8_unicode_ci DEFAULT NULL,
  `confirmed` tinyint(1) NOT NULL DEFAULT '1',
  `user_type` varchar(20) COLLATE utf8_unicode_ci DEFAULT 'admin',
  `is_active` tinyint(1) DEFAULT NULL,
  `branch_id` int(10) UNSIGNED DEFAULT NULL,
  `organization_id` int(11) NOT NULL,
  `created_at` timestamp NOT NULL DEFAULT '0000-00-00 00:00:00',
  `updated_at` timestamp NOT NULL DEFAULT '0000-00-00 00:00:00'
) ENGINE=InnoDB DEFAULT CHARSET=utf8 COLLATE=utf8_unicode_ci;

--
-- Dumping data for table `users`
--

INSERT INTO `users` (`id`, `username`, `email`, `password`, `confirmation_code`, `remember_token`, `confirmed`, `user_type`, `is_active`, `branch_id`, `organization_id`, `created_at`, `updated_at`) VALUES
(1, 'superadmin', 'superadmin@lixnet.net', '$2y$10$MkAeCTBw3V7KrucqtKwksOKW6iJpQlFRhjY5tjdjniirlv5E5/ery', 'ec11812db74334c0b07c5118430e9b6a', 'yEZ8qRNgKux6sU9ChYXQIA2DDaTSC8INVoT8elQ9kClBoSNXysmQkh6Ef3Qa', 1, 'admin', NULL, NULL, 1, '2017-03-18 08:09:26', '2017-06-29 11:46:41'),
(2, 'Admin', 'admin@nedamservices.com', '$2y$10$0z9ypCCzSKiBu.ybVroE3.jC7ky3cLEwKo9kPFRZKvpV44HX5nB3a', 'e4c4b8527a64a213afc3a118efb9e03f', NULL, 1, 'admin', NULL, NULL, 1, '2017-03-20 19:44:20', '2017-03-20 19:44:20'),
(3, 'omwaks', 'vomwaka12@gmail.com', '$2y$10$Z5wAKC8EbmCTp2GrJ.H8X.YRKxHRRdSaqkwBaZUng9cNrPqVXy292', '3ba0034ab2a272a650154b5b4d836233', 'A9pPgRrwRed7ivaetkVZVBneF251AJDvNOqYuWjvLJS9glFjPNZGA6Iks4se', 1, 'admin', NULL, NULL, 1, '2017-06-29 06:57:19', '2017-06-29 07:09:11');

-- --------------------------------------------------------

--
-- Table structure for table `user_role`
--

CREATE TABLE `user_role` (
  `id` int(11) NOT NULL,
  `user_id` int(10) UNSIGNED DEFAULT NULL,
  `role_id` int(10) UNSIGNED DEFAULT NULL,
  `organization_id` int(11) DEFAULT NULL
) ENGINE=InnoDB DEFAULT CHARSET=utf8 COLLATE=utf8_unicode_ci;

-- --------------------------------------------------------

--
-- Table structure for table `vendors`
--

CREATE TABLE `vendors` (
  `id` int(10) UNSIGNED NOT NULL,
  `name` varchar(255) COLLATE utf8_unicode_ci DEFAULT NULL,
  `email` varchar(255) COLLATE utf8_unicode_ci DEFAULT NULL,
  `phone` varchar(255) COLLATE utf8_unicode_ci DEFAULT NULL,
  `description` text COLLATE utf8_unicode_ci,
  `status` varchar(255) COLLATE utf8_unicode_ci DEFAULT NULL,
  `created_at` timestamp NOT NULL DEFAULT '0000-00-00 00:00:00',
  `updated_at` timestamp NOT NULL DEFAULT '0000-00-00 00:00:00'
) ENGINE=InnoDB DEFAULT CHARSET=utf8 COLLATE=utf8_unicode_ci;

--
-- Indexes for dumped tables
--

--
-- Indexes for table `account`
--
ALTER TABLE `account`
  ADD PRIMARY KEY (`id`);

--
-- Indexes for table `accounts`
--
ALTER TABLE `accounts`
  ADD PRIMARY KEY (`id`);

--
-- Indexes for table `account_transactions`
--
ALTER TABLE `account_transactions`
  ADD PRIMARY KEY (`id`),
  ADD KEY `account_transactions_account_debited_foreign` (`account_debited`),
  ADD KEY `account_transactions_account_credited_foreign` (`account_credited`);

--
-- Indexes for table `allowances`
--
ALTER TABLE `allowances`
  ADD PRIMARY KEY (`id`),
  ADD KEY `allowances_organization_id_foreign` (`organization_id`);

--
-- Indexes for table `appraisalcategories`
--
ALTER TABLE `appraisalcategories`
  ADD PRIMARY KEY (`id`);

--
-- Indexes for table `appraisalquestions`
--
ALTER TABLE `appraisalquestions`
  ADD PRIMARY KEY (`id`),
  ADD KEY `appraisalquestions_appraisalcategory_id_foreign` (`appraisalcategory_id`);

--
-- Indexes for table `appraisals`
--
ALTER TABLE `appraisals`
  ADD PRIMARY KEY (`id`),
  ADD KEY `appraisals_employee_id_foreign` (`employee_id`),
  ADD KEY `appraisals_appraisalquestion_id_foreign` (`appraisalquestion_id`),
  ADD KEY `appraisals_examiner_foreign` (`examiner`);

--
-- Indexes for table `assets`
--
ALTER TABLE `assets`
  ADD PRIMARY KEY (`id`),
  ADD UNIQUE KEY `assets_serial_number_unique` (`serial_number`);

--
-- Indexes for table `assigned_roles`
--
ALTER TABLE `assigned_roles`
  ADD PRIMARY KEY (`id`),
  ADD KEY `assigned_roles_user_id_foreign` (`user_id`),
  ADD KEY `assigned_roles_role_id_foreign` (`role_id`);

--
-- Indexes for table `audits`
--
ALTER TABLE `audits`
  ADD PRIMARY KEY (`id`);

--
-- Indexes for table `autoprocesses`
--
ALTER TABLE `autoprocesses`
  ADD PRIMARY KEY (`id`);

--
-- Indexes for table `banking`
--
ALTER TABLE `banking`
  ADD PRIMARY KEY (`id`);

--
-- Indexes for table `banks`
--
ALTER TABLE `banks`
  ADD PRIMARY KEY (`id`),
  ADD KEY `banks_organization_id_foreign` (`organization_id`);

--
-- Indexes for table `bank_accounts`
--
ALTER TABLE `bank_accounts`
  ADD PRIMARY KEY (`id`);

--
-- Indexes for table `bank_branches`
--
ALTER TABLE `bank_branches`
  ADD PRIMARY KEY (`id`),
  ADD KEY `bank_branches_organization_id_foreign` (`organization_id`);

--
-- Indexes for table `bank_statements`
--
ALTER TABLE `bank_statements`
  ADD PRIMARY KEY (`id`),
  ADD KEY `bank_statements_bank_account_id_foreign` (`bank_account_id`);

--
-- Indexes for table `benefitsettings`
--
ALTER TABLE `benefitsettings`
  ADD PRIMARY KEY (`id`),
  ADD KEY `benefitsettings_organization_id_foreign` (`organization_id`);

--
-- Indexes for table `branches`
--
ALTER TABLE `branches`
  ADD PRIMARY KEY (`id`);

--
-- Indexes for table `budgets`
--
ALTER TABLE `budgets`
  ADD PRIMARY KEY (`id`),
  ADD KEY `budgets_organization_id_foreign` (`organization_id`);

--
-- Indexes for table `categories`
--
ALTER TABLE `categories`
  ADD PRIMARY KEY (`id`);

--
-- Indexes for table `charges`
--
ALTER TABLE `charges`
  ADD PRIMARY KEY (`id`);

--
-- Indexes for table `charge_loanproduct`
--
ALTER TABLE `charge_loanproduct`
  ADD PRIMARY KEY (`id`),
  ADD KEY `loancharges_charge_id_foreign` (`charge_id`),
  ADD KEY `loancharges_loanproduct_id_foreign` (`loanproduct_id`);

--
-- Indexes for table `charge_savingproduct`
--
ALTER TABLE `charge_savingproduct`
  ADD PRIMARY KEY (`id`),
  ADD KEY `savingcharges_charge_id_foreign` (`charge_id`),
  ADD KEY `savingcharges_savingproduct_id_foreign` (`savingproduct_id`);

--
-- Indexes for table `citizenships`
--
ALTER TABLE `citizenships`
  ADD PRIMARY KEY (`id`),
  ADD KEY `citizenships_organization_id_foreign` (`organization_id`);

--
-- Indexes for table `claim_receipts`
--
ALTER TABLE `claim_receipts`
  ADD PRIMARY KEY (`id`);

--
-- Indexes for table `claim_receipt_items`
--
ALTER TABLE `claim_receipt_items`
  ADD PRIMARY KEY (`id`),
  ADD KEY `claim_receipt_items_claimreceiptid_foreign` (`claimReceiptID`);

--
-- Indexes for table `clients`
--
ALTER TABLE `clients`
  ADD PRIMARY KEY (`id`);

--
-- Indexes for table `company_property`
--
ALTER TABLE `company_property`
  ADD PRIMARY KEY (`id`),
  ADD KEY `company_property_employee_id_foreign` (`employee_id`);

--
-- Indexes for table `currencies`
--
ALTER TABLE `currencies`
  ADD PRIMARY KEY (`id`);

--
-- Indexes for table `deductions`
--
ALTER TABLE `deductions`
  ADD PRIMARY KEY (`id`),
  ADD KEY `deductions_organization_id_foreign` (`organization_id`);

--
-- Indexes for table `departments`
--
ALTER TABLE `departments`
  ADD PRIMARY KEY (`id`),
  ADD KEY `departments_organization_id_foreign` (`organization_id`);

--
-- Indexes for table `documents`
--
ALTER TABLE `documents`
  ADD PRIMARY KEY (`id`),
  ADD KEY `documents_employee_id_foreign` (`employee_id`);

--
-- Indexes for table `earnings`
--
ALTER TABLE `earnings`
  ADD PRIMARY KEY (`id`),
  ADD KEY `earnings_employee_id_foreign` (`employee_id`);

--
-- Indexes for table `earningsettings`
--
ALTER TABLE `earningsettings`
  ADD PRIMARY KEY (`id`),
  ADD KEY `earningsettings_organization_id_foreign` (`organization_id`);

--
-- Indexes for table `education`
--
ALTER TABLE `education`
  ADD PRIMARY KEY (`id`),
  ADD KEY `education_organization_id_foreign` (`organization_id`);

--
-- Indexes for table `emergencycontacts`
--
ALTER TABLE `emergencycontacts`
  ADD PRIMARY KEY (`id`),
  ADD KEY `emergencycontacts_employee_id_foreign` (`employee_id`);

--
-- Indexes for table `employee`
--
ALTER TABLE `employee`
  ADD PRIMARY KEY (`id`),
  ADD UNIQUE KEY `employee_personal_file_number_unique` (`personal_file_number`),
  ADD UNIQUE KEY `employee_identity_number_unique` (`identity_number`),
  ADD UNIQUE KEY `employee_passport_number_unique` (`passport_number`),
  ADD UNIQUE KEY `employee_pin_unique` (`pin`),
  ADD UNIQUE KEY `employee_social_security_number_unique` (`social_security_number`),
  ADD UNIQUE KEY `employee_hospital_insurance_number_unique` (`hospital_insurance_number`),
  ADD UNIQUE KEY `employee_work_permit_number_unique` (`work_permit_number`),
  ADD UNIQUE KEY `employee_bank_account_number_unique` (`bank_account_number`),
  ADD UNIQUE KEY `employee_bank_eft_code_unique` (`bank_eft_code`),
  ADD UNIQUE KEY `employee_swift_code_unique` (`swift_code`),
  ADD UNIQUE KEY `employee_email_office_unique` (`email_office`),
  ADD UNIQUE KEY `employee_email_personal_unique` (`email_personal`),
  ADD UNIQUE KEY `employee_telephone_office_unique` (`telephone_office`),
  ADD UNIQUE KEY `employee_telephone_extension_office_unique` (`telephone_extension_office`),
  ADD UNIQUE KEY `employee_telephone_mobile_unique` (`telephone_mobile`),
  ADD KEY `employee_organization_id_foreign` (`organization_id`),
  ADD KEY `employee_branch_id_foreign` (`branch_id`),
  ADD KEY `employee_department_id_foreign` (`department_id`),
  ADD KEY `employee_job_group_id_foreign` (`job_group_id`),
  ADD KEY `employee_type_id_foreign` (`type_id`),
  ADD KEY `employee_education_type_id_foreign` (`education_type_id`),
  ADD KEY `employee_bank_id_foreign` (`bank_id`);

--
-- Indexes for table `employeebenefits`
--
ALTER TABLE `employeebenefits`
  ADD PRIMARY KEY (`id`),
  ADD KEY `employeebenefits_jobgroup_id_foreign` (`jobgroup_id`),
  ADD KEY `employeebenefits_benefit_id_foreign` (`benefit_id`);

--
-- Indexes for table `employeenontaxables`
--
ALTER TABLE `employeenontaxables`
  ADD PRIMARY KEY (`id`),
  ADD KEY `employeenontaxables_employee_id_foreign` (`employee_id`),
  ADD KEY `employeenontaxables_nontaxable_id_foreign` (`nontaxable_id`);

--
-- Indexes for table `employee_allowances`
--
ALTER TABLE `employee_allowances`
  ADD PRIMARY KEY (`id`),
  ADD KEY `employee_allowances_employee_id_foreign` (`employee_id`),
  ADD KEY `employee_allowances_allowance_id_foreign` (`allowance_id`);

--
-- Indexes for table `employee_deductions`
--
ALTER TABLE `employee_deductions`
  ADD PRIMARY KEY (`id`),
  ADD KEY `employee_deductions_employee_id_foreign` (`employee_id`),
  ADD KEY `employee_deductions_deduction_id_foreign` (`deduction_id`);

--
-- Indexes for table `employee_relief`
--
ALTER TABLE `employee_relief`
  ADD PRIMARY KEY (`id`),
  ADD KEY `employee_relief_relief_id_foreign` (`relief_id`),
  ADD KEY `employee_relief_employee_id_foreign` (`employee_id`);

--
-- Indexes for table `employee_type`
--
ALTER TABLE `employee_type`
  ADD PRIMARY KEY (`id`),
  ADD KEY `employee_type_organization_id_foreign` (`organization_id`);

--
-- Indexes for table `erporderitems`
--
ALTER TABLE `erporderitems`
  ADD PRIMARY KEY (`id`),
  ADD KEY `erporderitems_item_id_foreign` (`item_id`),
  ADD KEY `erporderitems_erporder_id_foreign` (`erporder_id`);

--
-- Indexes for table `erporders`
--
ALTER TABLE `erporders`
  ADD PRIMARY KEY (`id`),
  ADD KEY `erporders_client_id_foreign` (`client_id`);

--
-- Indexes for table `expenses`
--
ALTER TABLE `expenses`
  ADD PRIMARY KEY (`id`),
  ADD KEY `expenses_account_id_foreign` (`account_id`);

--
-- Indexes for table `expensesettings`
--
ALTER TABLE `expensesettings`
  ADD PRIMARY KEY (`id`),
  ADD KEY `expensesettings_organization_id_foreign` (`organization_id`);

--
-- Indexes for table `expense_claims`
--
ALTER TABLE `expense_claims`
  ADD PRIMARY KEY (`id`);

--
-- Indexes for table `groups`
--
ALTER TABLE `groups`
  ADD PRIMARY KEY (`id`);

--
-- Indexes for table `holidays`
--
ALTER TABLE `holidays`
  ADD PRIMARY KEY (`id`),
  ADD KEY `holidays_organization_id_foreign` (`organization_id`);

--
-- Indexes for table `hospital_insurance`
--
ALTER TABLE `hospital_insurance`
  ADD PRIMARY KEY (`id`);

--
-- Indexes for table `items`
--
ALTER TABLE `items`
  ADD PRIMARY KEY (`id`);

--
-- Indexes for table `job_group`
--
ALTER TABLE `job_group`
  ADD PRIMARY KEY (`id`),
  ADD KEY `job_group_organization_id_foreign` (`organization_id`);

--
-- Indexes for table `journals`
--
ALTER TABLE `journals`
  ADD PRIMARY KEY (`id`),
  ADD KEY `journals_account_id_foreign` (`account_id`);

--
-- Indexes for table `kins`
--
ALTER TABLE `kins`
  ADD PRIMARY KEY (`id`),
  ADD KEY `kins_member_id_foreign` (`member_id`);

--
-- Indexes for table `leaveapplications`
--
ALTER TABLE `leaveapplications`
  ADD PRIMARY KEY (`id`),
  ADD KEY `leaveapplications_employee_id_foreign` (`employee_id`),
  ADD KEY `leaveapplications_leavetype_id_foreign` (`leavetype_id`),
  ADD KEY `leaveapplications_organization_id_foreign` (`organization_id`);

--
-- Indexes for table `leavetypes`
--
ALTER TABLE `leavetypes`
  ADD PRIMARY KEY (`id`),
  ADD KEY `leavetypes_organization_id_foreign` (`organization_id`);

--
-- Indexes for table `loanaccounts`
--
ALTER TABLE `loanaccounts`
  ADD PRIMARY KEY (`id`),
  ADD KEY `loanaccounts_member_id_foreign` (`member_id`),
  ADD KEY `loanaccounts_loanproduct_id_foreign` (`loanproduct_id`);

--
-- Indexes for table `loanguarantors`
--
ALTER TABLE `loanguarantors`
  ADD PRIMARY KEY (`id`),
  ADD KEY `loanguarantors_member_id_foreign` (`member_id`),
  ADD KEY `loanguarantors_loanaccount_id_foreign` (`loanaccount_id`);

--
-- Indexes for table `loanpostings`
--
ALTER TABLE `loanpostings`
  ADD PRIMARY KEY (`id`),
  ADD KEY `loanpostings_loanproduct_id_foreign` (`loanproduct_id`);

--
-- Indexes for table `loanproducts`
--
ALTER TABLE `loanproducts`
  ADD PRIMARY KEY (`id`);

--
-- Indexes for table `loanrepayments`
--
ALTER TABLE `loanrepayments`
  ADD PRIMARY KEY (`id`),
  ADD KEY `loanrepayments_loanaccount_id_foreign` (`loanaccount_id`);

--
-- Indexes for table `loantransactions`
--
ALTER TABLE `loantransactions`
  ADD PRIMARY KEY (`id`),
  ADD KEY `loantransactions_loanaccount_id_foreign` (`loanaccount_id`);

--
-- Indexes for table `locations`
--
ALTER TABLE `locations`
  ADD PRIMARY KEY (`id`);

--
-- Indexes for table `mails`
--
ALTER TABLE `mails`
  ADD PRIMARY KEY (`id`);

--
-- Indexes for table `members`
--
ALTER TABLE `members`
  ADD PRIMARY KEY (`id`),
  ADD UNIQUE KEY `membership_no` (`membership_no`),
  ADD KEY `members_group_id_foreign` (`group_id`),
  ADD KEY `members_branch_id_foreign` (`branch_id`);

--
-- Indexes for table `nextofkins`
--
ALTER TABLE `nextofkins`
  ADD PRIMARY KEY (`id`),
  ADD KEY `nextofkins_employee_id_foreign` (`employee_id`);

--
-- Indexes for table `next_of_kin`
--
ALTER TABLE `next_of_kin`
  ADD PRIMARY KEY (`id`),
  ADD UNIQUE KEY `next_of_kin_contact_unique` (`contact`),
  ADD UNIQUE KEY `next_of_kin_id_number_unique` (`id_number`),
  ADD KEY `next_of_kin_employee_id_foreign` (`employee_id`);

--
-- Indexes for table `nontaxables`
--
ALTER TABLE `nontaxables`
  ADD PRIMARY KEY (`id`),
  ADD KEY `nontaxables_organization_id_foreign` (`organization_id`);

--
-- Indexes for table `occurences`
--
ALTER TABLE `occurences`
  ADD PRIMARY KEY (`id`),
  ADD KEY `occurences_employee_id_foreign` (`employee_id`),
  ADD KEY `occurences_occurencesetting_id_foreign` (`occurencesetting_id`),
  ADD KEY `occurences_organization_id_foreign` (`organization_id`);

--
-- Indexes for table `occurencesettings`
--
ALTER TABLE `occurencesettings`
  ADD PRIMARY KEY (`id`);

--
-- Indexes for table `orders`
--
ALTER TABLE `orders`
  ADD PRIMARY KEY (`id`),
  ADD KEY `orders_product_id_index` (`product_id`);

--
-- Indexes for table `organizations`
--
ALTER TABLE `organizations`
  ADD PRIMARY KEY (`id`),
  ADD KEY `organization_bank_id_foreign` (`bank_id`),
  ADD KEY `organization_bank_branch_id_foreign` (`bank_branch_id`);

--
-- Indexes for table `overtimes`
--
ALTER TABLE `overtimes`
  ADD PRIMARY KEY (`id`),
  ADD KEY `overtimes_employee_id_foreign` (`employee_id`);

--
-- Indexes for table `paymentmethods`
--
ALTER TABLE `paymentmethods`
  ADD PRIMARY KEY (`id`),
  ADD KEY `paymentmethods_account_id_foreign` (`account_id`);

--
-- Indexes for table `payments`
--
ALTER TABLE `payments`
  ADD PRIMARY KEY (`id`),
  ADD KEY `payments_erporder_id_foreign` (`erporder_id`),
  ADD KEY `payments_paymentmethod_id_foreign` (`paymentmethod_id`);

--
-- Indexes for table `permissions`
--
ALTER TABLE `permissions`
  ADD PRIMARY KEY (`id`),
  ADD UNIQUE KEY `permissions_name_unique` (`name`);

--
-- Indexes for table `permission_role`
--
ALTER TABLE `permission_role`
  ADD PRIMARY KEY (`id`),
  ADD KEY `permission_role_permission_id_foreign` (`permission_id`),
  ADD KEY `permission_role_role_id_foreign` (`role_id`);

--
-- Indexes for table `pettycash_items`
--
ALTER TABLE `pettycash_items`
  ADD PRIMARY KEY (`id`),
  ADD KEY `pettycash_items_ac_trns_foreign` (`ac_trns`);

--
-- Indexes for table `products`
--
ALTER TABLE `products`
  ADD PRIMARY KEY (`id`),
  ADD KEY `products_vendor_id_index` (`vendor_id`);

--
-- Indexes for table `properties`
--
ALTER TABLE `properties`
  ADD PRIMARY KEY (`id`),
  ADD KEY `properties_employee_id_foreign` (`employee_id`),
  ADD KEY `properties_issued_by_foreign` (`issued_by`),
  ADD KEY `properties_received_by_foreign` (`received_by`);

--
-- Indexes for table `relief`
--
ALTER TABLE `relief`
  ADD PRIMARY KEY (`id`),
  ADD KEY `relief_organization_id_foreign` (`organization_id`);

--
-- Indexes for table `roles`
--
ALTER TABLE `roles`
  ADD PRIMARY KEY (`id`),
  ADD UNIQUE KEY `roles_name_unique` (`name`);

--
-- Indexes for table `savingaccounts`
--
ALTER TABLE `savingaccounts`
  ADD PRIMARY KEY (`id`),
  ADD UNIQUE KEY `account_number` (`account_number`),
  ADD KEY `savingaccounts_member_id_foreign` (`member_id`),
  ADD KEY `x_savingaccounts_fk` (`savingproduct_id`);

--
-- Indexes for table `savingpostings`
--
ALTER TABLE `savingpostings`
  ADD PRIMARY KEY (`id`),
  ADD KEY `savingpostings_savingproduct_id_foreign` (`savingproduct_id`);

--
-- Indexes for table `savingproducts`
--
ALTER TABLE `savingproducts`
  ADD PRIMARY KEY (`id`);

--
-- Indexes for table `savingtransactions`
--
ALTER TABLE `savingtransactions`
  ADD PRIMARY KEY (`id`),
  ADD KEY `savingtransactions_savingaccount_id_foreign` (`savingaccount_id`);

--
-- Indexes for table `shareaccounts`
--
ALTER TABLE `shareaccounts`
  ADD PRIMARY KEY (`id`),
  ADD KEY `shareaccounts_member_id_foreign` (`member_id`);

--
-- Indexes for table `shares`
--
ALTER TABLE `shares`
  ADD PRIMARY KEY (`id`);

--
-- Indexes for table `sharetransactions`
--
ALTER TABLE `sharetransactions`
  ADD PRIMARY KEY (`id`),
  ADD KEY `sharetransactions_shareaccount_id_foreign` (`shareaccount_id`);

--
-- Indexes for table `social_security`
--
ALTER TABLE `social_security`
  ADD PRIMARY KEY (`id`);

--
-- Indexes for table `stations`
--
ALTER TABLE `stations`
  ADD PRIMARY KEY (`id`);

--
-- Indexes for table `stmt_transactions`
--
ALTER TABLE `stmt_transactions`
  ADD PRIMARY KEY (`id`),
  ADD KEY `stmt_transactions_bank_statement_id_foreign` (`bank_statement_id`);

--
-- Indexes for table `stocks`
--
ALTER TABLE `stocks`
  ADD PRIMARY KEY (`id`),
  ADD KEY `stocks_item_id_foreign` (`item_id`),
  ADD KEY `stocks_location_id_foreign` (`location_id`);

--
-- Indexes for table `supervisors`
--
ALTER TABLE `supervisors`
  ADD PRIMARY KEY (`id`);

--
-- Indexes for table `tasks`
--
ALTER TABLE `tasks`
  ADD PRIMARY KEY (`id`);

--
-- Indexes for table `taxes`
--
ALTER TABLE `taxes`
  ADD PRIMARY KEY (`id`);

--
-- Indexes for table `tax_orders`
--
ALTER TABLE `tax_orders`
  ADD PRIMARY KEY (`id`);

--
-- Indexes for table `tests`
--
ALTER TABLE `tests`
  ADD PRIMARY KEY (`id`);

--
-- Indexes for table `transact`
--
ALTER TABLE `transact`
  ADD PRIMARY KEY (`id`),
  ADD KEY `transact_employee_id_foreign` (`employee_id`),
  ADD KEY `transact_account_id_foreign` (`account_id`);

--
-- Indexes for table `transact_advances`
--
ALTER TABLE `transact_advances`
  ADD PRIMARY KEY (`id`),
  ADD KEY `transact_advances_employee_id_foreign` (`employee_id`),
  ADD KEY `transact_account_id_foreign` (`account_id`);

--
-- Indexes for table `transact_allowances`
--
ALTER TABLE `transact_allowances`
  ADD PRIMARY KEY (`id`),
  ADD KEY `transact_allowances_employee_id_foreign` (`employee_id`),
  ADD KEY `transact_allowances_employee_allowance_id_foreign` (`employee_allowance_id`),
  ADD KEY `transact_allowances_organization_id_foreign` (`organization_id`),
  ADD KEY `transact_allowances_allowance_id_foreign` (`allowance_id`);

--
-- Indexes for table `transact_deductions`
--
ALTER TABLE `transact_deductions`
  ADD PRIMARY KEY (`id`),
  ADD KEY `transact_deductions_employee_id_foreign` (`employee_id`),
  ADD KEY `transact_deductions_employee_deduction_id_foreign` (`employee_deduction_id`),
  ADD KEY `ttransact_deductions_organization_id_foreign` (`organization_id`),
  ADD KEY `transact_deductions_deduction_id_foreign` (`deduction_id`);

--
-- Indexes for table `transact_earnings`
--
ALTER TABLE `transact_earnings`
  ADD PRIMARY KEY (`id`),
  ADD KEY `transact_earnings_employee_id_foreign` (`employee_id`),
  ADD KEY `transact_earnings_earning_id_foreign` (`earning_id`),
  ADD KEY `transact_earnings_earningsetting_id_foreign` (`earningsetting_id`),
  ADD KEY `transact_earnings_organization_id_foreign` (`organization_id`);

--
-- Indexes for table `transact_nontaxables`
--
ALTER TABLE `transact_nontaxables`
  ADD PRIMARY KEY (`id`),
  ADD KEY `transact_nontaxables_employee_id_foreign` (`employee_id`);

--
-- Indexes for table `transact_overtimes`
--
ALTER TABLE `transact_overtimes`
  ADD PRIMARY KEY (`id`),
  ADD KEY `transact_overtimes_employee_id_foreign` (`employee_id`);

--
-- Indexes for table `transact_reliefs`
--
ALTER TABLE `transact_reliefs`
  ADD PRIMARY KEY (`id`),
  ADD KEY `transact_reliefs_employee_id_foreign` (`employee_id`),
  ADD KEY `transact_reliefs_employee_relief_id_foreign` (`employee_relief_id`),
  ADD KEY `transact_reliefs_relief_id_foreign` (`relief_id`);

--
-- Indexes for table `users`
--
ALTER TABLE `users`
  ADD PRIMARY KEY (`id`),
  ADD UNIQUE KEY `username` (`username`),
  ADD KEY `branch_id` (`branch_id`);

--
-- Indexes for table `user_role`
--
ALTER TABLE `user_role`
  ADD PRIMARY KEY (`id`),
  ADD KEY `user_id` (`user_id`),
  ADD KEY `x_user_role_fk1` (`role_id`);

--
-- Indexes for table `vendors`
--
ALTER TABLE `vendors`
  ADD PRIMARY KEY (`id`);

--
-- AUTO_INCREMENT for dumped tables
--

--
-- AUTO_INCREMENT for table `account`
--
ALTER TABLE `account`
  MODIFY `id` int(10) UNSIGNED NOT NULL AUTO_INCREMENT;
--
-- AUTO_INCREMENT for table `accounts`
--
ALTER TABLE `accounts`
  MODIFY `id` int(10) UNSIGNED NOT NULL AUTO_INCREMENT, AUTO_INCREMENT=3;
--
-- AUTO_INCREMENT for table `account_transactions`
--
ALTER TABLE `account_transactions`
  MODIFY `id` int(10) UNSIGNED NOT NULL AUTO_INCREMENT, AUTO_INCREMENT=40;
--
-- AUTO_INCREMENT for table `allowances`
--
ALTER TABLE `allowances`
  MODIFY `id` int(10) UNSIGNED NOT NULL AUTO_INCREMENT, AUTO_INCREMENT=3;
--
-- AUTO_INCREMENT for table `appraisalcategories`
--
ALTER TABLE `appraisalcategories`
  MODIFY `id` int(10) UNSIGNED NOT NULL AUTO_INCREMENT;
--
-- AUTO_INCREMENT for table `appraisalquestions`
--
ALTER TABLE `appraisalquestions`
  MODIFY `id` int(10) UNSIGNED NOT NULL AUTO_INCREMENT;
--
-- AUTO_INCREMENT for table `appraisals`
--
ALTER TABLE `appraisals`
  MODIFY `id` int(10) UNSIGNED NOT NULL AUTO_INCREMENT;
--
-- AUTO_INCREMENT for table `assets`
--
ALTER TABLE `assets`
  MODIFY `id` int(10) UNSIGNED NOT NULL AUTO_INCREMENT;
--
-- AUTO_INCREMENT for table `assigned_roles`
--
ALTER TABLE `assigned_roles`
  MODIFY `id` int(10) UNSIGNED NOT NULL AUTO_INCREMENT, AUTO_INCREMENT=4;
--
-- AUTO_INCREMENT for table `audits`
--
ALTER TABLE `audits`
  MODIFY `id` int(10) UNSIGNED NOT NULL AUTO_INCREMENT, AUTO_INCREMENT=81;
--
-- AUTO_INCREMENT for table `autoprocesses`
--
ALTER TABLE `autoprocesses`
  MODIFY `id` int(10) UNSIGNED NOT NULL AUTO_INCREMENT;
--
-- AUTO_INCREMENT for table `banking`
--
ALTER TABLE `banking`
  MODIFY `id` int(10) UNSIGNED NOT NULL AUTO_INCREMENT;
--
-- AUTO_INCREMENT for table `banks`
--
ALTER TABLE `banks`
  MODIFY `id` int(10) UNSIGNED NOT NULL AUTO_INCREMENT, AUTO_INCREMENT=50;
--
-- AUTO_INCREMENT for table `bank_accounts`
--
ALTER TABLE `bank_accounts`
  MODIFY `id` int(10) UNSIGNED NOT NULL AUTO_INCREMENT, AUTO_INCREMENT=2;
--
-- AUTO_INCREMENT for table `bank_branches`
--
ALTER TABLE `bank_branches`
  MODIFY `id` int(10) UNSIGNED NOT NULL AUTO_INCREMENT, AUTO_INCREMENT=1786;
--
-- AUTO_INCREMENT for table `bank_statements`
--
ALTER TABLE `bank_statements`
  MODIFY `id` int(10) UNSIGNED NOT NULL AUTO_INCREMENT;
--
-- AUTO_INCREMENT for table `benefitsettings`
--
ALTER TABLE `benefitsettings`
  MODIFY `id` int(10) UNSIGNED NOT NULL AUTO_INCREMENT;
--
-- AUTO_INCREMENT for table `branches`
--
ALTER TABLE `branches`
  MODIFY `id` int(10) UNSIGNED NOT NULL AUTO_INCREMENT, AUTO_INCREMENT=2;
--
-- AUTO_INCREMENT for table `budgets`
--
ALTER TABLE `budgets`
  MODIFY `id` int(10) UNSIGNED NOT NULL AUTO_INCREMENT;
--
-- AUTO_INCREMENT for table `categories`
--
ALTER TABLE `categories`
  MODIFY `id` int(10) UNSIGNED NOT NULL AUTO_INCREMENT;
--
-- AUTO_INCREMENT for table `charges`
--
ALTER TABLE `charges`
  MODIFY `id` int(10) UNSIGNED NOT NULL AUTO_INCREMENT;
--
-- AUTO_INCREMENT for table `charge_loanproduct`
--
ALTER TABLE `charge_loanproduct`
  MODIFY `id` int(10) UNSIGNED NOT NULL AUTO_INCREMENT;
--
-- AUTO_INCREMENT for table `charge_savingproduct`
--
ALTER TABLE `charge_savingproduct`
  MODIFY `id` int(10) UNSIGNED NOT NULL AUTO_INCREMENT;
--
-- AUTO_INCREMENT for table `citizenships`
--
ALTER TABLE `citizenships`
  MODIFY `id` int(10) UNSIGNED NOT NULL AUTO_INCREMENT, AUTO_INCREMENT=2;
--
-- AUTO_INCREMENT for table `claim_receipts`
--
ALTER TABLE `claim_receipts`
  MODIFY `id` int(10) UNSIGNED NOT NULL AUTO_INCREMENT, AUTO_INCREMENT=4;
--
-- AUTO_INCREMENT for table `claim_receipt_items`
--
ALTER TABLE `claim_receipt_items`
  MODIFY `id` int(10) UNSIGNED NOT NULL AUTO_INCREMENT, AUTO_INCREMENT=4;
--
-- AUTO_INCREMENT for table `clients`
--
ALTER TABLE `clients`
  MODIFY `id` int(10) UNSIGNED NOT NULL AUTO_INCREMENT, AUTO_INCREMENT=32;
--
-- AUTO_INCREMENT for table `company_property`
--
ALTER TABLE `company_property`
  MODIFY `id` int(10) UNSIGNED NOT NULL AUTO_INCREMENT;
--
-- AUTO_INCREMENT for table `currencies`
--
ALTER TABLE `currencies`
  MODIFY `id` int(10) UNSIGNED NOT NULL AUTO_INCREMENT, AUTO_INCREMENT=2;
--
-- AUTO_INCREMENT for table `deductions`
--
ALTER TABLE `deductions`
  MODIFY `id` int(10) UNSIGNED NOT NULL AUTO_INCREMENT, AUTO_INCREMENT=5;
--
-- AUTO_INCREMENT for table `departments`
--
ALTER TABLE `departments`
  MODIFY `id` int(10) UNSIGNED NOT NULL AUTO_INCREMENT, AUTO_INCREMENT=6;
--
-- AUTO_INCREMENT for table `documents`
--
ALTER TABLE `documents`
  MODIFY `id` int(10) UNSIGNED NOT NULL AUTO_INCREMENT;
--
-- AUTO_INCREMENT for table `earnings`
--
ALTER TABLE `earnings`
  MODIFY `id` int(10) UNSIGNED NOT NULL AUTO_INCREMENT, AUTO_INCREMENT=4;
--
-- AUTO_INCREMENT for table `earningsettings`
--
ALTER TABLE `earningsettings`
  MODIFY `id` int(10) UNSIGNED NOT NULL AUTO_INCREMENT, AUTO_INCREMENT=2;
--
-- AUTO_INCREMENT for table `education`
--
ALTER TABLE `education`
  MODIFY `id` int(10) UNSIGNED NOT NULL AUTO_INCREMENT, AUTO_INCREMENT=9;
--
-- AUTO_INCREMENT for table `emergencycontacts`
--
ALTER TABLE `emergencycontacts`
  MODIFY `id` int(10) UNSIGNED NOT NULL AUTO_INCREMENT;
--
-- AUTO_INCREMENT for table `employee`
--
ALTER TABLE `employee`
  MODIFY `id` int(10) UNSIGNED NOT NULL AUTO_INCREMENT, AUTO_INCREMENT=4;
--
-- AUTO_INCREMENT for table `employeebenefits`
--
ALTER TABLE `employeebenefits`
  MODIFY `id` int(10) UNSIGNED NOT NULL AUTO_INCREMENT;
--
-- AUTO_INCREMENT for table `employeenontaxables`
--
ALTER TABLE `employeenontaxables`
  MODIFY `id` int(10) UNSIGNED NOT NULL AUTO_INCREMENT;
--
-- AUTO_INCREMENT for table `employee_allowances`
--
ALTER TABLE `employee_allowances`
  MODIFY `id` int(10) UNSIGNED NOT NULL AUTO_INCREMENT, AUTO_INCREMENT=3;
--
-- AUTO_INCREMENT for table `employee_deductions`
--
ALTER TABLE `employee_deductions`
  MODIFY `id` int(10) UNSIGNED NOT NULL AUTO_INCREMENT, AUTO_INCREMENT=3;
--
-- AUTO_INCREMENT for table `employee_relief`
--
ALTER TABLE `employee_relief`
  MODIFY `id` int(10) UNSIGNED NOT NULL AUTO_INCREMENT;
--
-- AUTO_INCREMENT for table `employee_type`
--
ALTER TABLE `employee_type`
  MODIFY `id` int(10) UNSIGNED NOT NULL AUTO_INCREMENT, AUTO_INCREMENT=4;
--
-- AUTO_INCREMENT for table `erporderitems`
--
ALTER TABLE `erporderitems`
  MODIFY `id` int(10) UNSIGNED NOT NULL AUTO_INCREMENT, AUTO_INCREMENT=43;
--
-- AUTO_INCREMENT for table `erporders`
--
ALTER TABLE `erporders`
  MODIFY `id` int(10) UNSIGNED NOT NULL AUTO_INCREMENT, AUTO_INCREMENT=46;
--
-- AUTO_INCREMENT for table `expenses`
--
ALTER TABLE `expenses`
  MODIFY `id` int(10) UNSIGNED NOT NULL AUTO_INCREMENT, AUTO_INCREMENT=3;
--
-- AUTO_INCREMENT for table `expensesettings`
--
ALTER TABLE `expensesettings`
  MODIFY `id` int(10) UNSIGNED NOT NULL AUTO_INCREMENT;
--
-- AUTO_INCREMENT for table `expense_claims`
--
ALTER TABLE `expense_claims`
  MODIFY `id` int(10) UNSIGNED NOT NULL AUTO_INCREMENT, AUTO_INCREMENT=4;
--
-- AUTO_INCREMENT for table `groups`
--
ALTER TABLE `groups`
  MODIFY `id` int(10) UNSIGNED NOT NULL AUTO_INCREMENT;
--
-- AUTO_INCREMENT for table `holidays`
--
ALTER TABLE `holidays`
  MODIFY `id` int(10) UNSIGNED NOT NULL AUTO_INCREMENT;
--
-- AUTO_INCREMENT for table `hospital_insurance`
--
ALTER TABLE `hospital_insurance`
  MODIFY `id` int(10) UNSIGNED NOT NULL AUTO_INCREMENT, AUTO_INCREMENT=19;
--
-- AUTO_INCREMENT for table `items`
--
ALTER TABLE `items`
  MODIFY `id` int(10) UNSIGNED NOT NULL AUTO_INCREMENT, AUTO_INCREMENT=52;
--
-- AUTO_INCREMENT for table `job_group`
--
ALTER TABLE `job_group`
  MODIFY `id` int(10) UNSIGNED NOT NULL AUTO_INCREMENT, AUTO_INCREMENT=4;
--
-- AUTO_INCREMENT for table `journals`
--
ALTER TABLE `journals`
  MODIFY `id` int(10) UNSIGNED NOT NULL AUTO_INCREMENT, AUTO_INCREMENT=79;
--
-- AUTO_INCREMENT for table `kins`
--
ALTER TABLE `kins`
  MODIFY `id` int(10) UNSIGNED NOT NULL AUTO_INCREMENT;
--
-- AUTO_INCREMENT for table `leaveapplications`
--
ALTER TABLE `leaveapplications`
  MODIFY `id` int(10) UNSIGNED NOT NULL AUTO_INCREMENT, AUTO_INCREMENT=4;
--
-- AUTO_INCREMENT for table `leavetypes`
--
ALTER TABLE `leavetypes`
  MODIFY `id` int(10) UNSIGNED NOT NULL AUTO_INCREMENT, AUTO_INCREMENT=3;
--
-- AUTO_INCREMENT for table `loanaccounts`
--
ALTER TABLE `loanaccounts`
  MODIFY `id` int(10) UNSIGNED NOT NULL AUTO_INCREMENT;
--
-- AUTO_INCREMENT for table `loanguarantors`
--
ALTER TABLE `loanguarantors`
  MODIFY `id` int(10) UNSIGNED NOT NULL AUTO_INCREMENT;
--
-- AUTO_INCREMENT for table `loanpostings`
--
ALTER TABLE `loanpostings`
  MODIFY `id` int(10) UNSIGNED NOT NULL AUTO_INCREMENT;
--
-- AUTO_INCREMENT for table `loanproducts`
--
ALTER TABLE `loanproducts`
  MODIFY `id` int(10) UNSIGNED NOT NULL AUTO_INCREMENT;
--
-- AUTO_INCREMENT for table `loanrepayments`
--
ALTER TABLE `loanrepayments`
  MODIFY `id` int(10) UNSIGNED NOT NULL AUTO_INCREMENT;
--
-- AUTO_INCREMENT for table `loantransactions`
--
ALTER TABLE `loantransactions`
  MODIFY `id` int(10) UNSIGNED NOT NULL AUTO_INCREMENT;
--
-- AUTO_INCREMENT for table `locations`
--
ALTER TABLE `locations`
  MODIFY `id` int(10) UNSIGNED NOT NULL AUTO_INCREMENT, AUTO_INCREMENT=2;
--
-- AUTO_INCREMENT for table `mails`
--
ALTER TABLE `mails`
  MODIFY `id` int(10) UNSIGNED NOT NULL AUTO_INCREMENT, AUTO_INCREMENT=2;
--
-- AUTO_INCREMENT for table `members`
--
ALTER TABLE `members`
  MODIFY `id` int(10) UNSIGNED NOT NULL AUTO_INCREMENT;
--
-- AUTO_INCREMENT for table `nextofkins`
--
ALTER TABLE `nextofkins`
  MODIFY `id` int(10) UNSIGNED NOT NULL AUTO_INCREMENT;
--
-- AUTO_INCREMENT for table `next_of_kin`
--
ALTER TABLE `next_of_kin`
  MODIFY `id` int(10) UNSIGNED NOT NULL AUTO_INCREMENT;
--
-- AUTO_INCREMENT for table `nontaxables`
--
ALTER TABLE `nontaxables`
  MODIFY `id` int(10) UNSIGNED NOT NULL AUTO_INCREMENT;
--
-- AUTO_INCREMENT for table `occurences`
--
ALTER TABLE `occurences`
  MODIFY `id` int(10) UNSIGNED NOT NULL AUTO_INCREMENT;
--
-- AUTO_INCREMENT for table `occurencesettings`
--
ALTER TABLE `occurencesettings`
  MODIFY `id` int(10) UNSIGNED NOT NULL AUTO_INCREMENT;
--
-- AUTO_INCREMENT for table `orders`
--
ALTER TABLE `orders`
  MODIFY `id` int(10) UNSIGNED NOT NULL AUTO_INCREMENT;
--
-- AUTO_INCREMENT for table `organizations`
--
ALTER TABLE `organizations`
  MODIFY `id` int(10) UNSIGNED NOT NULL AUTO_INCREMENT, AUTO_INCREMENT=2;
--
-- AUTO_INCREMENT for table `overtimes`
--
ALTER TABLE `overtimes`
  MODIFY `id` int(10) UNSIGNED NOT NULL AUTO_INCREMENT;
--
-- AUTO_INCREMENT for table `paymentmethods`
--
ALTER TABLE `paymentmethods`
  MODIFY `id` int(10) UNSIGNED NOT NULL AUTO_INCREMENT, AUTO_INCREMENT=2;
--
-- AUTO_INCREMENT for table `payments`
--
ALTER TABLE `payments`
  MODIFY `id` int(10) UNSIGNED NOT NULL AUTO_INCREMENT, AUTO_INCREMENT=2;
--
-- AUTO_INCREMENT for table `permissions`
--
ALTER TABLE `permissions`
  MODIFY `id` int(10) UNSIGNED NOT NULL AUTO_INCREMENT, AUTO_INCREMENT=33;
--
-- AUTO_INCREMENT for table `permission_role`
--
ALTER TABLE `permission_role`
  MODIFY `id` int(10) UNSIGNED NOT NULL AUTO_INCREMENT, AUTO_INCREMENT=38;
--
-- AUTO_INCREMENT for table `pettycash_items`
--
ALTER TABLE `pettycash_items`
  MODIFY `id` int(10) UNSIGNED NOT NULL AUTO_INCREMENT;
--
-- AUTO_INCREMENT for table `products`
--
ALTER TABLE `products`
  MODIFY `id` int(10) UNSIGNED NOT NULL AUTO_INCREMENT;
--
-- AUTO_INCREMENT for table `properties`
--
ALTER TABLE `properties`
  MODIFY `id` int(10) UNSIGNED NOT NULL AUTO_INCREMENT;
--
-- AUTO_INCREMENT for table `relief`
--
ALTER TABLE `relief`
  MODIFY `id` int(10) UNSIGNED NOT NULL AUTO_INCREMENT, AUTO_INCREMENT=2;
--
-- AUTO_INCREMENT for table `roles`
--
ALTER TABLE `roles`
  MODIFY `id` int(10) UNSIGNED NOT NULL AUTO_INCREMENT, AUTO_INCREMENT=3;
--
-- AUTO_INCREMENT for table `savingaccounts`
--
ALTER TABLE `savingaccounts`
  MODIFY `id` int(10) UNSIGNED NOT NULL AUTO_INCREMENT;
--
-- AUTO_INCREMENT for table `savingpostings`
--
ALTER TABLE `savingpostings`
  MODIFY `id` int(10) UNSIGNED NOT NULL AUTO_INCREMENT;
--
-- AUTO_INCREMENT for table `savingproducts`
--
ALTER TABLE `savingproducts`
  MODIFY `id` int(10) UNSIGNED NOT NULL AUTO_INCREMENT;
--
-- AUTO_INCREMENT for table `savingtransactions`
--
ALTER TABLE `savingtransactions`
  MODIFY `id` int(10) UNSIGNED NOT NULL AUTO_INCREMENT;
--
-- AUTO_INCREMENT for table `shareaccounts`
--
ALTER TABLE `shareaccounts`
  MODIFY `id` int(10) UNSIGNED NOT NULL AUTO_INCREMENT;
--
-- AUTO_INCREMENT for table `shares`
--
ALTER TABLE `shares`
  MODIFY `id` int(10) UNSIGNED NOT NULL AUTO_INCREMENT, AUTO_INCREMENT=2;
--
-- AUTO_INCREMENT for table `sharetransactions`
--
ALTER TABLE `sharetransactions`
  MODIFY `id` int(10) UNSIGNED NOT NULL AUTO_INCREMENT;
--
-- AUTO_INCREMENT for table `social_security`
--
ALTER TABLE `social_security`
  MODIFY `id` int(10) UNSIGNED NOT NULL AUTO_INCREMENT, AUTO_INCREMENT=3;
--
-- AUTO_INCREMENT for table `stations`
--
ALTER TABLE `stations`
  MODIFY `id` int(11) NOT NULL AUTO_INCREMENT, AUTO_INCREMENT=3;
--
-- AUTO_INCREMENT for table `stmt_transactions`
--
ALTER TABLE `stmt_transactions`
  MODIFY `id` int(10) UNSIGNED NOT NULL AUTO_INCREMENT;
--
-- AUTO_INCREMENT for table `stocks`
--
ALTER TABLE `stocks`
  MODIFY `id` int(10) UNSIGNED NOT NULL AUTO_INCREMENT, AUTO_INCREMENT=14;
--
-- AUTO_INCREMENT for table `supervisors`
--
ALTER TABLE `supervisors`
  MODIFY `id` int(10) UNSIGNED NOT NULL AUTO_INCREMENT;
--
-- AUTO_INCREMENT for table `tasks`
--
ALTER TABLE `tasks`
  MODIFY `id` int(10) UNSIGNED NOT NULL AUTO_INCREMENT;
--
-- AUTO_INCREMENT for table `taxes`
--
ALTER TABLE `taxes`
  MODIFY `id` int(10) UNSIGNED NOT NULL AUTO_INCREMENT, AUTO_INCREMENT=2;
--
-- AUTO_INCREMENT for table `tax_orders`
--
ALTER TABLE `tax_orders`
  MODIFY `id` int(10) UNSIGNED NOT NULL AUTO_INCREMENT, AUTO_INCREMENT=5;
--
-- AUTO_INCREMENT for table `tests`
--
ALTER TABLE `tests`
  MODIFY `id` int(10) UNSIGNED NOT NULL AUTO_INCREMENT;
--
-- AUTO_INCREMENT for table `transact`
--
ALTER TABLE `transact`
  MODIFY `id` int(10) UNSIGNED NOT NULL AUTO_INCREMENT, AUTO_INCREMENT=4;
--
-- AUTO_INCREMENT for table `transact_advances`
--
ALTER TABLE `transact_advances`
  MODIFY `id` int(10) UNSIGNED NOT NULL AUTO_INCREMENT;
--
-- AUTO_INCREMENT for table `transact_allowances`
--
ALTER TABLE `transact_allowances`
  MODIFY `id` int(10) UNSIGNED NOT NULL AUTO_INCREMENT, AUTO_INCREMENT=3;
--
-- AUTO_INCREMENT for table `transact_deductions`
--
ALTER TABLE `transact_deductions`
  MODIFY `id` int(10) UNSIGNED NOT NULL AUTO_INCREMENT, AUTO_INCREMENT=3;
--
-- AUTO_INCREMENT for table `transact_earnings`
--
ALTER TABLE `transact_earnings`
  MODIFY `id` int(10) UNSIGNED NOT NULL AUTO_INCREMENT, AUTO_INCREMENT=3;
--
-- AUTO_INCREMENT for table `transact_nontaxables`
--
ALTER TABLE `transact_nontaxables`
  MODIFY `id` int(10) UNSIGNED NOT NULL AUTO_INCREMENT;
--
-- AUTO_INCREMENT for table `transact_overtimes`
--
ALTER TABLE `transact_overtimes`
  MODIFY `id` int(10) UNSIGNED NOT NULL AUTO_INCREMENT;
--
-- AUTO_INCREMENT for table `transact_reliefs`
--
ALTER TABLE `transact_reliefs`
  MODIFY `id` int(10) UNSIGNED NOT NULL AUTO_INCREMENT;
--
-- AUTO_INCREMENT for table `users`
--
ALTER TABLE `users`
  MODIFY `id` int(10) UNSIGNED NOT NULL AUTO_INCREMENT, AUTO_INCREMENT=4;
--
-- AUTO_INCREMENT for table `vendors`
--
ALTER TABLE `vendors`
  MODIFY `id` int(10) UNSIGNED NOT NULL AUTO_INCREMENT;
--
-- Constraints for dumped tables
--

--
-- Constraints for table `account_transactions`
--
ALTER TABLE `account_transactions`
  ADD CONSTRAINT `account_transactions_account_credited_foreign` FOREIGN KEY (`account_credited`) REFERENCES `accounts` (`id`) ON DELETE CASCADE ON UPDATE CASCADE,
  ADD CONSTRAINT `account_transactions_account_debited_foreign` FOREIGN KEY (`account_debited`) REFERENCES `accounts` (`id`) ON DELETE CASCADE ON UPDATE CASCADE;

--
-- Constraints for table `appraisalquestions`
--
ALTER TABLE `appraisalquestions`
  ADD CONSTRAINT `appraisalquestions_appraisalcategory_id_foreign` FOREIGN KEY (`appraisalcategory_id`) REFERENCES `appraisalcategories` (`id`) ON UPDATE CASCADE;

--
-- Constraints for table `appraisals`
--
ALTER TABLE `appraisals`
  ADD CONSTRAINT `appraisals_appraisalquestion_id_foreign` FOREIGN KEY (`appraisalquestion_id`) REFERENCES `appraisalquestions` (`id`) ON UPDATE CASCADE,
  ADD CONSTRAINT `appraisals_employee_id_foreign` FOREIGN KEY (`employee_id`) REFERENCES `employee` (`id`) ON UPDATE CASCADE,
  ADD CONSTRAINT `appraisals_examiner_foreign` FOREIGN KEY (`examiner`) REFERENCES `users` (`id`) ON UPDATE CASCADE;

--
-- Constraints for table `assigned_roles`
--
ALTER TABLE `assigned_roles`
  ADD CONSTRAINT `assigned_roles_role_id_foreign` FOREIGN KEY (`role_id`) REFERENCES `roles` (`id`),
  ADD CONSTRAINT `assigned_roles_user_id_foreign` FOREIGN KEY (`user_id`) REFERENCES `users` (`id`) ON DELETE CASCADE ON UPDATE CASCADE;

--
-- Constraints for table `bank_statements`
--
ALTER TABLE `bank_statements`
  ADD CONSTRAINT `bank_statements_bank_account_id_foreign` FOREIGN KEY (`bank_account_id`) REFERENCES `bank_accounts` (`id`) ON UPDATE CASCADE;

--
-- Constraints for table `benefitsettings`
--
ALTER TABLE `benefitsettings`
  ADD CONSTRAINT `benefitsettings_organization_id_foreign` FOREIGN KEY (`organization_id`) REFERENCES `organizations` (`id`) ON UPDATE CASCADE;

--
-- Constraints for table `budgets`
--
ALTER TABLE `budgets`
  ADD CONSTRAINT `budgets_organization_id_foreign` FOREIGN KEY (`organization_id`) REFERENCES `organizations` (`id`) ON UPDATE CASCADE;

--
-- Constraints for table `charge_loanproduct`
--
ALTER TABLE `charge_loanproduct`
  ADD CONSTRAINT `loancharges_charge_id_foreign` FOREIGN KEY (`charge_id`) REFERENCES `charges` (`id`),
  ADD CONSTRAINT `loancharges_loanproduct_id_foreign` FOREIGN KEY (`loanproduct_id`) REFERENCES `loanproducts` (`id`);

--
-- Constraints for table `charge_savingproduct`
--
ALTER TABLE `charge_savingproduct`
  ADD CONSTRAINT `savingcharges_charge_id_foreign` FOREIGN KEY (`charge_id`) REFERENCES `charges` (`id`),
  ADD CONSTRAINT `savingcharges_savingproduct_id_foreign` FOREIGN KEY (`savingproduct_id`) REFERENCES `savingproducts` (`id`);

--
-- Constraints for table `citizenships`
--
ALTER TABLE `citizenships`
  ADD CONSTRAINT `citizenships_organization_id_foreign` FOREIGN KEY (`organization_id`) REFERENCES `organizations` (`id`) ON UPDATE CASCADE;

--
-- Constraints for table `claim_receipt_items`
--
ALTER TABLE `claim_receipt_items`
  ADD CONSTRAINT `claim_receipt_items_claimreceiptid_foreign` FOREIGN KEY (`claimReceiptID`) REFERENCES `claim_receipts` (`id`) ON DELETE CASCADE ON UPDATE CASCADE;

--
-- Constraints for table `earningsettings`
--
ALTER TABLE `earningsettings`
  ADD CONSTRAINT `earningsettings_organization_id_foreign` FOREIGN KEY (`organization_id`) REFERENCES `organizations` (`id`) ON UPDATE CASCADE;

--
-- Constraints for table `emergencycontacts`
--
ALTER TABLE `emergencycontacts`
  ADD CONSTRAINT `emergencycontacts_employee_id_foreign` FOREIGN KEY (`employee_id`) REFERENCES `employee` (`id`) ON UPDATE CASCADE;

--
-- Constraints for table `employeebenefits`
--
ALTER TABLE `employeebenefits`
  ADD CONSTRAINT `employeebenefits_benefit_id_foreign` FOREIGN KEY (`benefit_id`) REFERENCES `benefitsettings` (`id`) ON UPDATE CASCADE,
  ADD CONSTRAINT `employeebenefits_jobgroup_id_foreign` FOREIGN KEY (`jobgroup_id`) REFERENCES `job_group` (`id`) ON UPDATE CASCADE;

--
-- Constraints for table `employeenontaxables`
--
ALTER TABLE `employeenontaxables`
  ADD CONSTRAINT `employeenontaxables_employee_id_foreign` FOREIGN KEY (`employee_id`) REFERENCES `employee` (`id`) ON UPDATE CASCADE,
  ADD CONSTRAINT `employeenontaxables_nontaxable_id_foreign` FOREIGN KEY (`nontaxable_id`) REFERENCES `nontaxables` (`id`) ON UPDATE CASCADE;

--
-- Constraints for table `employee_allowances`
--
ALTER TABLE `employee_allowances`
  ADD CONSTRAINT `employee_allowances_allowance_id_foreign` FOREIGN KEY (`allowance_id`) REFERENCES `allowances` (`id`) ON UPDATE CASCADE,
  ADD CONSTRAINT `employee_allowances_employee_id_foreign` FOREIGN KEY (`employee_id`) REFERENCES `employee` (`id`) ON UPDATE CASCADE;

--
-- Constraints for table `erporderitems`
--
ALTER TABLE `erporderitems`
  ADD CONSTRAINT `erporderitems_erporder_id_foreign` FOREIGN KEY (`erporder_id`) REFERENCES `erporders` (`id`),
  ADD CONSTRAINT `erporderitems_item_id_foreign` FOREIGN KEY (`item_id`) REFERENCES `items` (`id`);

--
-- Constraints for table `erporders`
--
ALTER TABLE `erporders`
  ADD CONSTRAINT `erporders_client_id_foreign` FOREIGN KEY (`client_id`) REFERENCES `clients` (`id`);

--
-- Constraints for table `expenses`
--
ALTER TABLE `expenses`
  ADD CONSTRAINT `expenses_account_id_foreign` FOREIGN KEY (`account_id`) REFERENCES `accounts` (`id`);

--
-- Constraints for table `expensesettings`
--
ALTER TABLE `expensesettings`
  ADD CONSTRAINT `expensesettings_organization_id_foreign` FOREIGN KEY (`organization_id`) REFERENCES `organizations` (`id`) ON UPDATE CASCADE;

--
-- Constraints for table `holidays`
--
ALTER TABLE `holidays`
  ADD CONSTRAINT `holidays_organization_id_foreign` FOREIGN KEY (`organization_id`) REFERENCES `organizations` (`id`);

--
-- Constraints for table `journals`
--
ALTER TABLE `journals`
  ADD CONSTRAINT `journals_account_id_foreign` FOREIGN KEY (`account_id`) REFERENCES `accounts` (`id`);

--
-- Constraints for table `kins`
--
ALTER TABLE `kins`
  ADD CONSTRAINT `kins_member_id_foreign` FOREIGN KEY (`member_id`) REFERENCES `members` (`id`);

--
-- Constraints for table `leaveapplications`
--
ALTER TABLE `leaveapplications`
  ADD CONSTRAINT `leaveapplications_employee_id_foreign` FOREIGN KEY (`employee_id`) REFERENCES `employee` (`id`),
  ADD CONSTRAINT `leaveapplications_leavetype_id_foreign` FOREIGN KEY (`leavetype_id`) REFERENCES `leavetypes` (`id`),
  ADD CONSTRAINT `leaveapplications_organization_id_foreign` FOREIGN KEY (`organization_id`) REFERENCES `organizations` (`id`);

--
-- Constraints for table `leavetypes`
--
ALTER TABLE `leavetypes`
  ADD CONSTRAINT `leavetypes_organization_id_foreign` FOREIGN KEY (`organization_id`) REFERENCES `organizations` (`id`);

--
-- Constraints for table `loanaccounts`
--
ALTER TABLE `loanaccounts`
  ADD CONSTRAINT `loanaccounts_loanproduct_id_foreign` FOREIGN KEY (`loanproduct_id`) REFERENCES `loanproducts` (`id`),
  ADD CONSTRAINT `loanaccounts_member_id_foreign` FOREIGN KEY (`member_id`) REFERENCES `members` (`id`);

--
-- Constraints for table `loanguarantors`
--
ALTER TABLE `loanguarantors`
  ADD CONSTRAINT `loanguarantors_loanaccount_id_foreign` FOREIGN KEY (`loanaccount_id`) REFERENCES `loanaccounts` (`id`),
  ADD CONSTRAINT `loanguarantors_member_id_foreign` FOREIGN KEY (`member_id`) REFERENCES `members` (`id`);

--
-- Constraints for table `loanpostings`
--
ALTER TABLE `loanpostings`
  ADD CONSTRAINT `loanpostings_loanproduct_id_foreign` FOREIGN KEY (`loanproduct_id`) REFERENCES `loanproducts` (`id`);

--
-- Constraints for table `loanrepayments`
--
ALTER TABLE `loanrepayments`
  ADD CONSTRAINT `loanrepayments_loanaccount_id_foreign` FOREIGN KEY (`loanaccount_id`) REFERENCES `loanaccounts` (`id`);

--
-- Constraints for table `loantransactions`
--
ALTER TABLE `loantransactions`
  ADD CONSTRAINT `loantransactions_loanaccount_id_foreign` FOREIGN KEY (`loanaccount_id`) REFERENCES `loanaccounts` (`id`);

--
-- Constraints for table `members`
--
ALTER TABLE `members`
  ADD CONSTRAINT `members_branch_id_foreign` FOREIGN KEY (`branch_id`) REFERENCES `branches` (`id`),
  ADD CONSTRAINT `members_group_id_foreign` FOREIGN KEY (`group_id`) REFERENCES `groups` (`id`);

--
-- Constraints for table `nextofkins`
--
ALTER TABLE `nextofkins`
  ADD CONSTRAINT `nextofkins_employee_id_foreign` FOREIGN KEY (`employee_id`) REFERENCES `employee` (`id`) ON UPDATE CASCADE;

--
-- Constraints for table `nontaxables`
--
ALTER TABLE `nontaxables`
  ADD CONSTRAINT `nontaxables_organization_id_foreign` FOREIGN KEY (`organization_id`) REFERENCES `organizations` (`id`) ON UPDATE CASCADE;

--
-- Constraints for table `occurences`
--
ALTER TABLE `occurences`
  ADD CONSTRAINT `occurences_employee_id_foreign` FOREIGN KEY (`employee_id`) REFERENCES `employee` (`id`) ON UPDATE CASCADE,
  ADD CONSTRAINT `occurences_occurencesetting_id_foreign` FOREIGN KEY (`occurencesetting_id`) REFERENCES `occurencesettings` (`id`) ON UPDATE CASCADE,
  ADD CONSTRAINT `occurences_organization_id_foreign` FOREIGN KEY (`organization_id`) REFERENCES `organizations` (`id`) ON UPDATE CASCADE;

--
-- Constraints for table `orders`
--
ALTER TABLE `orders`
  ADD CONSTRAINT `orders_product_id_foreign` FOREIGN KEY (`product_id`) REFERENCES `products` (`id`);

--
-- Constraints for table `overtimes`
--
ALTER TABLE `overtimes`
  ADD CONSTRAINT `overtimes_employee_id_foreign` FOREIGN KEY (`employee_id`) REFERENCES `employee` (`id`) ON UPDATE CASCADE;

--
-- Constraints for table `paymentmethods`
--
ALTER TABLE `paymentmethods`
  ADD CONSTRAINT `paymentmethods_account_id_foreign` FOREIGN KEY (`account_id`) REFERENCES `accounts` (`id`);

--
-- Constraints for table `payments`
--
ALTER TABLE `payments`
  ADD CONSTRAINT `payments_erporder_id_foreign` FOREIGN KEY (`erporder_id`) REFERENCES `erporders` (`id`),
  ADD CONSTRAINT `payments_paymentmethod_id_foreign` FOREIGN KEY (`paymentmethod_id`) REFERENCES `paymentmethods` (`id`);

--
-- Constraints for table `permission_role`
--
ALTER TABLE `permission_role`
  ADD CONSTRAINT `permission_role_permission_id_foreign` FOREIGN KEY (`permission_id`) REFERENCES `permissions` (`id`),
  ADD CONSTRAINT `permission_role_role_id_foreign` FOREIGN KEY (`role_id`) REFERENCES `roles` (`id`);

--
-- Constraints for table `pettycash_items`
--
ALTER TABLE `pettycash_items`
  ADD CONSTRAINT `pettycash_items_ac_trns_foreign` FOREIGN KEY (`ac_trns`) REFERENCES `account_transactions` (`id`) ON DELETE CASCADE ON UPDATE CASCADE;

--
-- Constraints for table `products`
--
ALTER TABLE `products`
  ADD CONSTRAINT `products_vendor_id_foreign` FOREIGN KEY (`vendor_id`) REFERENCES `vendors` (`id`);

--
-- Constraints for table `properties`
--
ALTER TABLE `properties`
  ADD CONSTRAINT `properties_employee_id_foreign` FOREIGN KEY (`employee_id`) REFERENCES `employee` (`id`) ON UPDATE CASCADE,
  ADD CONSTRAINT `properties_issued_by_foreign` FOREIGN KEY (`issued_by`) REFERENCES `users` (`id`) ON UPDATE CASCADE,
  ADD CONSTRAINT `properties_received_by_foreign` FOREIGN KEY (`received_by`) REFERENCES `users` (`id`) ON UPDATE CASCADE;

--
-- Constraints for table `savingaccounts`
--
ALTER TABLE `savingaccounts`
  ADD CONSTRAINT `savingaccounts_fk` FOREIGN KEY (`savingproduct_id`) REFERENCES `savingproducts` (`id`),
  ADD CONSTRAINT `savingaccounts_member_id_foreign` FOREIGN KEY (`member_id`) REFERENCES `members` (`id`);

--
-- Constraints for table `savingpostings`
--
ALTER TABLE `savingpostings`
  ADD CONSTRAINT `savingpostings_savingproduct_id_foreign` FOREIGN KEY (`savingproduct_id`) REFERENCES `savingproducts` (`id`);

--
-- Constraints for table `savingtransactions`
--
ALTER TABLE `savingtransactions`
  ADD CONSTRAINT `savingtransactions_savingaccount_id_foreign` FOREIGN KEY (`savingaccount_id`) REFERENCES `savingaccounts` (`id`);

--
-- Constraints for table `shareaccounts`
--
ALTER TABLE `shareaccounts`
  ADD CONSTRAINT `shareaccounts_member_id_foreign` FOREIGN KEY (`member_id`) REFERENCES `members` (`id`);

--
-- Constraints for table `sharetransactions`
--
ALTER TABLE `sharetransactions`
  ADD CONSTRAINT `sharetransactions_shareaccount_id_foreign` FOREIGN KEY (`shareaccount_id`) REFERENCES `shareaccounts` (`id`);

--
-- Constraints for table `stmt_transactions`
--
ALTER TABLE `stmt_transactions`
  ADD CONSTRAINT `stmt_transactions_bank_statement_id_foreign` FOREIGN KEY (`bank_statement_id`) REFERENCES `bank_statements` (`id`) ON DELETE CASCADE ON UPDATE CASCADE;

--
-- Constraints for table `stocks`
--
ALTER TABLE `stocks`
  ADD CONSTRAINT `stocks_item_id_foreign` FOREIGN KEY (`item_id`) REFERENCES `items` (`id`),
  ADD CONSTRAINT `stocks_location_id_foreign` FOREIGN KEY (`location_id`) REFERENCES `locations` (`id`);

--
-- Constraints for table `transact_advances`
--
ALTER TABLE `transact_advances`
  ADD CONSTRAINT `transact_advances_employee_id_foreign` FOREIGN KEY (`employee_id`) REFERENCES `employee` (`personal_file_number`) ON UPDATE CASCADE;

--
-- Constraints for table `transact_nontaxables`
--
ALTER TABLE `transact_nontaxables`
  ADD CONSTRAINT `transact_nontaxables_employee_id_foreign` FOREIGN KEY (`employee_id`) REFERENCES `employee` (`id`) ON UPDATE CASCADE;

--
-- Constraints for table `transact_overtimes`
--
ALTER TABLE `transact_overtimes`
  ADD CONSTRAINT `transact_overtimes_employee_id_foreign` FOREIGN KEY (`employee_id`) REFERENCES `employee` (`id`) ON UPDATE CASCADE;

--
-- Constraints for table `transact_reliefs`
--
ALTER TABLE `transact_reliefs`
  ADD CONSTRAINT `transact_reliefs_employee_id_foreign` FOREIGN KEY (`employee_id`) REFERENCES `employee` (`id`) ON UPDATE CASCADE;

--
-- Constraints for table `users`
--
ALTER TABLE `users`
  ADD CONSTRAINT `users_fk` FOREIGN KEY (`branch_id`) REFERENCES `branches` (`id`) ON DELETE NO ACTION ON UPDATE NO ACTION;

--
-- Constraints for table `user_role`
--
ALTER TABLE `user_role`
  ADD CONSTRAINT `user_role_fk` FOREIGN KEY (`user_id`) REFERENCES `users` (`id`) ON DELETE CASCADE ON UPDATE CASCADE,
  ADD CONSTRAINT `user_role_fk1` FOREIGN KEY (`role_id`) REFERENCES `roles` (`id`) ON DELETE CASCADE ON UPDATE CASCADE;

/*!40101 SET CHARACTER_SET_CLIENT=@OLD_CHARACTER_SET_CLIENT */;
/*!40101 SET CHARACTER_SET_RESULTS=@OLD_CHARACTER_SET_RESULTS */;
/*!40101 SET COLLATION_CONNECTION=@OLD_COLLATION_CONNECTION */;
