-- phpMyAdmin SQL Dump
-- version 4.5.4.1deb2ubuntu2
-- http://www.phpmyadmin.net
--
-- Host: localhost
-- Generation Time: Feb 23, 2017 at 03:28 PM
-- Server version: 10.1.13-MariaDB-1~wily
-- PHP Version: 5.6.30-4+deb.sury.org~xenial+1

SET SQL_MODE = "NO_AUTO_VALUE_ON_ZERO";
SET time_zone = "+00:00";


/*!40101 SET @OLD_CHARACTER_SET_CLIENT=@@CHARACTER_SET_CLIENT */;
/*!40101 SET @OLD_CHARACTER_SET_RESULTS=@@CHARACTER_SET_RESULTS */;
/*!40101 SET @OLD_COLLATION_CONNECTION=@@COLLATION_CONNECTION */;
/*!40101 SET NAMES utf8mb4 */;

--
-- Database: `xara`
--
CREATE DATABASE IF NOT EXISTS `xara` DEFAULT CHARACTER SET latin1 COLLATE latin1_swedish_ci;
USE `xara`;

-- --------------------------------------------------------

--
-- Table structure for table `account`
--

CREATE TABLE `account` (
  `id` int(10) UNSIGNED NOT NULL,
  `name` varchar(255) COLLATE utf8_unicode_ci NOT NULL,
  `description` text COLLATE utf8_unicode_ci,
  `category` varchar(255) COLLATE utf8_unicode_ci NOT NULL,
  `balance` double NOT NULL,
  `confirmed` tinyint(1) NOT NULL DEFAULT '0',
  `created_at` timestamp NOT NULL DEFAULT '0000-00-00 00:00:00',
  `updated_at` timestamp NOT NULL DEFAULT '0000-00-00 00:00:00'
) ENGINE=InnoDB DEFAULT CHARSET=utf8 COLLATE=utf8_unicode_ci;

-- --------------------------------------------------------

--
-- Table structure for table `accounts`
--

CREATE TABLE `accounts` (
  `id` int(10) UNSIGNED NOT NULL,
  `category` varchar(255) COLLATE utf8_unicode_ci NOT NULL,
  `code` int(11) NOT NULL,
  `name` varchar(255) COLLATE utf8_unicode_ci NOT NULL,
  `balance` double NOT NULL,
  `active` tinyint(1) NOT NULL,
  `created_at` timestamp NOT NULL DEFAULT '0000-00-00 00:00:00',
  `updated_at` timestamp NOT NULL DEFAULT '0000-00-00 00:00:00'
) ENGINE=InnoDB DEFAULT CHARSET=utf8 COLLATE=utf8_unicode_ci;

--
-- Dumping data for table `accounts`
--

INSERT INTO `accounts` (`id`, `category`, `code`, `name`, `balance`, `active`, `created_at`, `updated_at`) VALUES
(1, 'INCOME', 2001, 'Mpesa', 605000, 1, '2016-08-10 07:21:06', '2016-10-31 06:39:38'),
(2, 'ASSET', 1001, 'Cash', 1324646, 1, '2016-10-19 08:55:31', '2016-10-31 06:38:40'),
(3, 'LIABILITY', 5001, 'Accounts Payable', 0, 1, '2016-10-24 00:07:06', '2016-10-31 06:40:01'),
(4, 'ASSET', 1002, 'Accounts Receivable', 0, 1, '2016-10-24 00:07:47', '2016-10-31 06:38:48'),
(5, 'ASSET', 1003, 'Stevie Mwas - KCB', 0, 1, '2016-10-24 09:46:11', '2016-10-31 06:39:00'),
(6, 'ASSET', 1004, 'Checking Account', 0, 1, '2016-10-25 21:34:29', '2016-10-31 06:39:09'),
(7, 'ASSET', 1005, 'Sales Account', 0, 1, '2016-10-30 15:21:31', '2016-10-31 06:39:18'),
(8, 'EXPENSE', 3001, 'Purchase Account', 0, 1, '2016-10-30 16:25:20', '2016-10-31 06:39:49'),
(9, 'ASSET', 1006, 'Stevie Mwas-Equity', 0, 1, '2016-10-31 06:37:48', '2016-10-31 06:39:27'),
(10, 'ASSET', 1007, 'Petty Cash', 15490, 1, '2016-11-15 08:14:58', '2016-11-16 12:14:52'),
(11, 'LIABILITY', 5002, 'Owner Contribution', -3054, 1, '2016-11-16 19:48:18', '2016-11-16 19:48:18'),
(12, 'EXPENSE', 3002, 'Daily Expense', 810, 1, '2016-11-17 12:40:37', '2016-11-17 12:40:37'),
(13, 'ASSET', 1008, 'Accumulated Depreciation', 179849.29, 1, '2017-01-20 08:48:15', '2017-01-25 08:46:43'),
(14, 'EXPENSE', 3003, 'Depreciation Expense', -109827.76000000001, 1, '2017-01-20 08:48:15', '2017-01-25 08:46:43');

-- --------------------------------------------------------

--
-- Table structure for table `account_transactions`
--

CREATE TABLE `account_transactions` (
  `id` int(10) UNSIGNED NOT NULL,
  `transaction_date` date NOT NULL,
  `description` varchar(255) COLLATE utf8_unicode_ci NOT NULL,
  `account_debited` int(10) UNSIGNED NOT NULL,
  `account_credited` int(10) UNSIGNED NOT NULL,
  `bank_transaction_id` int(10) UNSIGNED NOT NULL,
  `bank_statement_id` int(10) UNSIGNED NOT NULL,
  `transaction_amount` float(8,2) NOT NULL,
  `status` varchar(50) COLLATE utf8_unicode_ci NOT NULL,
  `created_at` timestamp NOT NULL DEFAULT '0000-00-00 00:00:00',
  `updated_at` timestamp NOT NULL DEFAULT '0000-00-00 00:00:00'
) ENGINE=InnoDB DEFAULT CHARSET=utf8 COLLATE=utf8_unicode_ci;

--
-- Dumping data for table `account_transactions`
--

INSERT INTO `account_transactions` (`id`, `transaction_date`, `description`, `account_debited`, `account_credited`, `bank_transaction_id`, `bank_statement_id`, `transaction_amount`, `status`, `created_at`, `updated_at`) VALUES
(1, '2016-06-05', 'Withdrew some cash for office use.', 2, 5, 1, 1, 10000.00, 'RECONCILED', '2016-06-04 18:23:24', '2016-10-27 07:24:44'),
(2, '2016-06-09', 'Deposited cash to bank.', 5, 2, 2, 1, 32000.00, 'RECONCILED', '2016-06-08 18:23:24', '2016-10-27 07:24:55'),
(3, '2016-06-11', 'Paid Simon his debt via check.', 6, 5, 4, 1, 7000.00, 'RECONCILED', '2016-06-10 18:23:24', '2016-10-27 07:25:10'),
(4, '2015-06-02', 'Paid paul his debt in cash', 5, 3, 0, 0, 5000.00, '', '2015-06-01 18:00:00', '2016-10-26 20:33:06'),
(5, '2016-06-20', 'Deposited Cash to bank', 5, 2, 5, 1, 35200.00, 'RECONCILED', '2016-06-20 08:05:00', '2016-10-27 07:25:16'),
(6, '2016-06-21', 'Deposited some cash to bank', 5, 2, 6, 1, 10000.00, 'RECONCILED', '2016-06-21 08:15:00', '2016-10-27 07:25:22'),
(7, '2016-06-23', 'Withdrew cah for office use', 2, 5, 7, 1, 2000.00, 'RECONCILED', '2016-06-23 07:39:13', '2016-10-27 07:25:27'),
(8, '2016-06-23', 'Paid Ken his debt via check.', 6, 5, 8, 1, 5000.00, 'RECONCILED', '2016-06-23 10:14:42', '2016-10-27 07:25:37'),
(9, '2016-06-16', 'Lwenya paid us a debt he owed us', 5, 4, 3, 1, 15500.00, 'RECONCILED', '2016-06-16 05:11:14', '2016-10-27 07:25:01'),
(10, '2016-06-27', 'Paid two of our employees via check', 6, 5, 10, 1, 40000.00, 'RECONCILED', '2016-06-27 08:29:20', '2016-10-27 07:25:49'),
(11, '2016-10-27', 'Direct deposit to our bank account by Steve', 5, 4, 9, 1, 12250.00, 'RECONCILED', '2016-10-27 13:43:26', '2016-10-27 13:43:26'),
(12, '2016-10-30', 'Sold items to Lixonet Technologies on Credit', 4, 7, 0, 0, 251000.00, '', '2016-10-30 16:12:14', '2016-10-30 16:12:14'),
(13, '2016-10-30', 'Purchased some items from Datinum Core.', 8, 8, 0, 0, 1000000.00, '', '2016-10-30 16:40:03', '2016-10-30 16:40:03'),
(14, '2016-10-30', 'Purchased some items from Wangui Ken on credit ', 3, 2, 0, 0, 2000.00, '', '2016-10-30 16:49:59', '2016-10-30 16:49:59'),
(15, '2016-10-30', 'Purchased some items from Datinum Core', 2, 8, 0, 0, 150000.00, '', '2016-10-30 18:52:08', '2016-10-30 18:52:08'),
(16, '2016-11-16', 'Transferred cash from Cash account to Petty Cash Account', 10, 2, 0, 0, 6000.00, '', '2016-11-16 13:07:54', '2016-11-16 13:07:54'),
(17, '2016-11-16', 'Transferred cash from Mpesa account to Petty Cash Account', 10, 1, 0, 0, 6000.00, '', '2016-11-16 14:01:18', '2016-11-16 14:01:18'),
(18, '2016-11-16', 'Transferred Money to Petty Cash Account from Paul Stevens', 10, 11, 0, 0, 1000.00, '', '2016-11-16 20:24:18', '2016-11-16 20:24:18'),
(19, '2016-11-17', 'Bought some items from Nakumatt', 12, 10, 0, 0, 810.00, '', '2016-11-17 13:25:06', '2016-11-17 13:25:06'),
(20, '2016-11-20', 'Transferred cash from Cash account to Petty Cash Account', 10, 2, 0, 0, 3000.00, '', '2016-11-20 14:13:19', '2016-11-20 14:13:19'),
(21, '2016-11-20', 'Transferred cash from Cash account to Petty Cash Account', 10, 2, 0, 0, 300.00, '', '2016-11-20 14:17:06', '2016-11-20 14:17:06'),
(22, '2016-11-24', 'Payed an outstanding Expense Claim', 11, 2, 0, 0, 2054.00, '', '2016-11-24 12:24:08', '2016-11-24 12:24:08'),
(23, '2017-01-21', 'Depreciated Lenovo Laptop  on 21st Jan, 2017', 14, 13, 0, 0, 21.53, '', '2017-01-21 20:54:46', '2017-01-21 20:54:46'),
(24, '2017-01-22', 'Depreciated Lenovo Laptop  on 22nd Jan, 2017', 14, 13, 0, 0, 43.06, '', '2017-01-21 21:03:27', '2017-01-21 21:03:27'),
(25, '2017-01-22', 'Reversed depreciation on Lenovo Laptop  on 22nd Jan, 2017', 13, 14, 0, 0, 43.06, '', '2017-01-21 21:03:36', '2017-01-21 21:03:36'),
(26, '2017-01-22', 'Depreciated Lenovo Laptop  on 22nd Jan, 2017', 14, 13, 0, 0, 43.06, '', '2017-01-21 21:03:36', '2017-01-21 21:03:36'),
(27, '2017-01-22', 'Reversed depreciation on Lenovo Laptop  on 22nd Jan, 2017', 13, 14, 0, 0, 43.06, '', '2017-01-21 21:08:16', '2017-01-21 21:08:16'),
(28, '2017-01-22', 'Depreciated Lenovo Laptop  on 22nd Jan, 2017', 14, 13, 0, 0, 43.06, '', '2017-01-21 21:08:16', '2017-01-21 21:08:16'),
(29, '2017-01-22', 'Reversed depreciation on Lenovo Laptop  on 22nd Jan, 2017', 13, 14, 0, 0, 43.06, '', '2017-01-21 21:08:31', '2017-01-21 21:08:31'),
(30, '2017-01-22', 'Depreciated Lenovo Laptop  on 22nd Jan, 2017', 14, 13, 0, 0, 43.06, '', '2017-01-21 21:08:31', '2017-01-21 21:08:31'),
(31, '2017-01-22', 'Reversed depreciation on Lenovo Laptop  on 22nd Jan, 2017', 13, 14, 0, 0, 55129.18, '', '2017-01-21 21:29:58', '2017-01-21 21:29:58'),
(32, '2017-01-22', 'Depreciated Lenovo Laptop  on 22nd Jan, 2017', 14, 13, 0, 0, -129.18, '', '2017-01-21 21:29:59', '2017-01-21 21:29:59'),
(33, '2017-01-22', 'Reversed depreciation on Lenovo Laptop  on 22nd Jan, 2017', 13, 14, 0, 0, 43.06, '', '2017-01-21 21:30:10', '2017-01-21 21:30:10'),
(34, '2017-01-22', 'Depreciated Lenovo Laptop  on 22nd Jan, 2017', 14, 13, 0, 0, 43.06, '', '2017-01-21 21:30:10', '2017-01-21 21:30:10'),
(35, '2017-01-22', 'Reversed depreciation on Lenovo Laptop  on 22nd Jan, 2017', 13, 14, 0, 0, 55000.00, '', '2017-01-21 21:30:40', '2017-01-21 21:30:40'),
(36, '2017-01-22', 'Depreciated Lenovo Laptop  on 22nd Jan, 2017', 14, 13, 0, 0, 0.00, '', '2017-01-21 21:30:41', '2017-01-21 21:30:41'),
(37, '2017-01-22', 'Reversed depreciation on Lenovo Laptop  on 22nd Jan, 2017', 13, 14, 0, 0, 43.06, '', '2017-01-22 13:49:27', '2017-01-22 13:49:27'),
(38, '2017-01-22', 'Depreciated Lenovo Laptop  on 22nd Jan, 2017', 14, 13, 0, 0, 43.06, '', '2017-01-22 13:49:27', '2017-01-22 13:49:27'),
(39, '2017-01-23', 'Reversed depreciation on Lenovo Laptop  on 23rd Jan, 2017', 13, 14, 0, 0, 43.06, '', '2017-01-23 06:53:36', '2017-01-23 06:53:36'),
(40, '2017-01-23', 'Depreciated Lenovo Laptop  on 23rd Jan, 2017', 14, 13, 0, 0, 64.59, '', '2017-01-23 06:53:36', '2017-01-23 06:53:36'),
(41, '2017-01-23', 'Reversed depreciation on Lenovo Laptop  on 23rd Jan, 2017', 13, 14, 0, 0, 64.59, '', '2017-01-23 10:54:57', '2017-01-23 10:54:57'),
(42, '2017-01-23', 'Depreciated Lenovo Laptop  on 23rd Jan, 2017', 14, 13, 0, 0, 64.59, '', '2017-01-23 10:54:57', '2017-01-23 10:54:57'),
(43, '2017-01-23', 'Depreciated Lenovo Laptop  on 23rd Jan, 2017', 14, 13, 0, 0, 64.59, '', '2017-01-23 11:04:45', '2017-01-23 11:04:45'),
(44, '2017-01-23', 'Depreciated Lenovo Laptop  on 23rd Jan, 2017', 14, 13, 0, 0, 64.59, '', '2017-01-23 11:06:20', '2017-01-23 11:06:20'),
(45, '2017-01-23', 'Depreciated Lenovo Laptop  on 23rd Jan, 2017', 14, 13, 0, 0, 32.28, '', '2017-01-23 11:08:43', '2017-01-23 11:08:43'),
(46, '2017-01-25', 'Reversed depreciation on Lenovo Laptop  on 25th Jan, 2017', 13, 14, 0, 0, 32.28, '', '2017-01-25 08:45:02', '2017-01-25 08:45:02'),
(47, '2017-01-25', 'Depreciated Lenovo Laptop  on 25th Jan, 2017', 14, 13, 0, 0, 53.80, '', '2017-01-25 08:45:03', '2017-01-25 08:45:03'),
(48, '2017-01-25', 'Reversed depreciation on Lenovo Laptop  on 25th Jan, 2017', 13, 14, 0, 0, 53.80, '', '2017-01-25 08:45:11', '2017-01-25 08:45:11'),
(49, '2017-01-25', 'Depreciated Lenovo Laptop  on 25th Jan, 2017', 14, 13, 0, 0, 53.80, '', '2017-01-25 08:45:11', '2017-01-25 08:45:11'),
(50, '2017-01-25', 'Depreciated Lenovo Laptop  on 25th Jan, 2017', 14, 13, 0, 0, 172.66, '', '2017-01-25 08:46:11', '2017-01-25 08:46:11'),
(51, '2017-01-25', 'Reversed depreciation on Lenovo Laptop  on 25th Jan, 2017', 13, 14, 0, 0, 172.66, '', '2017-01-25 08:46:27', '2017-01-25 08:46:27'),
(52, '2017-01-25', 'Depreciated Lenovo Laptop  on 25th Jan, 2017', 14, 13, 0, 0, 172.66, '', '2017-01-25 08:46:28', '2017-01-25 08:46:28'),
(53, '2017-01-25', 'Depreciated Lenovo Laptop  on 25th Jan, 2017', 14, 13, 0, 0, 107.65, '', '2017-01-25 08:46:43', '2017-01-25 08:46:43'),
(54, '2017-02-23', 'Buy some goods', 2, 1, 0, 0, 84200.00, '', '2017-02-23 10:55:40', '2017-02-23 10:55:40');

-- --------------------------------------------------------

--
-- Table structure for table `allowances`
--

CREATE TABLE `allowances` (
  `id` int(10) UNSIGNED NOT NULL,
  `allowance_name` varchar(255) COLLATE utf8_unicode_ci NOT NULL,
  `organization_id` int(10) UNSIGNED NOT NULL DEFAULT '0',
  `created_at` timestamp NOT NULL DEFAULT '0000-00-00 00:00:00',
  `updated_at` timestamp NOT NULL DEFAULT '0000-00-00 00:00:00'
) ENGINE=InnoDB DEFAULT CHARSET=utf8 COLLATE=utf8_unicode_ci;

-- --------------------------------------------------------

--
-- Table structure for table `assets`
--

CREATE TABLE `assets` (
  `id` int(10) UNSIGNED NOT NULL,
  `asset_name` varchar(255) COLLATE utf8_unicode_ci NOT NULL,
  `asset_number` varchar(255) COLLATE utf8_unicode_ci NOT NULL,
  `purchase_date` date NOT NULL,
  `purchase_price` double(15,2) NOT NULL,
  `book_value` double(15,2) NOT NULL,
  `warranty_expiry` date DEFAULT NULL,
  `serial_number` varchar(255) COLLATE utf8_unicode_ci DEFAULT NULL,
  `depreciation_start_date` date NOT NULL,
  `last_depreciated` date NOT NULL DEFAULT '0000-00-00',
  `depreciation_method` varchar(255) COLLATE utf8_unicode_ci NOT NULL,
  `averaging_method` varchar(255) COLLATE utf8_unicode_ci NOT NULL,
  `salvage_value` double(15,2) NOT NULL,
  `method` varchar(255) COLLATE utf8_unicode_ci NOT NULL,
  `rate` double(3,2) DEFAULT NULL,
  `years` smallint(6) DEFAULT NULL,
  `status` varchar(255) COLLATE utf8_unicode_ci NOT NULL DEFAULT 'new',
  `created_at` timestamp NOT NULL DEFAULT '0000-00-00 00:00:00',
  `updated_at` timestamp NOT NULL DEFAULT '0000-00-00 00:00:00'
) ENGINE=InnoDB DEFAULT CHARSET=utf8 COLLATE=utf8_unicode_ci;

--
-- Dumping data for table `assets`
--

INSERT INTO `assets` (`id`, `asset_name`, `asset_number`, `purchase_date`, `purchase_price`, `book_value`, `warranty_expiry`, `serial_number`, `depreciation_start_date`, `last_depreciated`, `depreciation_method`, `averaging_method`, `salvage_value`, `method`, `rate`, `years`, `status`, `created_at`, `updated_at`) VALUES
(1, 'Lenovo Laptop ', 'AST_0001', '2017-01-20', 70000.00, 69892.35, '2018-01-20', '8C060039R', '2017-01-20', '2017-01-25', 'SL', 'FULLMO', 15000.00, 'years', 0.00, 7, 'new', '2017-01-20 08:48:15', '2017-01-25 08:46:43');

-- --------------------------------------------------------

--
-- Table structure for table `assigned_roles`
--

CREATE TABLE `assigned_roles` (
  `id` int(10) UNSIGNED NOT NULL,
  `user_id` int(10) UNSIGNED NOT NULL,
  `role_id` int(10) UNSIGNED NOT NULL
) ENGINE=InnoDB DEFAULT CHARSET=utf8 COLLATE=utf8_unicode_ci;

--
-- Dumping data for table `assigned_roles`
--

INSERT INTO `assigned_roles` (`id`, `user_id`, `role_id`) VALUES
(1, 1, 1);

-- --------------------------------------------------------

--
-- Table structure for table `audits`
--

CREATE TABLE `audits` (
  `id` int(10) UNSIGNED NOT NULL,
  `date` date DEFAULT NULL,
  `user` varchar(255) COLLATE utf8_unicode_ci DEFAULT NULL,
  `action` varchar(255) COLLATE utf8_unicode_ci DEFAULT NULL,
  `entity` varchar(255) COLLATE utf8_unicode_ci DEFAULT NULL,
  `amount` float(10,0) DEFAULT NULL,
  `description` varchar(255) COLLATE utf8_unicode_ci DEFAULT NULL,
  `created_at` timestamp NOT NULL DEFAULT '0000-00-00 00:00:00',
  `updated_at` timestamp NOT NULL DEFAULT '0000-00-00 00:00:00'
) ENGINE=InnoDB DEFAULT CHARSET=utf8 COLLATE=utf8_unicode_ci;

--
-- Dumping data for table `audits`
--

INSERT INTO `audits` (`id`, `date`, `user`, `action`, `entity`, `amount`, `description`, `created_at`, `updated_at`) VALUES
(1, '2016-08-10', 'eyJpdiI6IitMZG80WWZqNVpuQXhPbE5yT3F3SWc9PSIsInZhbHVlIjoiczBJZjY4NjNIa1RcL3l2dDJPSjlNQU84cUFHVTJYeGViREpzblduQko2bTQ9IiwibWFjIjoiZWQ3NTAyY2Q0OGIwNWQ4M2IwNGEwM2IyZmIzZjU2MjQwMDM1YTY4ZTIzZTBmYWI1YjcwMDRmMzg0ZWFiMGZlNyJ9', 'eyJpdiI6InpvM1YyMnlCN1VvY2lPT2VtQmVDV3c9PSIsInZhbHVlIjoibTJlb1VQeVFTOWVKZmtsSXlGNVlFZz09IiwibWFjIjoiYTEwOGU3ZmFhNzNiMDYzNzUzN2E3MDFlZjM5NmExY2RiYzA0NmRiOWM0Y2Y5MWQyZDJhZGNkMWU5ZGFjZmQ0ZiJ9', 'eyJpdiI6ImZXVlhpM3p5SFNtMW9KM01kc1VhdWc9PSIsInZhbHVlIjoiWkhtUVN4NkF1R29nU0xyWmVKZllGdz09IiwibWFjIjoiMmY5MTQxZDZkYzFmNTA4YTVhMTAzMmMwY2M1ZDA1NDM0N2RkNWY2ZWNkMWZkYzY2MDZiOWMxYjU5YjQ1YmVlMiJ9', NULL, 'eyJpdiI6IlJxWTZvN0JVNk1IR0hWYjJpSHA1XC9BPT0iLCJ2YWx1ZSI6InlQT3JLNitUdlJCbzFVdUpWYzBVZ1NFTVBqWVBzb2MzRllDV2s0WlJsK3M9IiwibWFjIjoiYmRiNTg1YmM5ZGViNDhlNTFhZTdmYWFmMmQxMTc0NDFiZDg1NjNmNTdhODg4NGE5OTY2NTYwMmQ4N2Q2N2MzOSJ9', '2016-08-10 07:21:07', '2016-08-10 07:21:07'),
(2, '2016-10-07', 'eyJpdiI6Im9qcG84eTE2ZmZzXC9rUGdWXC9yUkhRQT09IiwidmFsdWUiOiJ0eVwvRTFQcnFFVGVNTm82SzVOeGs2SlJMWjRUQzVuV0R0Yjh2MXZoU1ROdz0iLCJtYWMiOiJkODExZjY4ZTRiYThhMjk4NmI2NDg2NmNjNDAwNTNhYWQ0NGZlMGRjMGIxMGNmNGEzMGQwMjdlZDUzODhiYjk5In0=', 'eyJpdiI6InhkbFwveUUxd0Q3V0s1NTNRcWllVW93PT0iLCJ2YWx1ZSI6Ik45Mlg4a0ltUHRiT3dFRTJ4THlCa3c9PSIsIm1hYyI6ImQ4MjViOGZhMzA2NDI1ODdhMWE1M2IxOGIzNmM2ZjZmNDM0YmFhZWVjZWU4YzRhODE5MTNhNjU4ZTQwNzAxNjkifQ==', 'eyJpdiI6ImdNODZpcXczSU84bUR6QnlNTTlScVE9PSIsInZhbHVlIjoiU0x6UUJxZ25ka2c1MktMUW1wUjQ2UT09IiwibWFjIjoiYjA2ZmE2YTc5OTdmMzkyNGIyYzNlZDM4OGJkZTQ1MWRmNzM3MmMwMWQzOTdiNTBiNDkzMjhmZWY1MjNmODAyOSJ9', NULL, 'eyJpdiI6IlNxSFlSRWhFd3hkdUZxWDN1cE9qNmc9PSIsInZhbHVlIjoiaFpQOWc3bGRmZTdyQ0t5TnZiMkhFUmtiK0ZtNFdKVzZIclF4dVliUUVHST0iLCJtYWMiOiJjNTAzYzQ2ZTg4ZTIyOGFhODUzMzg4ODM0YjdiMDExNGNkODFmNGU2NzZiZjA1MGRhMTkzMjQwOGI5OWYzNDU3In0=', '2016-10-07 07:59:42', '2016-10-07 07:59:42'),
(3, '2016-10-07', 'eyJpdiI6IjJEdVVGZU1mQXhNaFwvU0FnSWZURHBnPT0iLCJ2YWx1ZSI6IjVUaWR1NWdcL0NrdTE3UUhXc1c0elZsXC9NdTdQOE5uXC9XWUJKTm5cL2ZnUkJrPSIsIm1hYyI6ImUzNmQ2MjliMmViMGZkMWQ2MGJhNmM4NDhhOGZmZTIzOTZkMzAyYzBjOWMxYWRmZGQ4OWMzNjU1YzgzZGU4NDkifQ==', 'eyJpdiI6IlJuVG5EWncxdTZHTWQzS3c0cUlnNkE9PSIsInZhbHVlIjoibEVHSENiT2cweVVvcjVWMzI3elpSUT09IiwibWFjIjoiZTVjZWFmNmIwMDZmZDQ2YWRjN2M1ZTdjMzMwMTFiYjkyZTljZWU2YjExMjEwMjgwODMzODEzNDVjNDVlY2FiOSJ9', 'eyJpdiI6IjJiaExpWVNnd0lrTFllYWY1TGZielE9PSIsInZhbHVlIjoibDlNZmFKXC81NnBLUG5OQ2lXb2dyWVE9PSIsIm1hYyI6ImJhYmQ5MmIwZDlkN2M4NzcxMjBlMTBjNDQzYzFkMTdjNDNiOWQyMzAxOWUyYmYwMWVjMjAwMzdiMzViZTg1MjQifQ==', NULL, 'eyJpdiI6IlUraGFkbW1EdlY2RWpFWjdMMkdaWnc9PSIsInZhbHVlIjoiSmRpbHNUTXpEcXJqU0xBQmZ4bFhPN1E3dUNtZTJScGg0T1hqcGEwaWJTYz0iLCJtYWMiOiJmM2RhZjRiMjRmZGEyYzliNzhmMTljOGQ1MGQ1ODlhZjllNjc0NzE1MWUzZjNkYzY2MzBlZjI0MDE1MzMxMmI0In0=', '2016-10-07 08:08:58', '2016-10-07 08:08:58'),
(4, '2016-10-19', 'eyJpdiI6IkN5ZjRpYmNJd2VjcGhlQ2xSeDNBT3c9PSIsInZhbHVlIjoidXZHb0x1aVZZY05PUHBQRmZCRzJEMHd1V28rdmxUbkpnTjl6UGlCZ2FVWT0iLCJtYWMiOiIzMzkzYTc4ZGZhYzZhZWIyZTI4N2M4YmQ0OGVlYzEwNDJmNjUzNTU3MmMxODdlNTMzYjkwZjAyYmViYTY3NzFjIn0=', 'eyJpdiI6ImFPQmlvcW1oSTBnMlZzSGREc0dkK2c9PSIsInZhbHVlIjoiV0hcL0tcL3FDNVY5dGJlekdcL203RldrUT09IiwibWFjIjoiMGU4MjFjZDUwMzIzMTkzZTEyZGZmOTIyM2QyMjJjNzcwYzY5NWU2MTdjMzgyNDFjM2U5MTMxMjlhZGZkZThhYSJ9', 'eyJpdiI6IkswWStBZ1BuaytDdm52NnZaNHlmUVE9PSIsInZhbHVlIjoiOTh0NTUrbDJzejcrYkYwaHpYZzlzUT09IiwibWFjIjoiNmU1NWRhN2NiOTlmMDU0MzJkMWVjNmQyYjI4MGM2YmE0NGI2OGNjOTBiMjg0ZTRiYjcyMmI5ZmM1Zjg1YWQ3ZSJ9', NULL, 'eyJpdiI6InJjWU1BaEJxWWdnU2pabXFjaWtQc2c9PSIsInZhbHVlIjoiU1F6S2ZjcUt0aXlacU0rSDMwa2Zic0JGa1VUbHRtRzlpN1B3NEUxNEdXaz0iLCJtYWMiOiJjNzdlYTE5MGIwMjcwNTZhY2YwN2ZkNGVjMjY0YzhmMDM3YzQ1OTI4MjE2MTU3OTAxNzhiNTQ3ZjYwNTlkYjQ2In0=', '2016-10-19 08:55:31', '2016-10-19 08:55:31'),
(5, '2016-10-24', 'eyJpdiI6IklTMHRlYmdrdHdycjZrMzhLc1lrYVE9PSIsInZhbHVlIjoiQmtYdHNOYzJtNjQ1aTFMZmxCTGhuYk1BNEdCT2xwZ2ZQK1cxcVVJSlJpZz0iLCJtYWMiOiIyYTBjODk2Nzc4YTczNTNhMDBkMTZkYjc3MDQ4MDlkMjY3NDFhMTJiMDk0MmY3NjdiMzNlOTViNDZiMTUzNDUyIn0=', 'eyJpdiI6IkQxVTE0aXIxdUFDS2VTVXZpT2F1d2c9PSIsInZhbHVlIjoiZXlWZjJOXC9WVWhsZVBRNzFuXC9cL0xrUT09IiwibWFjIjoiNDdhOTZiYjhjZGVlMTU2NTZkMmExZWJhMmU3ZmFmYWUwMjBhMGEyNGExYmVmZTk1ZmUxZDEzMmQ4MDU4NDAzNSJ9', 'eyJpdiI6InBaTTg0WHFqVXR6NzlHUkltY0xGbHc9PSIsInZhbHVlIjoiS25MbEFzUzMxdklBZ3JaVWNPaTVZUT09IiwibWFjIjoiZmNkNGI5YmNhNzI1ZGVjYTgxNTg3NDYwMDgyMTg3MTA0NGRmOGFhMzhiMmFiZjNiMGMyNWExMzQ3MjVlOTFmOSJ9', NULL, 'eyJpdiI6InZSdEhjRTZmWWFJTWFFSktVekZkK2c9PSIsInZhbHVlIjoidmQ3MVNxV1I5bldsRmJYbjgrT241aHBpUmNTdFd0WTlMS0txTVFmVHJcL1NDMUl5Y2hnUitMOE9jTkhEd2RtemMiLCJtYWMiOiIyYTYzZDZhMDBlODU5ZTgwNjA3Mzg5NzY1OWRkY2NhZGYyMGMzYTMzODdmMmQ2ZDZhZDhkNDQ5ZjM4ZGIwMjYyIn0=', '2016-10-23 23:52:13', '2016-10-23 23:52:13'),
(6, '2016-10-24', 'eyJpdiI6IjFZWTI2NVFRdnBZZHZWdmptbzNWeXc9PSIsInZhbHVlIjoiSVwvU0ViY200VEZxTGNxajZncXJqaW84SUR3ZEN3TzYzajZkM2lsWXB1ZUk9IiwibWFjIjoiZjAyODM0OGViZWRjMzJmZmRmZGE3MmMyZjE3M2E0ZTRkZTkwZmZjZjBkZjMyNDFhYjI3OTAxYmEyMzA0MDc5YiJ9', 'eyJpdiI6IndkY1RRZThSM09EK0Q5M25YK043WEE9PSIsInZhbHVlIjoiZFFjSjBVbTJOa1ZqYXlxQWhKcmNcL0E9PSIsIm1hYyI6IjM0MjNhNDA1ODJkYzdkNGMxOWFhMDNmYzUxNTZiYzAyOThmMDEyOWJlNGQ4NmI3ZWIzNzI0YTdjYWEyZjE5YTkifQ==', 'eyJpdiI6IlRISW54RHZiT2l4TkMyV1Facnd2Znc9PSIsInZhbHVlIjoieTB4SU5RWUpyeG4yUVorazA4Z1wveHc9PSIsIm1hYyI6ImZhNTU2NGMzMDA0M2VhYjFiYjQ4YzY4YmI0NTBiMGIyYmNhNGM0NWVhMDE5YTY4ZGRhOTU1Zjg1Yjc3MmRhOWQifQ==', NULL, 'eyJpdiI6InJrT21XM0dKMEs3M0pZQWtwU3FZY2c9PSIsInZhbHVlIjoiT05GRWExdjUyR2JnM29jTnp2R0FIWkRid2FoZkJVNmJ6NFQ2M0lOWFFyN0JrNVhJZTVFdnY3NGR0b1k2UHdwViIsIm1hYyI6ImVjZmU1NjAxYzlhOTA3MWEyZjBlNGM3ZmNmZTM5ZGNlNzMyZDIyZTEwMjM4YzY0YjU1YzI4ZDdlZDNmOGMxMGEifQ==', '2016-10-23 23:52:46', '2016-10-23 23:52:46'),
(7, '2016-10-24', 'eyJpdiI6InN0R3NES0dCR2dhYXc1UFZaSTA1dWc9PSIsInZhbHVlIjoib2xNOVFqNnJIeDdweVNlbjB3bFJlTEE2eFhXU0prcmV2S0VUZUc3MVdwYz0iLCJtYWMiOiJlYjI1MTNhYTMwYTI0Mzc0Y2Q0YzJkZDlhM2Y5ZDdjM2E5MmExYjc4YWVlZTA4OTc5MzE3NTU4Y2UyZjJmNjE1In0=', 'eyJpdiI6IlVrTDZRd0xhK0wyODFjZHc3ODNmUFE9PSIsInZhbHVlIjoiWGFBd1wvSTRjQmV5MERvK1JnN1lWeHc9PSIsIm1hYyI6ImZkNGUxYzg1OWUyYTIwYzlkNGY0MDQzYWZmYzA0MDM5MzAyMTQ5MGRjN2Q2MTBjMzg2ODc3ZGRmNDIyZjE3YTIifQ==', 'eyJpdiI6IklrcGdJZjNRbkJuUHhlcGp6ZDZWZWc9PSIsInZhbHVlIjoiVUk5aVlOVjgxSWFuK0FWK3BDcUNNQT09IiwibWFjIjoiNzU5MDU5Njk0YjEwZjM5NWNmNWI2MjExZGY3MjY5YjBmZGIxNTZmNzU0Y2YxNjc5ZWJiNzc4NjIyZWFlNzE5YyJ9', NULL, 'eyJpdiI6IktqY3JtOVFuWW1EaFMyZXRtMHdRYkE9PSIsInZhbHVlIjoiWGZUU1hoWWVwN05CYTA5OU1wWVpEYnBsYm0wWVdSRGNIRVduZFwvXC9rcTUwPSIsIm1hYyI6IjdiZTc1NzI5ZmFmZGI5NjQwMmQyOThjZWIzNTM3ZDhjYzUyMTQ5OTE4YWZjNTM1ZDEzMTFhODcwNDkzYjhhOTYifQ==', '2016-10-23 23:56:34', '2016-10-23 23:56:34'),
(8, '2016-10-24', 'eyJpdiI6IkJnXC8wOU8yajhWanJHenluMEVOWk1RPT0iLCJ2YWx1ZSI6IlB6ak84eldINVA3aldJZ1B5bjZRVnFzRnZpcHRrVEQ5S2ZqdkY1Z29EeVU9IiwibWFjIjoiNTNiN2JmMmY5YWY2N2RmZTRkMDlmM2I4MDkzM2Q4YjJlYTlkYWIxMzlmOGM5M2M4OTEzZTJjNGU1ZWFiNWM1OCJ9', 'eyJpdiI6ImQ2VFwvVnRqQnV6ZTJJZXlyclpWTUd3PT0iLCJ2YWx1ZSI6Ikc1TEU2VkxDOHNkZnAzV2lhYWFMUUE9PSIsIm1hYyI6ImNlYjk2OWU3MmFiMjZmN2Q1ZWIxOGQyOGZkYzZiYTAwYmVjZDE4ZjYwYjZkMDkwNjhmOGIwZTVhNmI2Njk1ZDQifQ==', 'eyJpdiI6IitEZkxpcEhaNklqSXVad2F4REVmZFE9PSIsInZhbHVlIjoiM0FhUXp3UGRIY3d5cXRuRG92emQxUT09IiwibWFjIjoiOTFmNzdhMjRjZDFkYzMzNDE2ZGUzM2FhMTNlYTQ0YTE2ZjdhMTVmNDQ3MjE0MGFmYzg0ZmE1MmJhY2MwOGRiYSJ9', NULL, 'eyJpdiI6IlB4aEM3TnJ6a3NpVGxPXC9VczB3eXdBPT0iLCJ2YWx1ZSI6ImRDNkkzQkdVaDdVNG9PNG9IU1liYldVRm5uelRGVTc4VG1RY3VjQWdURVd6SzQzdnpUdURiV3VhbldqRm4zUjgiLCJtYWMiOiJlOTgxZGVlOWI2OTFhOWUyMTkzM2UxZTBhYTViNmE5NGExYTkyODljNmM3NWMyNDRlZTI2NTEwN2RlZTlkNmRiIn0=', '2016-10-24 00:07:07', '2016-10-24 00:07:07'),
(9, '2016-10-24', 'eyJpdiI6ImcrQWt0RkpCdGlIY0dPUXpsOGV0SHc9PSIsInZhbHVlIjoid1FLTWxIbGN4OXBVejZaUXEwMk92bXl0RHJoekNnU3JIWmZXUTluZEV5Zz0iLCJtYWMiOiIwZDllN2ZjNWJkNjhjZmFiNjlkY2M4OWY5MzNmZTJhYmU0NGFhNmRiMzc1ZjMzZGYzMGY1OWU5YjVhY2NkZTc2In0=', 'eyJpdiI6ImhNQ1ZNaVBrQjZXb2cxZ3pcL1l3SmJRPT0iLCJ2YWx1ZSI6InU2WVZVMEMySUxNbmtaXC93OHlaNzd3PT0iLCJtYWMiOiI5NzdmYTk1N2ZmMGZhYjIyMzE3ZGJjYjA1NDc5YTY1MGQ0NTZmMzNkMmRhNWFhMmFmZDI4NTdkMGVhNGE4ZDlkIn0=', 'eyJpdiI6Im9wOHhvenRlUVRQMVVhejNJT0p6R1E9PSIsInZhbHVlIjoidW9DaFNPcVQ3TmlPVkF4NnFhSXJXQT09IiwibWFjIjoiZjUwNGZjNTk2YzcwMzBmOGMxMmIxZmJiZjhlZTMxZDVmNDE0NTFkNmUxYjBhNzFhZGY2MjgzNTFkODQzYzlmMCJ9', NULL, 'eyJpdiI6InVQZ0ljXC9Ibk5uWHlRamJIWFB5UDRnPT0iLCJ2YWx1ZSI6IklEb1hJUzh0bEVsUGdla3pmOWdwWnd0dktiMnZ3Vjd6ZzFEWUxKbUwxN0pFSjR3OWJtRVJDVTVwcVVZS3VOYm0iLCJtYWMiOiI5MTM1MGY3ZDkwMTAwYTFhNDU3ODkwNTMxYjA4YWI4MGIzM2EyN2Y2M2U3OTFhNmY0YmE4ZDkyODI5NTNkNTlmIn0=', '2016-10-24 00:07:47', '2016-10-24 00:07:47'),
(10, '2016-10-24', 'eyJpdiI6IkRxNmtvWlVlejByU29sK1hvTHYwbUE9PSIsInZhbHVlIjoiRDFLYmNGeWtHXC9NS1k3cCtDYUc4enN6NndNY3VaNlVCUHY3bHZSOUk0cFk9IiwibWFjIjoiN2U4NWYzZTViZTY0NGM3Zjk4ZmIwZGU2ZDk3ODY5NzUyMTY5ODI2YjFlNzI0MTllZDMxNWYyYTc3YjMyMTk0OCJ9', 'eyJpdiI6IlFqSUpqWHpQZ2ZVV3lQRldHQWJmaEE9PSIsInZhbHVlIjoiT3QwWVhQSFdWMVd0N2RwTjVmc2pMZz09IiwibWFjIjoiMTg1N2VlZWRlNTM1MGU2MGE2OWI2ZTJjYWQ5M2ZjNGM5ZjY3OGJmZGFmNWVkYWIzMDczYjFiOTZjYjA2YzExNyJ9', 'eyJpdiI6IitySFFRWGFnaXA5NDYxTWo5ellLOVE9PSIsInZhbHVlIjoiWVdxeE1PXC9xSWsxcmZGN3ZKVWxqQkE9PSIsIm1hYyI6Ijg2MzlmNjI1OTlkMGRlY2VmOWQyZGUxOTU2MWJhOTNiM2EwMzRiYmE2Mzg0ODE2OWJiODIzNzVlZjgxYjRmNDYifQ==', NULL, 'eyJpdiI6IkUzbGZ1dTJVV2JZeldPVGtHelBlS3c9PSIsInZhbHVlIjoicGpNVjlMTm1PcUZFS0M4ZXBmRk1WdDV0K0RseUVIcDZnTWZxMnBCTlwvaFE9IiwibWFjIjoiOGNhM2YzOWYxODJlNjMzOWFmZmQzYmZmM2VkZmFiNzQxZmVlNGM5ZjkwZWEzOGM4ODQ2ODJhZjg2YjU1YTUyZiJ9', '2016-10-24 00:08:02', '2016-10-24 00:08:02'),
(11, '2016-10-24', 'eyJpdiI6ImE1dk9BYk1xNVp0RVVOK3lJV09UOFE9PSIsInZhbHVlIjoidXBTMlVQU1doWWJYQmtzK2x5bTNGS3NMVnFRbnZLaTNKbHhcL2ZmRkJ6T0E9IiwibWFjIjoiZjVkNjdhYzkyNzU3ZDY0N2Y0YWMwZmMyN2I1ZTE0YWFjM2I4MzNhOTgzMjZlYzYxN2U3NTY0OTU3ZTk5NTBiOCJ9', 'eyJpdiI6IkkrZ0FHRWJZR1wvZVwvVmUyaUE5Rys1UT09IiwidmFsdWUiOiIyT3lsRk9SMU5Xc2ZJNDU3Z3BPd3BBPT0iLCJtYWMiOiJiOTRjMmJjODEzZjliNGEzMTIxNjU3YzYwMWY5YWFjYTViMjdhNGU0MzA4NTFkM2Q2ZGQ4ZGI3ZjEwNzZlMTkxIn0=', 'eyJpdiI6InJUNHFnM0pBYXZsamJSU0xXZ2d6QWc9PSIsInZhbHVlIjoib3dFYkloRzBHdlUzM1hrc21UbXI3Zz09IiwibWFjIjoiM2YyYmM3OGY2ZmU1NjllYTdkNDM2ZjZmZTBlNjNjNmEyMjM5NTUyNGIwOTRhNzk4ZjZiOTY4OGY5NWFhNjA3MiJ9', NULL, 'eyJpdiI6InltQ0tYVWhJSEtCOUoxU0lhQUthdHc9PSIsInZhbHVlIjoidTdNVnNiXC9RcUxKeFR1T3FLZ1I0dm9iTTJKdEFLWXZQMGpTUThoK2pTclE9IiwibWFjIjoiYWNlNDAwMTBhZjYzNGY0ZWViZGE1MTFiZGU5NzFlNjY4ODU0ZWVjZjJhMzZlZTNjNDU0MDczNDAwODJjODJkMyJ9', '2016-10-24 00:08:20', '2016-10-24 00:08:20'),
(12, '2016-10-24', 'eyJpdiI6ImRBYjhyQXVXcHBkU1NSM0dOUnVkUVE9PSIsInZhbHVlIjoiWXpkS3JIT0tkVTFJbloyUmRxRW9BejhrSmt5dGVFVXRqMkhcL3pkYVA5XC9VPSIsIm1hYyI6ImE1MTg3ZDAwZjA5NGNmNGMyODJiMDA5OTBjNzIyODYzNjU0ZjA2NjU5OGI0YzljMzc1ZThmZDRhZDQ1YTRjZTkifQ==', 'eyJpdiI6ImVkUmN4TnJOVzYrUzVjU2hpZVRJcUE9PSIsInZhbHVlIjoiOXNualJvQ2NGdGh5XC9ZckF2MlVoVWc9PSIsIm1hYyI6ImVjYzQ2ODc4NGNjYTk1ZjRlNDhmODU0MTk2NDQxNjAxMDFkMjU2MTIwZTNmMmI5OTQxMmJlM2QzZTc4MWFlZWUifQ==', 'eyJpdiI6InY3RkROVmZUTjQ2OWZ1aWhsWmN3N1E9PSIsInZhbHVlIjoiM1pmc1YwRlZRVjJURGtrVGVoVlVGZz09IiwibWFjIjoiNjFjZmVkNWJhNjRiMGY3ZDJlOWIzNjFjMDM4MzI0MjE2OTFkOGViMTM4YWE0NzM1YmQ0ZDlmYTIyM2E0YWRhMyJ9', NULL, 'eyJpdiI6Ik1MczlpZWU1RTNlWERGa1ZqelpreGc9PSIsInZhbHVlIjoiYWpjbnlwaFBcL3g5Z2FCbnVYUjMyK2FGUUVFTnJWTVNRWXllUEdndXkwa24wMjVuK1NGcTBpbHdmdWllb25mRnkiLCJtYWMiOiI0YWUzMWQxMTIzM2I4N2E3NTZlZTZiZmFkMTk2YjA3N2VkNDhjOTlhOTdiZGM5NWM0YTM4NTFhNzljOTJkYWFhIn0=', '2016-10-24 09:46:11', '2016-10-24 09:46:11'),
(13, '2016-10-26', 'eyJpdiI6IlhaMkpSdmlMcnVpQWl3RWJXVGhmQnc9PSIsInZhbHVlIjoiU3JIMHljK3NzT2lXOCtPZmNjME1GaFU0UzJhWTBFdk9RTjdcL0JDWktxY1k9IiwibWFjIjoiMDNjZWM3MWEyNGI2ZTFjZGQ5ZGRjYjNiNzJkNGQxMmM1OTk2Y2Q5MDVmY2YyOGMyZDdjNDllNTY3NWQxZWM5NSJ9', 'eyJpdiI6InNrcFcwM1J5bmlDUzRENkFRQkV4Mnc9PSIsInZhbHVlIjoiMWhpVitJUCtzWUk1alJqcE1lMlV3UT09IiwibWFjIjoiMzljZDVjMzI1YzgxNzM0NmU5OWM3M2Q4NTI0ZGExNzQ4NGEyY2E3MDk3N2EyMDkyMDliODI5MWZkYmE3YTA5MSJ9', 'eyJpdiI6ImZvMldkTU1yK2ZiOW05K3NkOU80NXc9PSIsInZhbHVlIjoiNmVMdnIreFhsNzFwWHFtblwvanBhalE9PSIsIm1hYyI6ImUwZTczOGNkZTJmZmU4OTU2NDlhYjRlOTQwMWNkYThmMDVjMjViMjRjM2M3Y2RiMTU1NTg5ZTUzY2NhZWViNjkifQ==', NULL, 'eyJpdiI6IjJEWG5wclRKMDBMYTZhWUx4MTFzc2c9PSIsInZhbHVlIjoiNzZXRW0rV09KSlA2VkR0NVVGZmxLK3FsV1wvaU1PNzM5MzZ4V2M3T202TWJWODhpTzI0TUo1bjE5UUpOSVlleHAiLCJtYWMiOiIwMDViMjBlMjliZjJiZWY4N2M2N2I1NWUyN2UwODc0NGIxZmJhM2MwOTJmMTBhZmI3MWQwOGJiMTIxOWM3MDMxIn0=', '2016-10-25 21:34:29', '2016-10-25 21:34:29'),
(14, '2016-10-30', 'eyJpdiI6IlFUMVp3R1NzMXZDY3VOdFI2dHdqWFE9PSIsInZhbHVlIjoiWkdjd1RKRDNmM0V2Qjl1V2FTb2lTMXhKeWZMeG82TjFGWEpPaEZjZllhOD0iLCJtYWMiOiIzNDJiNWNmMzZkMGM5ZGRiNThjODI0YmYwZTRhZjIwYWJkNWMzYTYzMzg1MDhlN2JmOTAzNzkxMDVjYjRkZjQ1In0=', 'eyJpdiI6IjduME1SSVNGczduanc5d0RuZGh1MVE9PSIsInZhbHVlIjoiMEdJWXpWMGp1YXF2V3E2WkNOTVB0QT09IiwibWFjIjoiNjQwOGYwYjcxZGFmMjdhOTQxYTBkNDYyMTRlMGZmZDhmYWY3YmM2Mjg0NzkwYzc0YTc2MzgxOGYxZDY1M2E5MyJ9', 'eyJpdiI6IlhYQ2lQaDdSVVJaWGNEWW5GRkN2SGc9PSIsInZhbHVlIjoibUY2bitZK2V1aW95UEpTWEVlem9NUT09IiwibWFjIjoiYTkzOGU1NDYzZDE3NTA4ZWI0NzI0OTQyNzdlODk3ZmNlZjRjNWE5ZTliOGNhZWUwNWRkNWZiNmQ2MzkwOTQwYSJ9', NULL, 'eyJpdiI6Im1FcFlcL0FGY0NKZWtIMnR0dnZ0U3FRPT0iLCJ2YWx1ZSI6ImZUMUFJdHEyWGlFXC9Yb1lVNWdWc0hVQ0lReUlcL2crNEs5TnExdTUrZW5YNGNVYzlFNFZaUlpXUGJFcVFPUXZ5KyIsIm1hYyI6IjZmY2QzMmE5ZTVlYzE0MTViZTU0YzM5MTdhMzJmM2U0OTU2Nzk4NjA2NDNhNTQwNDRiNTVjMjQ0ZjUwM2Q1MGUifQ==', '2016-10-30 15:21:31', '2016-10-30 15:21:31'),
(15, '2016-10-30', 'eyJpdiI6InpLOHQxbUF4U01QbDBzVkhJSDI2WXc9PSIsInZhbHVlIjoiVGlTb2NtRnE1UEF5S1N6MWwzSWlLN25ITjB1QzlrSnZ6NHBMYk5HNWhQND0iLCJtYWMiOiI1NjY4NTY1ODA1YTdlYjY0ZGY0NDIwNTJiOGMwZmIwODQ2MzZmNjdmNjU3Mzk0YzhkYmYyNTMwM2UzMzJmOGRlIn0=', 'eyJpdiI6IkwwaEttbm85YXMzXC9WXC95OW05RHNWdz09IiwidmFsdWUiOiI0SUFYajJjdGExRVFWU1F3ck9QcWxBPT0iLCJtYWMiOiIzMmM4ZTI0MzUzNTA3YTcyMzdlZTJjZmU5NGFhMDdiM2I4NDgyZTdjZmQ0OTkwYmExNmZhOGEyOTVjYTM2ZDc0In0=', 'eyJpdiI6IlZmZkhcL0FsRTVSTGpRa21IZzZDS0lRPT0iLCJ2YWx1ZSI6Im1VemV0QitrUDVQY0hib0RBSUU5Znc9PSIsIm1hYyI6IjQ3YzQxZTY1YjlkNmRlYmU5Nzk1NGEzYzI3ODlhZmZlMmU4MDYxMjQ3OGU0MmVjMGU2Y2I2OWYyNzY0ZGJkOWIifQ==', NULL, 'eyJpdiI6IndCOHBlOWJcL2l1cVlSa3VqSGprRnlRPT0iLCJ2YWx1ZSI6Im5sTUlYNGxFUzByZzJoaUNlNjJtYkJnWGtUaEhsbUswZ3VaNmVXNlRKRCswVXJWQitsR29ZY0hpWlBSZFI4MjgiLCJtYWMiOiJiZjQ4MGEzMjgyMGFjMGVmNzY1ZWE4MjJhNjQwMjZlOTAzYmNlNzA3MjE3MTM3YjQ2YjNiZWI2YTFjYmIwMWM1In0=', '2016-10-30 16:25:20', '2016-10-30 16:25:20'),
(16, '2016-10-31', 'eyJpdiI6InV4WGllMENIb2RKK0I4Mm03MVBpbGc9PSIsInZhbHVlIjoiTmNoYVUzOUI2amR4Zmh0XC9RNmFXSXdZYVR1NXRVdWZLaFVzWWw5R2VLK3c9IiwibWFjIjoiZWYxN2M1YzE0ZGUyMTdjMmNmOWYyNjgxZDgyY2ZmNzA4OTBlZWUxMzJlZjQ5ZGVjZDhkYjY0MTk4OWNlYTc2YSJ9', 'eyJpdiI6IlNKUEFmTHlwMllrRWVqcDVIUXFCUUE9PSIsInZhbHVlIjoiMlVSK3pYK1FJRXhcL2VRcFR2c3F6N3c9PSIsIm1hYyI6IjMwYzgyZmYxYWE0OGI4Y2JlNzE0YWNlOWUwNjBmMDc2OTFkY2UzMmM3YTgyNWRlN2IxYWE2NTMyNDhiOTI1MTQifQ==', 'eyJpdiI6IjE2SnZQVGpwRHhCME0xdVdOVnhxQ0E9PSIsInZhbHVlIjoiNFwvNDZQbnpZamNiR1ptSjIwQW9DbFE9PSIsIm1hYyI6IjM4ZjZlNTY0MThiOTM5YjlhMGJkNmJiZmY1YTBkZDZiMGJmODAxZWMyZjc0NTI1OGMyYzlhYzM0ZDkyNDIyNTIifQ==', NULL, 'eyJpdiI6IlwvNUt1WnhHdWRpd00wbnBqcGJKcmpnPT0iLCJ2YWx1ZSI6Iitack5uT3JVekpabDM2YjRiQWQrdVcyb1ZhOUJ6bHU2SVg1Q1JoTzh0VGlrU24yKzRPQjlhRE16TVJDZ09aMzMiLCJtYWMiOiI5MzcwNGI1MGQyMTk0ZTNmYTRmNTA3YzY4ZDZiODcwOWJjMTdlZDk0OTkxZjA2OTI5ZWMyNGEwYmJlMmRmNWM4In0=', '2016-10-31 06:37:48', '2016-10-31 06:37:48'),
(17, '2016-10-31', 'eyJpdiI6InhEV2hrSkZNREFmQnhTOVB3dHNwK0E9PSIsInZhbHVlIjoiS090OW45ZFVsZ1g5OThFRTF4Sm9mYUNsZGV5UEhsWGZIb0Z0ZkFhTE40TT0iLCJtYWMiOiI3ZDZmNDE4ZjNjNjY1ZDYwOGY4ZDY2MmI3MzZiMzQ2MjM1YmQyOTFlMTNhYmM3NTY1MDRlMjhhYmQyMjEzMjI4In0=', 'eyJpdiI6Ilg1ZmlrOWtqZStvWlU3c1BzOURlM1E9PSIsInZhbHVlIjoiZDNkV05VMlJIQlJCc2xybFRkcktBZz09IiwibWFjIjoiNTk1YWQzY2Q3Y2FmZmRhYjI1N2E3NGZhZWRmMTRiNmFlNzUxMWVmM2MyNDM0MWMzOTQyOTU4YTMzYTE0M2JjMyJ9', 'eyJpdiI6IjZ1XC9zRXhcL2I4bTFJcUdWMGNqRDQ1QT09IiwidmFsdWUiOiJ3SENSc05JUVBKMnpYTGFoUXpGbm9BPT0iLCJtYWMiOiI1ZjFlYWNiZDk5YTFhZTUzY2ZhYTk4OWQwNjc5N2E1ODBjOGMwOGE2MjEyMWI0ZDM5NmY2ZTAzYjdiN2IwYjgwIn0=', NULL, 'eyJpdiI6IlhwczRISFwvOTFuNFwvVjl6aFhReEpKZz09IiwidmFsdWUiOiJWcU5mcXBCdkdON2Fkak1DTVV2YmpsMTVrOHlSVkRvSVlzNDR1eEpJcDFjPSIsIm1hYyI6ImQ3NjRiMzhlNWVhODZkMzAwMGU2Y2U0NDllNDI0OGE0YjRkYjgyNDU5NzU2ZjM4ZmU3OGIyMzE3ZmM5N2Q1OGYifQ==', '2016-10-31 06:38:41', '2016-10-31 06:38:41'),
(18, '2016-10-31', 'eyJpdiI6ImRJMk0zWVZRY21XSkNUQkF4TDlBSEE9PSIsInZhbHVlIjoiWU5udlltOHpYZ0g0MnM1cGV0Mm84WTdaY0QwYmZvdytRNnZWTjFNSUJ1cz0iLCJtYWMiOiJmOWUzZjdhNGI0YjE5MTNjYzdjNjJjZDU5MWU0ZDg3YWJkYWM5NWI3NGRlMDI1YzUyNzY3N2EzYTg0YzM3OTg5In0=', 'eyJpdiI6InpuQXA4SFZ2aXYzZ3VQNlNabXMxYnc9PSIsInZhbHVlIjoiY3QyVXJGU3V6N3dtRnduOEUwWFRYdz09IiwibWFjIjoiYzNjNDI1OWJkNmRjMGJhMDE0MzgzNTg2ZDNhNDQzYjgxYmQ5MGMyNjg1ZTE4MzQzNzQ4MGQyZThhN2U2YWUyOCJ9', 'eyJpdiI6IkF6OHpnRklTOCtobW5sRUNLaWZzY2c9PSIsInZhbHVlIjoiNElaV0x4YW8yK0w2cDNJckdPZzB1UT09IiwibWFjIjoiZGVlYzZjYmI1MzEwMmFlNmVhOWZkM2I3NmYxMjdlYjRkNDNhYmRjN2EzOGU2MzA4ODU4ZjVjNzZkNzgzYjE0YiJ9', NULL, 'eyJpdiI6IkNtZ1RJSEJWeUZRSiszUVpjNis0UXc9PSIsInZhbHVlIjoiQ1VTWmpEdXF4UGlkeHo1ZGZRUDZJWGVHWkVaZFZRa29SV2lSWGRFekl1SmN6bXNKZEt2MWoxWTVsZElTSFNHdiIsIm1hYyI6Ijc3ZDI4ZGM3M2IxMjdkNjE1ZjFjNDkzNGQyZjZkYzEyMjg4ZDk1ZjRkZjZhMzNkNGU1YjMxOGE2OTBkMGVkZDIifQ==', '2016-10-31 06:38:48', '2016-10-31 06:38:48'),
(19, '2016-10-31', 'eyJpdiI6IjY4YU82dDlBbEFpMXJOTEhpMnBLK3c9PSIsInZhbHVlIjoieWlTRGJ0OEJWQ2syeUZZSnVtNld4RmZkaklQZnNkdjdLRnJyZVg0MitGUT0iLCJtYWMiOiIyYzhmNTQ5MTYwYTZhODNhNDI1MGY0ZDAwZjRhYzIyMzNhZjI1MGY0NmRkOTZjOGMyOWVhMDRiYWNiNzk2MWQ2In0=', 'eyJpdiI6IlE2SWtzWFVkVFBTeTkxSTJJM05LOGc9PSIsInZhbHVlIjoiRW5DdURUcVlRMXFCWlJLWGE0WjNFZz09IiwibWFjIjoiN2U2ZTQ2NTlhZTlhY2EzOGY3YjJhMjRhNGFmNTNjOTI5YjhmZjZlM2FhZjM4YjUyNTkwNjhmZTcwYjMwMDM4NyJ9', 'eyJpdiI6IlwvSkM5N21iK1ErYUR2Sloya0xDazZBPT0iLCJ2YWx1ZSI6IjlJUzhJSWw0cEFuUUlkTk5oMHRrc0E9PSIsIm1hYyI6IjExZTgxNjAxZWIxOGY2N2VhZDg0MzU2MzAwZmJhZmFmNTE5ZjViMDFlYjIwYmVmZmUxMmE1ZmMwYjcyMjc1NmMifQ==', NULL, 'eyJpdiI6IjVuZTFlUTBNRWRlR2VxVlpIRjVMcnc9PSIsInZhbHVlIjoiNjZEYmZIZ1JZOHpuNkhSZndoeUFDUkZ6NDVobitEZXhNblNJXC81TzVuakRjUVlDUWJRS0Z4K1p2clwvR3oyY2tzIiwibWFjIjoiNjg0OGZjODE3MzczMDMxMTZjZTJkZWNjZTdiYjMzOWYzY2M0MDFjYjQ3YjA0ZDgzYzdhMDdhNzA5NjE0OGUyNSJ9', '2016-10-31 06:39:00', '2016-10-31 06:39:00'),
(20, '2016-10-31', 'eyJpdiI6IlwvZFN0aG4zY1lWcUFzMXJJanR1cVh3PT0iLCJ2YWx1ZSI6Iko1Y1V3cVgxZlVYZ3lFMWZPSGd0VGt2clFDV1ZkdnJMK1I4Zk5waGlCUDQ9IiwibWFjIjoiOGVmMjU0N2E5Njc0MDk0NzUyZjhjN2FhMzJiZTgxMzg3ZDBhYTZiMDI5ZjA0YzViYzU4ZDI5NzkyNDAwYjYzMyJ9', 'eyJpdiI6ImhxYXhoSlM2OVFUWEl0WlRHU1lOY3c9PSIsInZhbHVlIjoiNlpnU0YzZFNzSUdmNFBqM05yMFZOUT09IiwibWFjIjoiYWZmN2FmZTc3YWUwOGVmNDQwNGJiNjRjM2Q3MDI5MGIyMjUzMTM2ZDZjYjZmZTNiYjUxZjc1ZDk4NzNiYTYyZSJ9', 'eyJpdiI6ImVEeUtuWDZPVWhJcmZnNHJvakF4T2c9PSIsInZhbHVlIjoiaWpMUW10bklNUzVFMU9qa3NXd0dtQT09IiwibWFjIjoiYmE4ZjFiMDE2YzZiNjYzYzcxYWE4NDQ2NWU1NTBlNzRlMGYyZGFlMDkwMTcwNmFlZTc4YzhlZDQ5ZGRmZDE5YiJ9', NULL, 'eyJpdiI6IlZxQVNEc1hNcHE5dHVuNVZGbjQ4elE9PSIsInZhbHVlIjoiSHI0QnZvME01RFZuQ0pMbGlYWkZuXC9yb2FEY2thUmFtWFpWbHJEbGhLUUN1T3FvYktvU1JXOWlGV3hGc3duK3IiLCJtYWMiOiJlZDQ4M2YxZjVkMjNkZmE3MmVlODFkZGMyZWQxMDUyMjU3ZmUyMjhkMDQ0ZTQ5MWNiYzRkYWFjNzZmNjdkZjM3In0=', '2016-10-31 06:39:09', '2016-10-31 06:39:09'),
(21, '2016-10-31', 'eyJpdiI6IlNWcURxdlA4NFBpXC9xWkRSekNQNkhBPT0iLCJ2YWx1ZSI6ImZRQW5KWUVTVnhNWkpzSWlKYXpqU2trZmZwamVTeDBtK0JQSzVaajlsN1k9IiwibWFjIjoiNGViMDM5N2E5MGYxYzNhZWMwZjhhNTI0YzJmM2U3ZWE5NGY2MjEwYTMxZWQ3YjhjOWJmNDU0OGMzMjVjYmVjOSJ9', 'eyJpdiI6Im9zTjg5TmJYTzZtVVwvdlEwdjE4RnhnPT0iLCJ2YWx1ZSI6ImJIUGRxdE44RE83NlRSb1VwVzl5eWc9PSIsIm1hYyI6IjgxZDc0NGYzMjA1MmIyYWViMGNmMTY1MmU3M2VjZjZlODI5NDE1MGU2ZmNlZmMyNTIwOWQzNTIwNTRhNTAyMGYifQ==', 'eyJpdiI6Im1yYXoxR09xdUd0NE1xS2hkREQrQ3c9PSIsInZhbHVlIjoiYWx3c0RBc005OTltbVkxdjZBM3FBUT09IiwibWFjIjoiYWM5NDVhZGY5OGM1OTgwMTE0MDU0NjlmMTlhYzUwZDMzZDU5OTRjY2E4ODFiYmQzZTM2ZjhmMWM4NzRjYjgxZiJ9', NULL, 'eyJpdiI6ImVscDNjc0Z5ZXgwbmIrXC84NzR3SGFBPT0iLCJ2YWx1ZSI6IlZoT1JHOGY2SVpKV2UwT0FOQzJuOGpqVWE5cXQxOTFzMEpxZ2RlVVIwT2lSTUwrVzNydjNieFc5YTQyXC9JdFZQIiwibWFjIjoiNzgyMGRhMWZkZjZkYmU0OWE2ZWJkNDY5NTEwMTQ5Yzc3Y2M0ZjdmNzgzZDBkZWY0ZGQzN2VjODFmYzE1ZjQ1MyJ9', '2016-10-31 06:39:18', '2016-10-31 06:39:18'),
(22, '2016-10-31', 'eyJpdiI6IjY3UlQ1cURraHRaenQyN0xHOTJpQnc9PSIsInZhbHVlIjoiUzRvS3M3R29qaCtqWDRcL3BRSXRGMG1SMytCQ3lyRURuZnB1MVRcL0NuOEhNPSIsIm1hYyI6Ijk2MzJhNDJmZjU3NmZkYzkzZWE4YTUzNmI1MzEzYzA0YTQ1N2YyNzY0ZTc4ZjA5OWNiOWQzNzU0ZjZjMjJiMWEifQ==', 'eyJpdiI6IlNRanRKRjkyeE9iR015MUJVZDBGTWc9PSIsInZhbHVlIjoiRWFOMFdCRkdGY0FMNllDcTE4cURqZz09IiwibWFjIjoiMTgwNTkwODYyMzJjMjVlMThiMWNmYzI3NTYxZTIzMmRkZTBlYTA2ZDQwNzY2MWY5NjVhMmMzYTQxMGNhZDc0MiJ9', 'eyJpdiI6IkdsU1JQXC9RNVpDZnB1QnRISG1YRWJBPT0iLCJ2YWx1ZSI6IlNBc3puYnIyRUR5WDFLWU5iK3M1Vnc9PSIsIm1hYyI6IjIwMzFkMzQzMmNlZDQ3YzA3NjBlNjFlNjYyY2JlZmQ3NzQxNDI4NGI4ZDFkNGNhZWNkYWY3MTQwMmZlZTU3ZmUifQ==', NULL, 'eyJpdiI6IjkyUUpsUHlOZkZWaUVmYTlTcm95RWc9PSIsInZhbHVlIjoiYTZjbE11UW4xZm9nNGQyQ2RLMmt2NTRDUFZDT3lId3hBOXFJQnhCaWJYcXVDYXJscmpNbHpqQm5yZDNsdjBUMiIsIm1hYyI6IjcwYzAwZmEwYmQwYWY0YmNmNTY0ZDVmNzE0ZjMxYjJhN2QxZWYzZWU2MjJmOTNlYWZmMWRkMjVkYmM0YzM2MzQifQ==', '2016-10-31 06:39:27', '2016-10-31 06:39:27'),
(23, '2016-10-31', 'eyJpdiI6ImNaU0F4OUR0S3Uwd0hHWWFQUElrMVE9PSIsInZhbHVlIjoiWHlsNkV5Mk5JdUhjOVZsQlgrazZmR3FpdEZCc1hcLzJoc01JRUZTS3gwT289IiwibWFjIjoiMjQ5MmU2ZjIxMTVmZDBkZTM2YTgzMjJhN2U1YjE3NjE2YzExYTRkNTI5ZGFkYTk0YTI5YjNjYTZkZTVmNDc5OCJ9', 'eyJpdiI6IjZoNE8zTlhvVExySVdLUEs0OGJYK1E9PSIsInZhbHVlIjoibGZaM25cL2dMV21KdEtEc2ZoenlxMGc9PSIsIm1hYyI6Ijg1OGMwZmY0MDY2ZjQzYTU0MmJjNzIzYzU0YjdiODA0YTY0NTUyNjAzZTc2YzQyMzg0MmRkNjBjZGNhZjMyNjEifQ==', 'eyJpdiI6IlV2ZjRJMVlEZGMxNmV4bmd1UGN3VHc9PSIsInZhbHVlIjoianRXUVcxOVFNUTNnR2RcL2ZWWWdiaVE9PSIsIm1hYyI6ImE1ZGExNGRhNjk5ZTlkNWQ0YjZmMmNlZmM3Y2QzNTQzOWY0ZGFmMWI4Yzk2NTk3ZmIwZmU0NDRhMjljNTMwMzkifQ==', NULL, 'eyJpdiI6ImhncWpDaW43K2p6VDROWFRlOTVwUlE9PSIsInZhbHVlIjoiMUlNZmxaeXplMWJOaFVnNk04djVQWEkwcUFxOU1hSUFjMmxjZUtmVUhJWT0iLCJtYWMiOiJhY2U3MjAzZGJiMDg5ZjQ4NzM2NzE1OWE0YzgxNGFiNGQ2YzJkYWQ4ZDdhNjRmNzFiZDMyN2E5OWI3ZjYwZmEwIn0=', '2016-10-31 06:39:38', '2016-10-31 06:39:38'),
(24, '2016-10-31', 'eyJpdiI6IkpuYjkxK0E4WmpuSU95Q3ZHeThJSWc9PSIsInZhbHVlIjoiRXBRUzRJM3ZxWlwvS1JQbzRXZWszalRXbFpFYUJtQVArUXppQ3BHUGEwWXc9IiwibWFjIjoiOTRkZjUxOTllMWE1NWYzMzJjYTU0NWI3NWQ5NWUwM2NiNDBjZWVkZGFjOTNiNDM1MzA4MmYwNDczYTJjNDZlNSJ9', 'eyJpdiI6ImpWcFNRbkNzYjNmbVhWNTNcL0habDh3PT0iLCJ2YWx1ZSI6IkpxaDJ2emc4NzQ0TTlCVnpOd2tcLzRRPT0iLCJtYWMiOiI2YjU3ZWUyNGQ5M2IwMWQ2MmM5OThlMWE3YmJjNjcwOGU4ZGJkZmE1NDNjZTg0MjdhNzFmNWJlNWNmMzc5NTkxIn0=', 'eyJpdiI6Ik5HQTBacExGcU1ubUNSRktoa3FkVlE9PSIsInZhbHVlIjoiN0hrRGlKQUEzUmRzOTlNcHpMaEJoQT09IiwibWFjIjoiMjEyZWQ2MTNmZjIzM2MzYjZmMmQyZTczMDA5NWRlYTE3N2I5NzNjNDViZWFjMmJlMzRkMTg1YzI1Yjk1ODg3OCJ9', NULL, 'eyJpdiI6IkxTZFlwbTgrN1wvRHIrWXBQM2t5V0FBPT0iLCJ2YWx1ZSI6Im9kQUxpSjFIakJ4NzVlM3pCRVduMFRWNXhERkljMnZUclU2bytlOWVMTFNFdHRsbHpjTVhSZkF5TnRxUXBRbmwiLCJtYWMiOiIyMjk2ZTdhOTk2ODJkODFhY2JjYmVlMTY4NjgyNTgzMDkwNzE0MzQzNjAxMzMzNjVmOTU4MjA4YTM4ZGY5ZTA2In0=', '2016-10-31 06:39:49', '2016-10-31 06:39:49'),
(25, '2016-10-31', 'eyJpdiI6IjBmTlB4YW5acXRuN1pcLzRUQUdmOUxRPT0iLCJ2YWx1ZSI6IkpRXC8wZkk2Z2djS1J2WU9ER0t5QlEyUUs0VGMzWTBsRml1UFhSUzd4UnprPSIsIm1hYyI6ImM1ZDE4M2IzNjMxMmY3ODhjMzU2NDNlNDQxNGQ3YmY2NmMwMjY0MWU3NmI5Y2Y0NWQ3ZDg0N2IzYWE4ZjNlYTgifQ==', 'eyJpdiI6ImFaZG0wRkVlaWNGMFlsMThLZnJtZ2c9PSIsInZhbHVlIjoiWW1wY1BtNDdsV1dGZzJMeThtTkp0UT09IiwibWFjIjoiNzFiMmRhZTRjMWYxNmYxNGIwZWFiYjRlNjY5NzRlMjczZjYyN2IzMjBlMTM2NGY0ZDcwMTQ4Mjg1NDA2NGNkZCJ9', 'eyJpdiI6InBoR1BkdEdYbzFoWm9OdDV4NjlMM1E9PSIsInZhbHVlIjoiMjJ1OEZlenp3c0tDaHJ2R1JubEFudz09IiwibWFjIjoiZDlhYTY2ZTIyMmMwMDQzY2YwMDE5ODE5ODdlYmViNzAyNTk1MWVjZGY1ZWMyMTQ2ZTVlOTY4Njk4ODc1Y2JmNyJ9', NULL, 'eyJpdiI6InF6UDE2dDhjQnhoemJWXC9COXNhNUhRPT0iLCJ2YWx1ZSI6IjhoeTVxZ012MTUyVG1tcWZNa2UrQVF4dlp0bUZYcmV0MFwvRTJyM1wvSGMyV1NqVkdxb2pZUllqZjZ4bXRcLzhxYWkiLCJtYWMiOiJlNzIyMDhiNTQzYjBhM2U5NjE4MThmNGMxZTc2ZDllZDY2Yzk5OTZiNGI3MGYxYTUxNWVlZTI4MjgyZGZjOTk2In0=', '2016-10-31 06:40:01', '2016-10-31 06:40:01'),
(26, '2016-11-15', 'eyJpdiI6IjdYOTZ1TEpiWkMyZjJnYmJqVFdvSVE9PSIsInZhbHVlIjoiYTRWeXBVT3kwVXp0WmtzNUdBQWl1T2s4dkZvbVlQVjRlblg2Z2wrVzQ0ND0iLCJtYWMiOiI5NjBmYjlmMjUzODBlOTRmZTQ0MTY5OTIyZDlkMDFmNDExZjhjYzg1OTRlZTgxNzM5YTEwN2ZjMmFiMjRkYjJjIn0=', 'eyJpdiI6IktWbzRzS0ptNXdSNXpOUXQweW9vbUE9PSIsInZhbHVlIjoiSkxpSm5PSlpaR1ZqeEY4SDVlWHNhQT09IiwibWFjIjoiOGYwNjZiMGY4Y2M1Njk0YzQ0MDI4YTkwNjViNTFjYzIwODk1ZDZkYjcyYWY5Y2I4N2NiMmNkNzA2OWQzNGJlMSJ9', 'eyJpdiI6InNKR3U5dTJXSllWdUFoOW5VSFB3WlE9PSIsInZhbHVlIjoic2s2YlB2TEI4MWlKbjdTSkNzbnZldz09IiwibWFjIjoiMzU5M2ZlNTY1MzAzZWNlMDgwMGU2YmQ0MTJkNjFmNTgzNzY4MWE5NmEwYTg0ZDVhZWM3MGM0MjU5YTY2YTlkYiJ9', NULL, 'eyJpdiI6InMrRFFWYzNzSXd1MmlSSDIyVEhkS3c9PSIsInZhbHVlIjoiUFY2VDFYcFpoM0lOOGZ1YUp1RlZxYlBucHNSZmp2OWFhTkY4OEY4VXhEMTBpRm1ZdEtDV0g3MlVhUFwvbiswZnkiLCJtYWMiOiIwNTMzMGJkZmM2NmQ2MGZkMjNhNWQ0ODJkYTMyZDlkOTVjZjM0OWE4M2YwNDBiODI4MjdiODEwOTU2M2IzNjc3In0=', '2016-11-15 08:14:58', '2016-11-15 08:14:58'),
(27, '2016-11-16', 'eyJpdiI6IjFWU0xnZ3MwclV2ejhRZ2NRdzNjdlE9PSIsInZhbHVlIjoiakZ2NXVYZzdwRllHNzlOUVRnaWlwTTZueFNjNFd4NWF5dUttVUV0STBcL1U9IiwibWFjIjoiMTMyODcwOGI4MzkzZmM4ODExODdjZTc0NjA3Y2Q5NjYyODdmOGFmMjFjNjgxZDRhOTcwNjFmOWU0ZDVjMGVhOCJ9', 'eyJpdiI6ImF5TjFGT1RzZHQxVlJ4MkRNcjI0bGc9PSIsInZhbHVlIjoicHhuanlhaXJSYk5QVTdmYmt6b1UzZz09IiwibWFjIjoiN2E2MzYyNjVhY2RmNTI1MGI5ODNjY2I4ZTY5ZWRmZTg2MmJiM2I1NzRmZDk0YjU4MjRhMTRmOGY0YjgxY2M3YSJ9', 'eyJpdiI6InhFcHlJTWczN2orVzVFa2IrU0d4NkE9PSIsInZhbHVlIjoiUlY1WjZLaFRHam5aMEJqZlBUekJhUT09IiwibWFjIjoiOWMzYmVmZWNjNmQxZTViZjBiN2I3MTY4NGM5YmE4M2VjNjZiZjQxYjYxNDMzZTA3M2Y1ODAwZGNiZDM1ZDczMyJ9', NULL, 'eyJpdiI6ImswZWV4OXFFaWswTWw2aTdPSUVsQXc9PSIsInZhbHVlIjoiU1VaTWQ4c1wvNCs4ZG5kMDBSNWRPQU0wVElLbjQ0ZVB1dUtRTWx3dUdmcEUzcVhmOXgzdkR6MGljV2g3NkNYVVoiLCJtYWMiOiJjMzFmOWZhZjcxYTdhYmYzOTExNTU2ZWE3NTljMDYxM2FjMGZjYjlhYjczMTFjZjAzNTYyNGNiNGQ5ZDNiMDg2In0=', '2016-11-16 12:14:52', '2016-11-16 12:14:52'),
(28, '2016-11-16', 'eyJpdiI6IlwvNGJKUklXTVdQekY2YnpDSkFIem9RPT0iLCJ2YWx1ZSI6ImcrTHdHNXlnaFhDYU95ekdkaHc0NGpFY0FpRHhLR3ZmYnROclo1citGZ2c9IiwibWFjIjoiMmUxNWU2OTk5Mzk5YmRmZjQ0MDhiMDkxOGIzYzJiMDA3YjMzODc4MzE5OGYxOGZlZDI2ZjU2OTZiMjZkYTkzNCJ9', 'eyJpdiI6IlRvN1FWMzdLbmJTNncyWGcxUFwvS25BPT0iLCJ2YWx1ZSI6InBxNkg5K2tRSzhJM1NCTW1sWFVIMXc9PSIsIm1hYyI6Ijg3OGFjMTg0ZTc3NDEwNmFiMDJiNDY1YWI2MjBmZTA5NGI3NWIxZGVhMWRlZjE5NjQwZDUxMGMxZDQxNGFiYjYifQ==', 'eyJpdiI6Ind2TVllWEJ1c1ZSUVdQWitcLzVrMHBBPT0iLCJ2YWx1ZSI6Im5IY0xsR1B1VzRvdjJ4UkMwS1A5Rmc9PSIsIm1hYyI6ImUwYTQ0OTBjYjU0NWNiNWI3YzViMDEwMWJkYWY3ZmExYWQyNjdhOTNkMmMwNDNiNGI1ZDQ1NTE4Yzg2Y2EzNDgifQ==', NULL, 'eyJpdiI6ImowXC9VS1FkbmxnMVQzMHAyZnE1WFNnPT0iLCJ2YWx1ZSI6IllcLzFoOWhvQUJtS3JlN2dWQzFXbTVDWlpaKyt6ZHFGelwvNTZaWFM0b21EclFaeDc3N3JPQlwvRVJBNGRCWFROV24iLCJtYWMiOiJiOTVmYTAzOTNlZjA5ZjQwYjM1YjY2N2I2NmY0YTg0NjEyMDBmNGRjMDE2YTMwNDhiOWFjMWUxOThiZTcxNTAyIn0=', '2016-11-16 19:48:18', '2016-11-16 19:48:18'),
(29, '2016-11-17', 'eyJpdiI6Ik4yWjdySDV4R3RzRnNhaXVDb25RU1E9PSIsInZhbHVlIjoiUEVTQmE0SzlKMDNWWkQxeG1nNys4TFJhVzU2WkRLd3ZOaE9YWGpyQW1MQT0iLCJtYWMiOiI1ZWU4OGQxNTgyNTZmZTQyNjFmZTc2ZWRhZGJhMGUwMTUwZTNiNGFkYTIzNGNhMTQ2ODMyNzJlYzMyOTEzN2YxIn0=', 'eyJpdiI6Ik1Zb1d2bW1OMURFWk5YUjczUGk5dVE9PSIsInZhbHVlIjoiOXBEenhnNE1PdENaT2t1YkRhckNMUT09IiwibWFjIjoiNzczMjFkMTg5OTZlODA3MjU0ZDVhMjc5ZjdiOGJiMmQ1YzQ2YmYxMTgyNjM0NGY0MTY5MjAzZjRiYzgwYmNlMiJ9', 'eyJpdiI6IlYyRUcwc1VjK0x1eStaTGYzbUg2TGc9PSIsInZhbHVlIjoiZnRLOVFOM3pacmFFWlhJSUIyN2RCQT09IiwibWFjIjoiYTRiNjM0MTZkNDE4ODI2OTdmMmY3ZjA0MjE4NGVjYjhhZTU0Y2RhNGQwYTlkNzcyNmMyMTQ0MmYyNjZkMzdiMCJ9', NULL, 'eyJpdiI6IkpIN0ZjK0pPakNab0ZWSndYRVFSdkE9PSIsInZhbHVlIjoiWDNTSEswcDJFd01teithd2NYNXREK2FtQWVuaHZxZ3JsYVJiQ003RHBGZU9ycXpyMjBTUWRic3Y3TXhVU2JkViIsIm1hYyI6IjE1MTRiMjRiZDdlZTIyZjZlNDhhNTFlZmNlYzljODQ1ZjVkYmQzZmJiNWIxMjNjZTMzNTY4NmIwZjRmZTdhNjAifQ==', '2016-11-17 12:40:37', '2016-11-17 12:40:37');

-- --------------------------------------------------------

--
-- Table structure for table `autoprocesses`
--

CREATE TABLE `autoprocesses` (
  `id` int(10) UNSIGNED NOT NULL,
  `date` date NOT NULL,
  `is_completed` tinyint(1) NOT NULL DEFAULT '0',
  `category` varchar(255) COLLATE utf8_unicode_ci NOT NULL,
  `product_id` int(11) NOT NULL,
  `created_at` timestamp NOT NULL DEFAULT '0000-00-00 00:00:00',
  `updated_at` timestamp NOT NULL DEFAULT '0000-00-00 00:00:00'
) ENGINE=InnoDB DEFAULT CHARSET=utf8 COLLATE=utf8_unicode_ci;

-- --------------------------------------------------------

--
-- Table structure for table `banking`
--

CREATE TABLE `banking` (
  `id` int(10) UNSIGNED NOT NULL,
  `account_from` varchar(255) COLLATE utf8_unicode_ci NOT NULL,
  `account_to` varchar(255) COLLATE utf8_unicode_ci NOT NULL,
  `amount` double NOT NULL,
  `created_at` timestamp NOT NULL DEFAULT '0000-00-00 00:00:00',
  `updated_at` timestamp NOT NULL DEFAULT '0000-00-00 00:00:00'
) ENGINE=InnoDB DEFAULT CHARSET=utf8 COLLATE=utf8_unicode_ci;

-- --------------------------------------------------------

--
-- Table structure for table `banks`
--

CREATE TABLE `banks` (
  `id` int(10) UNSIGNED NOT NULL,
  `bank_name` varchar(255) COLLATE utf8_unicode_ci NOT NULL,
  `organization_id` int(10) UNSIGNED NOT NULL DEFAULT '0',
  `created_at` timestamp NOT NULL DEFAULT '0000-00-00 00:00:00',
  `updated_at` timestamp NOT NULL DEFAULT '0000-00-00 00:00:00'
) ENGINE=InnoDB DEFAULT CHARSET=utf8 COLLATE=utf8_unicode_ci;

--
-- Dumping data for table `banks`
--

INSERT INTO `banks` (`id`, `bank_name`, `organization_id`, `created_at`, `updated_at`) VALUES
(1, 'Equity Bank', 1, '0000-00-00 00:00:00', '0000-00-00 00:00:00'),
(2, 'Krep Bank', 1, '0000-00-00 00:00:00', '0000-00-00 00:00:00'),
(3, 'CO-Operative Bank', 1, '0000-00-00 00:00:00', '0000-00-00 00:00:00'),
(4, 'Family Bank', 1, '0000-00-00 00:00:00', '0000-00-00 00:00:00'),
(5, 'Barclays Bank', 1, '0000-00-00 00:00:00', '0000-00-00 00:00:00'),
(6, 'Kenya Commercial Bank', 1, '0000-00-00 00:00:00', '0000-00-00 00:00:00'),
(7, 'Chase Bank', 1, '0000-00-00 00:00:00', '0000-00-00 00:00:00'),
(8, 'Bank of Africa', 1, '0000-00-00 00:00:00', '0000-00-00 00:00:00'),
(9, 'COnsolidated Bank', 1, '0000-00-00 00:00:00', '0000-00-00 00:00:00'),
(10, 'CFC Stanbic Holdings Bank', 1, '0000-00-00 00:00:00', '0000-00-00 00:00:00'),
(11, 'Diamond Trust Bank', 1, '0000-00-00 00:00:00', '0000-00-00 00:00:00');

-- --------------------------------------------------------

--
-- Table structure for table `bank_accounts`
--

CREATE TABLE `bank_accounts` (
  `id` int(10) UNSIGNED NOT NULL,
  `bank_name` varchar(100) COLLATE utf8_unicode_ci NOT NULL,
  `account_name` varchar(100) COLLATE utf8_unicode_ci NOT NULL,
  `account_number` varchar(20) COLLATE utf8_unicode_ci NOT NULL,
  `created_at` timestamp NOT NULL DEFAULT '0000-00-00 00:00:00',
  `updated_at` timestamp NOT NULL DEFAULT '0000-00-00 00:00:00'
) ENGINE=InnoDB DEFAULT CHARSET=utf8 COLLATE=utf8_unicode_ci;

--
-- Dumping data for table `bank_accounts`
--

INSERT INTO `bank_accounts` (`id`, `bank_name`, `account_name`, `account_number`, `created_at`, `updated_at`) VALUES
(1, 'KCB Bank', 'Stevie Mwas', '1301325847925', '2016-10-18 13:04:19', '2016-10-18 13:04:19'),
(2, 'Equity Bank', 'Stevie Mwas', '1548486487468', '2016-10-30 20:12:23', '2016-10-30 20:12:23');

-- --------------------------------------------------------

--
-- Table structure for table `bank_branches`
--

CREATE TABLE `bank_branches` (
  `id` int(10) UNSIGNED NOT NULL,
  `branch_code` varchar(30) COLLATE utf8_unicode_ci NOT NULL,
  `bank_branch_name` varchar(255) COLLATE utf8_unicode_ci NOT NULL,
  `organization_id` int(10) UNSIGNED NOT NULL DEFAULT '0',
  `created_at` timestamp NOT NULL DEFAULT '0000-00-00 00:00:00',
  `updated_at` timestamp NOT NULL DEFAULT '0000-00-00 00:00:00'
) ENGINE=InnoDB DEFAULT CHARSET=utf8 COLLATE=utf8_unicode_ci;

-- --------------------------------------------------------

--
-- Table structure for table `bank_statements`
--

CREATE TABLE `bank_statements` (
  `id` int(10) UNSIGNED NOT NULL,
  `bank_account_id` int(10) UNSIGNED NOT NULL,
  `bal_bd` float(8,2) NOT NULL,
  `adj_bal_bd` float(8,2) NOT NULL,
  `stmt_month` varchar(255) COLLATE utf8_unicode_ci NOT NULL,
  `is_reconciled` tinyint(1) NOT NULL,
  `created_at` timestamp NOT NULL DEFAULT '0000-00-00 00:00:00',
  `updated_at` timestamp NOT NULL DEFAULT '0000-00-00 00:00:00'
) ENGINE=InnoDB DEFAULT CHARSET=utf8 COLLATE=utf8_unicode_ci;

--
-- Dumping data for table `bank_statements`
--

INSERT INTO `bank_statements` (`id`, `bank_account_id`, `bal_bd`, `adj_bal_bd`, `stmt_month`, `is_reconciled`, `created_at`, `updated_at`) VALUES
(1, 1, 40950.00, 40950.00, '06-2016', 1, '2016-06-18 13:44:10', '2016-07-02 19:31:19'),
(2, 2, 40950.00, 0.00, '10-2016', 0, '2016-11-22 13:06:52', '2016-11-22 13:06:52');

-- --------------------------------------------------------

--
-- Table structure for table `branches`
--

CREATE TABLE `branches` (
  `id` int(10) UNSIGNED NOT NULL,
  `name` varchar(255) COLLATE utf8_unicode_ci NOT NULL,
  `created_at` timestamp NOT NULL DEFAULT '0000-00-00 00:00:00',
  `updated_at` timestamp NOT NULL DEFAULT '0000-00-00 00:00:00'
) ENGINE=InnoDB DEFAULT CHARSET=utf8 COLLATE=utf8_unicode_ci;

--
-- Dumping data for table `branches`
--

INSERT INTO `branches` (`id`, `name`, `created_at`, `updated_at`) VALUES
(1, 'Head Office', '2016-06-30 04:31:12', '2016-06-30 04:31:12');

-- --------------------------------------------------------

--
-- Table structure for table `categories`
--

CREATE TABLE `categories` (
  `id` int(10) UNSIGNED NOT NULL,
  `name` varchar(255) COLLATE utf8_unicode_ci NOT NULL,
  `description` text COLLATE utf8_unicode_ci,
  `created_at` timestamp NOT NULL DEFAULT '0000-00-00 00:00:00',
  `updated_at` timestamp NOT NULL DEFAULT '0000-00-00 00:00:00'
) ENGINE=InnoDB DEFAULT CHARSET=utf8 COLLATE=utf8_unicode_ci;

-- --------------------------------------------------------

--
-- Table structure for table `charges`
--

CREATE TABLE `charges` (
  `id` int(10) UNSIGNED NOT NULL,
  `name` varchar(255) COLLATE utf8_unicode_ci NOT NULL,
  `category` varchar(255) COLLATE utf8_unicode_ci NOT NULL,
  `calculation_method` varchar(255) COLLATE utf8_unicode_ci NOT NULL,
  `payment_method` varchar(255) COLLATE utf8_unicode_ci NOT NULL,
  `percentage_of` varchar(255) COLLATE utf8_unicode_ci DEFAULT NULL,
  `amount` float(10,0) NOT NULL,
  `fee` tinyint(1) NOT NULL,
  `created_at` timestamp NOT NULL DEFAULT '0000-00-00 00:00:00',
  `updated_at` timestamp NOT NULL DEFAULT '0000-00-00 00:00:00',
  `disabled` tinyint(1) DEFAULT '0'
) ENGINE=InnoDB DEFAULT CHARSET=utf8 COLLATE=utf8_unicode_ci;

-- --------------------------------------------------------

--
-- Table structure for table `charge_loanproduct`
--

CREATE TABLE `charge_loanproduct` (
  `id` int(10) UNSIGNED NOT NULL,
  `charge_id` int(10) UNSIGNED NOT NULL,
  `loanproduct_id` int(10) UNSIGNED NOT NULL,
  `created_at` timestamp NOT NULL DEFAULT '0000-00-00 00:00:00',
  `updated_at` timestamp NOT NULL DEFAULT '0000-00-00 00:00:00'
) ENGINE=InnoDB DEFAULT CHARSET=utf8 COLLATE=utf8_unicode_ci;

-- --------------------------------------------------------

--
-- Table structure for table `charge_savingproduct`
--

CREATE TABLE `charge_savingproduct` (
  `id` int(10) UNSIGNED NOT NULL,
  `charge_id` int(10) UNSIGNED NOT NULL,
  `savingproduct_id` int(10) UNSIGNED NOT NULL,
  `created_at` timestamp NOT NULL DEFAULT '0000-00-00 00:00:00',
  `updated_at` timestamp NOT NULL DEFAULT '0000-00-00 00:00:00'
) ENGINE=InnoDB DEFAULT CHARSET=utf8 COLLATE=utf8_unicode_ci;

-- --------------------------------------------------------

--
-- Table structure for table `claim_receipts`
--

CREATE TABLE `claim_receipts` (
  `id` int(10) UNSIGNED NOT NULL,
  `claim_id` int(10) UNSIGNED DEFAULT NULL,
  `receipt_from` varchar(255) COLLATE utf8_unicode_ci NOT NULL,
  `transaction_date` date NOT NULL,
  `status` varchar(255) COLLATE utf8_unicode_ci NOT NULL,
  `created_at` timestamp NOT NULL DEFAULT '0000-00-00 00:00:00',
  `updated_at` timestamp NOT NULL DEFAULT '0000-00-00 00:00:00'
) ENGINE=InnoDB DEFAULT CHARSET=utf8 COLLATE=utf8_unicode_ci;

--
-- Dumping data for table `claim_receipts`
--

INSERT INTO `claim_receipts` (`id`, `claim_id`, `receipt_from`, `transaction_date`, `status`, `created_at`, `updated_at`) VALUES
(1, 1, 'Nakumatt Supermarket', '2016-11-09', 'Payed', '2016-11-23 21:13:04', '2016-11-24 12:24:07'),
(2, 1, 'Shell', '2016-11-09', 'Payed', '2016-11-24 07:27:15', '2016-11-24 12:24:07'),
(3, 2, 'Uchumi Supermarket', '2016-11-18', 'Declined', '2016-11-25 07:48:14', '2016-11-27 19:19:59');

-- --------------------------------------------------------

--
-- Table structure for table `claim_receipt_items`
--

CREATE TABLE `claim_receipt_items` (
  `id` int(10) UNSIGNED NOT NULL,
  `claimReceiptID` int(10) UNSIGNED NOT NULL,
  `description` varchar(255) COLLATE utf8_unicode_ci NOT NULL,
  `quantity` int(10) UNSIGNED NOT NULL,
  `unit_price` double NOT NULL,
  `created_at` timestamp NOT NULL DEFAULT '0000-00-00 00:00:00',
  `updated_at` timestamp NOT NULL DEFAULT '0000-00-00 00:00:00'
) ENGINE=InnoDB DEFAULT CHARSET=utf8 COLLATE=utf8_unicode_ci;

--
-- Dumping data for table `claim_receipt_items`
--

INSERT INTO `claim_receipt_items` (`id`, `claimReceiptID`, `description`, `quantity`, `unit_price`, `created_at`, `updated_at`) VALUES
(1, 1, 'Loaves of Bread', 6, 52, '2016-11-23 21:13:04', '2016-11-23 21:13:04'),
(2, 1, 'Tea Leaves Packet', 2, 255, '2016-11-23 21:13:04', '2016-11-23 21:13:04'),
(3, 1, 'Coffee packet', 1, 210, '2016-11-23 21:13:04', '2016-11-23 21:13:04'),
(4, 2, '10 Litres of Petrol', 10, 102.2, '2016-11-24 07:27:15', '2016-11-24 07:27:15'),
(5, 3, 'White Bread 400g', 2, 49, '2016-11-25 07:48:14', '2016-11-25 07:48:14'),
(6, 3, 'Brown Bread 400g', 1, 49, '2016-11-25 07:48:14', '2016-11-25 07:48:14'),
(7, 3, 'Nzoia Sugar 2KG', 1, 272, '2016-11-25 07:48:14', '2016-11-25 07:48:14');

-- --------------------------------------------------------

--
-- Table structure for table `clients`
--

CREATE TABLE `clients` (
  `id` int(10) UNSIGNED NOT NULL,
  `name` varchar(255) COLLATE utf8_unicode_ci NOT NULL,
  `date` date NOT NULL,
  `email` varchar(255) COLLATE utf8_unicode_ci DEFAULT NULL,
  `phone` varchar(255) COLLATE utf8_unicode_ci DEFAULT NULL,
  `address` varchar(255) COLLATE utf8_unicode_ci DEFAULT NULL,
  `contact_person` varchar(255) COLLATE utf8_unicode_ci DEFAULT NULL,
  `contact_person_phone` varchar(255) COLLATE utf8_unicode_ci DEFAULT NULL,
  `contact_person_email` varchar(255) COLLATE utf8_unicode_ci DEFAULT NULL,
  `type` varchar(255) COLLATE utf8_unicode_ci NOT NULL,
  `created_at` timestamp NOT NULL DEFAULT CURRENT_TIMESTAMP,
  `updated_at` timestamp NOT NULL DEFAULT CURRENT_TIMESTAMP ON UPDATE CURRENT_TIMESTAMP,
  `user_id` int(10) UNSIGNED DEFAULT NULL
) ENGINE=InnoDB DEFAULT CHARSET=utf8 COLLATE=utf8_unicode_ci;

--
-- Dumping data for table `clients`
--

INSERT INTO `clients` (`id`, `name`, `date`, `email`, `phone`, `address`, `contact_person`, `contact_person_phone`, `contact_person_email`, `type`, `created_at`, `updated_at`, `user_id`) VALUES
(1, 'Chicken INN', '2016-07-04', 'chickeninn@gmail.com', '0724635422', '234 Nairobi', 'Juma Mohammed', '0735223365', 'juma@gmail.com', 'Customer', '2016-07-04 03:46:00', '2016-07-04 03:46:00', NULL),
(2, 'Hass Energy', '2016-07-04', 'info@hass.co.ke', '0725621233', '87 Nairobi', 'Moses Kinyua', '0735879642', 'mosesk@gmail.com', 'Supplier', '2016-07-04 03:47:22', '2016-07-04 03:47:22', NULL),
(3, 'Lixonet Technologies', '2016-08-15', 'info@lixonet.co.ke', '02078489545', '1725-20100, Nakuru', 'Paul Njocha', '0725849365', 'njochap@lixonet.co.ke', 'Customer', '2016-08-15 11:04:19', '2016-08-15 11:04:19', NULL),
(4, 'NiziMwas', '2016-08-22', 'nehigna@gmail.com', '0706595191', '1234-20100 Nakuru', 'Stevie Mwas', '0706595191', 'nehigna@gmail.com', 'Customer', '2016-08-22 10:35:59', '2016-09-08 05:17:36', 2),
(5, 'Datinum Core', '2016-08-23', 'mwaste7@yahoo.com', '0725489751', NULL, NULL, NULL, NULL, 'Supplier', '2016-08-23 04:55:17', '2016-08-23 04:55:17', 3),
(6, 'Ayienda Josephine', '2016-09-14', 'ayiejose@gmail.com', '0778459625', '', '', '', '', 'Customer', '2016-09-14 08:42:08', '2016-09-14 08:42:08', NULL),
(7, 'Wangui Ken', '2016-09-14', 'wanguke@gmail.com', '0748512958', '', '', '', '', 'Supplier', '2016-09-14 08:42:44', '2016-09-14 08:42:44', NULL);

-- --------------------------------------------------------

--
-- Table structure for table `company_property`
--

CREATE TABLE `company_property` (
  `id` int(10) UNSIGNED NOT NULL,
  `employee_id` int(10) UNSIGNED NOT NULL DEFAULT '0',
  `property_name` varchar(255) COLLATE utf8_unicode_ci NOT NULL,
  `property_description` text COLLATE utf8_unicode_ci,
  `property_serial_number` varchar(255) COLLATE utf8_unicode_ci NOT NULL,
  `property_digital_serial_number` varchar(255) COLLATE utf8_unicode_ci NOT NULL,
  `issued_by` varchar(255) COLLATE utf8_unicode_ci NOT NULL,
  `property_issue_date` date NOT NULL,
  `property_return_date` date NOT NULL,
  `property_amount` double(15,2) NOT NULL DEFAULT '0.00',
  `returned` char(1) COLLATE utf8_unicode_ci NOT NULL,
  `received_by` varchar(255) COLLATE utf8_unicode_ci NOT NULL,
  `created_at` timestamp NOT NULL DEFAULT '0000-00-00 00:00:00',
  `updated_at` timestamp NOT NULL DEFAULT '0000-00-00 00:00:00'
) ENGINE=InnoDB DEFAULT CHARSET=utf8 COLLATE=utf8_unicode_ci;

-- --------------------------------------------------------

--
-- Table structure for table `currencies`
--

CREATE TABLE `currencies` (
  `id` int(10) UNSIGNED NOT NULL,
  `name` varchar(255) COLLATE utf8_unicode_ci NOT NULL,
  `shortname` varchar(255) COLLATE utf8_unicode_ci NOT NULL,
  `created_at` timestamp NOT NULL DEFAULT '0000-00-00 00:00:00',
  `updated_at` timestamp NOT NULL DEFAULT '0000-00-00 00:00:00'
) ENGINE=InnoDB DEFAULT CHARSET=utf8 COLLATE=utf8_unicode_ci;

--
-- Dumping data for table `currencies`
--

INSERT INTO `currencies` (`id`, `name`, `shortname`, `created_at`, `updated_at`) VALUES
(1, 'Kenyan Shillings', 'KES', '2016-06-30 04:31:13', '2016-06-30 04:31:13');

-- --------------------------------------------------------

--
-- Table structure for table `deductions`
--

CREATE TABLE `deductions` (
  `id` int(10) UNSIGNED NOT NULL,
  `deduction_name` varchar(255) COLLATE utf8_unicode_ci NOT NULL,
  `organization_id` int(10) UNSIGNED NOT NULL DEFAULT '0',
  `created_at` timestamp NOT NULL DEFAULT '0000-00-00 00:00:00',
  `updated_at` timestamp NOT NULL DEFAULT '0000-00-00 00:00:00'
) ENGINE=InnoDB DEFAULT CHARSET=utf8 COLLATE=utf8_unicode_ci;

--
-- Dumping data for table `deductions`
--

INSERT INTO `deductions` (`id`, `deduction_name`, `organization_id`, `created_at`, `updated_at`) VALUES
(1, 'Salary Advance', 1, '0000-00-00 00:00:00', '0000-00-00 00:00:00'),
(2, 'Loans', 1, '0000-00-00 00:00:00', '0000-00-00 00:00:00'),
(3, 'Savings', 1, '0000-00-00 00:00:00', '0000-00-00 00:00:00'),
(4, 'Breakages and spoilages', 1, '0000-00-00 00:00:00', '0000-00-00 00:00:00');

-- --------------------------------------------------------

--
-- Table structure for table `departments`
--

CREATE TABLE `departments` (
  `id` int(10) UNSIGNED NOT NULL,
  `department_name` varchar(255) COLLATE utf8_unicode_ci NOT NULL,
  `organization_id` int(10) UNSIGNED NOT NULL DEFAULT '0',
  `created_at` timestamp NOT NULL DEFAULT '0000-00-00 00:00:00',
  `updated_at` timestamp NOT NULL DEFAULT '0000-00-00 00:00:00'
) ENGINE=InnoDB DEFAULT CHARSET=utf8 COLLATE=utf8_unicode_ci;

--
-- Dumping data for table `departments`
--

INSERT INTO `departments` (`id`, `department_name`, `organization_id`, `created_at`, `updated_at`) VALUES
(1, 'Information Technology', 1, '0000-00-00 00:00:00', '0000-00-00 00:00:00'),
(2, 'Management', 1, '0000-00-00 00:00:00', '0000-00-00 00:00:00'),
(3, 'Marketing', 1, '0000-00-00 00:00:00', '0000-00-00 00:00:00'),
(4, 'Finance', 1, '0000-00-00 00:00:00', '0000-00-00 00:00:00'),
(5, 'Human Resource', 1, '0000-00-00 00:00:00', '0000-00-00 00:00:00');

-- --------------------------------------------------------

--
-- Table structure for table `documents`
--

CREATE TABLE `documents` (
  `id` int(10) UNSIGNED NOT NULL,
  `employee_id` int(10) UNSIGNED NOT NULL DEFAULT '0',
  `document_name` varchar(255) COLLATE utf8_unicode_ci NOT NULL,
  `document_path` varchar(255) COLLATE utf8_unicode_ci NOT NULL,
  `created_at` timestamp NOT NULL DEFAULT '0000-00-00 00:00:00',
  `updated_at` timestamp NOT NULL DEFAULT '0000-00-00 00:00:00'
) ENGINE=InnoDB DEFAULT CHARSET=utf8 COLLATE=utf8_unicode_ci;

-- --------------------------------------------------------

--
-- Table structure for table `earnings`
--

CREATE TABLE `earnings` (
  `id` int(10) UNSIGNED NOT NULL,
  `employee_id` int(10) UNSIGNED NOT NULL DEFAULT '0',
  `earnings_name` varchar(255) COLLATE utf8_unicode_ci NOT NULL,
  `narrative` varchar(255) COLLATE utf8_unicode_ci NOT NULL,
  `earnings_amount` varchar(255) COLLATE utf8_unicode_ci NOT NULL DEFAULT '0.00',
  `created_at` timestamp NOT NULL DEFAULT '0000-00-00 00:00:00',
  `updated_at` timestamp NOT NULL DEFAULT '0000-00-00 00:00:00'
) ENGINE=InnoDB DEFAULT CHARSET=utf8 COLLATE=utf8_unicode_ci;

-- --------------------------------------------------------

--
-- Table structure for table `education`
--

CREATE TABLE `education` (
  `id` int(10) UNSIGNED NOT NULL,
  `education_name` varchar(255) COLLATE utf8_unicode_ci NOT NULL,
  `organization_id` int(10) UNSIGNED NOT NULL DEFAULT '0',
  `created_at` timestamp NOT NULL DEFAULT '0000-00-00 00:00:00',
  `updated_at` timestamp NOT NULL DEFAULT '0000-00-00 00:00:00'
) ENGINE=InnoDB DEFAULT CHARSET=utf8 COLLATE=utf8_unicode_ci;

--
-- Dumping data for table `education`
--

INSERT INTO `education` (`id`, `education_name`, `organization_id`, `created_at`, `updated_at`) VALUES
(1, 'Primary School', 1, '0000-00-00 00:00:00', '0000-00-00 00:00:00'),
(2, 'Secondary School', 1, '0000-00-00 00:00:00', '0000-00-00 00:00:00'),
(3, 'College - Certificate', 1, '0000-00-00 00:00:00', '0000-00-00 00:00:00'),
(4, 'College - Diploma', 1, '0000-00-00 00:00:00', '0000-00-00 00:00:00'),
(5, 'Degree', 1, '0000-00-00 00:00:00', '0000-00-00 00:00:00'),
(6, 'Masters Degree', 1, '0000-00-00 00:00:00', '0000-00-00 00:00:00'),
(7, 'PHD', 1, '0000-00-00 00:00:00', '0000-00-00 00:00:00'),
(8, 'None', 1, '0000-00-00 00:00:00', '0000-00-00 00:00:00');

-- --------------------------------------------------------

--
-- Table structure for table `employee`
--

CREATE TABLE `employee` (
  `id` int(10) UNSIGNED NOT NULL,
  `organization_id` int(10) UNSIGNED NOT NULL DEFAULT '0',
  `personal_file_number` varchar(255) COLLATE utf8_unicode_ci NOT NULL,
  `first_name` varchar(255) COLLATE utf8_unicode_ci NOT NULL,
  `last_name` varchar(255) COLLATE utf8_unicode_ci NOT NULL,
  `middle_name` varchar(255) COLLATE utf8_unicode_ci DEFAULT NULL,
  `identity_number` varchar(255) COLLATE utf8_unicode_ci NOT NULL,
  `passport_number` varchar(255) COLLATE utf8_unicode_ci DEFAULT NULL,
  `basic_pay` varchar(255) COLLATE utf8_unicode_ci NOT NULL DEFAULT '0.00',
  `vol_amount` varchar(255) COLLATE utf8_unicode_ci NOT NULL DEFAULT '0.00',
  `pin` varchar(255) COLLATE utf8_unicode_ci DEFAULT NULL,
  `social_security_number` varchar(255) COLLATE utf8_unicode_ci DEFAULT NULL,
  `hospital_insurance_number` varchar(255) COLLATE utf8_unicode_ci DEFAULT NULL,
  `work_permit_number` varchar(30) COLLATE utf8_unicode_ci DEFAULT NULL,
  `job_title` varchar(50) COLLATE utf8_unicode_ci DEFAULT NULL,
  `branch_id` int(10) UNSIGNED NOT NULL DEFAULT '0',
  `department_id` int(10) UNSIGNED NOT NULL DEFAULT '0',
  `job_group_id` int(10) UNSIGNED NOT NULL DEFAULT '0',
  `type_id` int(10) UNSIGNED NOT NULL DEFAULT '0',
  `photo` varchar(255) COLLATE utf8_unicode_ci DEFAULT NULL,
  `signature` varchar(255) COLLATE utf8_unicode_ci DEFAULT NULL,
  `gender` varchar(6) COLLATE utf8_unicode_ci DEFAULT NULL,
  `marital_status` varchar(15) COLLATE utf8_unicode_ci DEFAULT NULL,
  `yob` date DEFAULT NULL,
  `citizenship` varchar(15) COLLATE utf8_unicode_ci DEFAULT NULL,
  `education_type_id` int(10) UNSIGNED NOT NULL DEFAULT '0',
  `income_tax_applicable` int(11) NOT NULL DEFAULT '0',
  `income_tax_relief_applicable` int(11) NOT NULL DEFAULT '0',
  `hospital_insurance_applicable` int(11) NOT NULL DEFAULT '0',
  `social_security_applicable` int(11) NOT NULL DEFAULT '0',
  `mode_of_payment` varchar(15) COLLATE utf8_unicode_ci DEFAULT NULL,
  `bank_id` int(10) UNSIGNED NOT NULL DEFAULT '0',
  `bank_branch_id` int(11) NOT NULL DEFAULT '0',
  `bank_account_number` varchar(30) COLLATE utf8_unicode_ci DEFAULT NULL,
  `bank_eft_code` varchar(30) COLLATE utf8_unicode_ci DEFAULT NULL,
  `swift_code` varchar(30) COLLATE utf8_unicode_ci DEFAULT NULL,
  `time_clock_rate_normal` double(15,2) NOT NULL DEFAULT '0.00',
  `day_clock_rate_normal` double(15,2) NOT NULL DEFAULT '0.00',
  `time_clock_rate_weekday` double(15,2) NOT NULL DEFAULT '0.00',
  `day_clock_rate_weekday` double(15,2) NOT NULL DEFAULT '0.00',
  `time_clock_rate_saturday` double(15,2) NOT NULL DEFAULT '0.00',
  `day_clock_rate_saturday` double(15,2) NOT NULL DEFAULT '0.00',
  `time_clock_rate_sunday` double(15,2) NOT NULL DEFAULT '0.00',
  `day_clock_rate_sunday` double(15,2) NOT NULL DEFAULT '0.00',
  `time_clock_rate_holiday` double(15,2) NOT NULL DEFAULT '0.00',
  `day_clock_rate_holiday` double(15,2) NOT NULL DEFAULT '0.00',
  `medical_smoker` char(1) COLLATE utf8_unicode_ci DEFAULT NULL,
  `medical_blood_group` varchar(3) COLLATE utf8_unicode_ci DEFAULT NULL,
  `medical_disabilities` varchar(255) COLLATE utf8_unicode_ci DEFAULT NULL,
  `medical_conditions` varchar(255) COLLATE utf8_unicode_ci DEFAULT NULL,
  `email_office` varchar(255) COLLATE utf8_unicode_ci DEFAULT NULL,
  `email_personal` varchar(255) COLLATE utf8_unicode_ci DEFAULT NULL,
  `telephone_office` varchar(30) COLLATE utf8_unicode_ci DEFAULT NULL,
  `telephone_extension_office` varchar(30) COLLATE utf8_unicode_ci DEFAULT NULL,
  `telephone_mobile` varchar(30) COLLATE utf8_unicode_ci DEFAULT NULL,
  `postal_address` varchar(255) COLLATE utf8_unicode_ci DEFAULT NULL,
  `postal_zip` varchar(30) COLLATE utf8_unicode_ci DEFAULT NULL,
  `date_joined` varchar(30) COLLATE utf8_unicode_ci DEFAULT NULL,
  `bf_leave_days` int(11) NOT NULL DEFAULT '0',
  `annual_leave_days` int(11) NOT NULL DEFAULT '0',
  `custom_field1` varchar(30) COLLATE utf8_unicode_ci DEFAULT NULL,
  `custom_field2` varchar(30) COLLATE utf8_unicode_ci DEFAULT NULL,
  `custom_field3` varchar(30) COLLATE utf8_unicode_ci DEFAULT NULL,
  `custom_field4` varchar(30) COLLATE utf8_unicode_ci DEFAULT NULL,
  `in_employment` char(1) COLLATE utf8_unicode_ci NOT NULL DEFAULT 'Y',
  `created_at` timestamp NOT NULL DEFAULT '0000-00-00 00:00:00',
  `updated_at` timestamp NOT NULL DEFAULT '0000-00-00 00:00:00'
) ENGINE=InnoDB DEFAULT CHARSET=utf8 COLLATE=utf8_unicode_ci;

-- --------------------------------------------------------

--
-- Table structure for table `employee_allowances`
--

CREATE TABLE `employee_allowances` (
  `id` int(10) UNSIGNED NOT NULL,
  `employee_id` int(10) UNSIGNED NOT NULL DEFAULT '0',
  `allowance_id` int(10) UNSIGNED NOT NULL DEFAULT '0',
  `allowance_amount` varchar(255) COLLATE utf8_unicode_ci NOT NULL DEFAULT '0.00',
  `created_at` timestamp NOT NULL DEFAULT '0000-00-00 00:00:00',
  `updated_at` timestamp NOT NULL DEFAULT '0000-00-00 00:00:00'
) ENGINE=InnoDB DEFAULT CHARSET=utf8 COLLATE=utf8_unicode_ci;

-- --------------------------------------------------------

--
-- Table structure for table `employee_deductions`
--

CREATE TABLE `employee_deductions` (
  `id` int(10) UNSIGNED NOT NULL,
  `employee_id` int(10) UNSIGNED NOT NULL DEFAULT '0',
  `deduction_id` int(10) UNSIGNED NOT NULL DEFAULT '0',
  `formular` varchar(255) COLLATE utf8_unicode_ci NOT NULL,
  `instalments` int(11) DEFAULT '0',
  `deduction_amount` varchar(255) COLLATE utf8_unicode_ci NOT NULL DEFAULT '0.00',
  `deduction_date` date NOT NULL,
  `created_at` timestamp NOT NULL DEFAULT '0000-00-00 00:00:00',
  `updated_at` timestamp NOT NULL DEFAULT '0000-00-00 00:00:00'
) ENGINE=InnoDB DEFAULT CHARSET=utf8 COLLATE=utf8_unicode_ci;

-- --------------------------------------------------------

--
-- Table structure for table `employee_relief`
--

CREATE TABLE `employee_relief` (
  `id` int(10) UNSIGNED NOT NULL,
  `relief_id` int(10) UNSIGNED NOT NULL DEFAULT '0',
  `employee_id` int(10) UNSIGNED NOT NULL DEFAULT '0',
  `relief_amount` varchar(255) COLLATE utf8_unicode_ci NOT NULL DEFAULT '0.00',
  `created_at` timestamp NOT NULL DEFAULT '0000-00-00 00:00:00',
  `updated_at` timestamp NOT NULL DEFAULT '0000-00-00 00:00:00'
) ENGINE=InnoDB DEFAULT CHARSET=utf8 COLLATE=utf8_unicode_ci;

-- --------------------------------------------------------

--
-- Table structure for table `employee_type`
--

CREATE TABLE `employee_type` (
  `id` int(10) UNSIGNED NOT NULL,
  `employee_type_name` varchar(255) COLLATE utf8_unicode_ci NOT NULL,
  `organization_id` int(10) UNSIGNED NOT NULL DEFAULT '0',
  `created_at` timestamp NOT NULL DEFAULT '0000-00-00 00:00:00',
  `updated_at` timestamp NOT NULL DEFAULT '0000-00-00 00:00:00'
) ENGINE=InnoDB DEFAULT CHARSET=utf8 COLLATE=utf8_unicode_ci;

--
-- Dumping data for table `employee_type`
--

INSERT INTO `employee_type` (`id`, `employee_type_name`, `organization_id`, `created_at`, `updated_at`) VALUES
(1, 'Full Time', 1, '0000-00-00 00:00:00', '0000-00-00 00:00:00'),
(2, 'Contract', 1, '0000-00-00 00:00:00', '0000-00-00 00:00:00'),
(3, 'Internship', 1, '0000-00-00 00:00:00', '0000-00-00 00:00:00');

-- --------------------------------------------------------

--
-- Table structure for table `erporderitems`
--

CREATE TABLE `erporderitems` (
  `id` int(10) UNSIGNED NOT NULL,
  `item_id` int(10) UNSIGNED NOT NULL,
  `quantity` int(11) NOT NULL DEFAULT '1',
  `issued_by` varchar(255) COLLATE utf8_unicode_ci DEFAULT NULL,
  `date_of_issue` date DEFAULT NULL,
  `date_of_return` date DEFAULT NULL,
  `status` varchar(255) COLLATE utf8_unicode_ci DEFAULT NULL,
  `is_returned` tinyint(1) NOT NULL DEFAULT '0',
  `rate` double NOT NULL DEFAULT '0',
  `duration` int(11) DEFAULT NULL,
  `erporder_id` int(10) UNSIGNED NOT NULL,
  `price` double DEFAULT NULL,
  `client_discount` double NOT NULL DEFAULT '0',
  `created_at` timestamp NOT NULL DEFAULT '0000-00-00 00:00:00',
  `updated_at` timestamp NOT NULL DEFAULT '0000-00-00 00:00:00'
) ENGINE=InnoDB DEFAULT CHARSET=utf8 COLLATE=utf8_unicode_ci;

--
-- Dumping data for table `erporderitems`
--

INSERT INTO `erporderitems` (`id`, `item_id`, `quantity`, `issued_by`, `date_of_issue`, `date_of_return`, `status`, `is_returned`, `rate`, `duration`, `erporder_id`, `price`, `client_discount`, `created_at`, `updated_at`) VALUES
(1, 1, 20, NULL, NULL, NULL, NULL, 0, 0, NULL, 1, 25000, 0, '2016-07-04 03:48:08', '2016-09-11 20:02:39'),
(2, 2, 2, NULL, NULL, NULL, NULL, 0, 0, NULL, 2, 100000, 0, '2016-07-04 03:54:40', '2016-09-11 20:02:39'),
(3, 2, 3, NULL, NULL, NULL, NULL, 0, 0, NULL, 3, 100000, 0, '2016-07-04 04:23:47', '2016-09-11 20:02:39'),
(4, 2, 3, NULL, NULL, NULL, NULL, 0, 0, NULL, 4, 100000, 0, '2016-07-04 04:24:34', '2016-09-11 20:02:39'),
(5, 2, 2, NULL, NULL, NULL, NULL, 0, 0, NULL, 5, 100000, 0, '2016-07-04 04:33:44', '2016-09-11 20:02:39'),
(6, 2, 3, NULL, NULL, NULL, NULL, 0, 0, NULL, 6, 100000, 0, '2016-07-04 05:13:00', '2016-09-11 20:02:39'),
(7, 2, 5, NULL, NULL, NULL, NULL, 0, 0, NULL, 7, 100000, 0, '2016-07-04 08:48:41', '2016-09-11 20:02:39'),
(8, 3, 2, NULL, NULL, NULL, NULL, 0, 0, NULL, 8, 150000, 0, '2016-07-05 04:11:45', '2016-09-11 20:02:39'),
(9, 3, 2, NULL, NULL, NULL, NULL, 0, 0, NULL, 8, 150000, 0, '2016-07-05 04:11:45', '2016-09-11 20:02:39'),
(10, 5, 3, NULL, NULL, NULL, NULL, 0, 0, NULL, 9, 250000, 0, '2016-07-05 05:42:04', '2016-09-11 20:02:39'),
(11, 5, 3, NULL, NULL, NULL, NULL, 0, 0, NULL, 10, 250000, 0, '2016-07-05 05:46:25', '2016-09-11 20:02:39'),
(12, 5, 5, NULL, NULL, NULL, NULL, 0, 0, NULL, 11, 250000, 0, '2016-07-05 06:46:34', '2016-09-11 20:02:39'),
(13, 5, 3, NULL, NULL, NULL, NULL, 0, 0, NULL, 12, 250000, 0, '2016-07-05 06:50:50', '2016-09-11 20:02:39'),
(14, 1, 1, NULL, NULL, NULL, NULL, 0, 0, NULL, 13, 35000, 0, '2016-07-12 07:56:43', '2016-09-11 20:02:39'),
(15, 1, 2, NULL, NULL, NULL, NULL, 0, 0, NULL, 14, 40000, 0, '2016-07-12 07:59:51', '2016-09-11 20:02:39'),
(16, 2, 1, NULL, NULL, NULL, NULL, 0, 0, NULL, 15, 100000, 0, '2016-08-10 03:55:43', '2016-09-24 15:56:03'),
(17, 1, 10, NULL, NULL, NULL, NULL, 0, 0, NULL, 16, 35000, 0, '2016-08-10 04:38:14', '2016-09-25 17:20:26'),
(18, 3, 4, NULL, NULL, NULL, NULL, 0, 0, NULL, 16, 150000, 0, '2016-08-10 04:38:14', '2016-09-12 19:22:23'),
(19, 3, 1, NULL, NULL, NULL, NULL, 0, 0, NULL, 17, 150000, 0, '2016-08-11 05:49:14', '2016-09-11 20:02:39'),
(20, 1, 25, NULL, NULL, NULL, NULL, 0, 0, NULL, 23, 35000, 0, '2016-08-16 21:16:14', '2016-09-11 20:02:39'),
(21, 3, 3, NULL, NULL, NULL, NULL, 0, 0, NULL, 23, 150000, 0, '2016-08-16 21:16:14', '2016-09-11 20:02:39'),
(22, 1, 10, NULL, NULL, NULL, NULL, 0, 0, NULL, 24, 40000, 0, '2016-08-17 05:11:29', '2016-09-11 20:02:39'),
(23, 3, 3, NULL, NULL, NULL, NULL, 0, 0, NULL, 24, 150000, 0, '2016-08-17 05:11:29', '2016-09-11 20:02:39'),
(24, 5, 1, NULL, NULL, NULL, NULL, 0, 0, NULL, 24, 250000, 0, '2016-08-17 05:11:29', '2016-09-11 20:02:39'),
(25, 2, 3, NULL, NULL, NULL, NULL, 0, 0, NULL, 25, 0, 0, '2016-08-17 05:55:22', '2016-09-11 20:02:39'),
(26, 1, 3, NULL, NULL, NULL, NULL, 0, 0, NULL, 25, 25000, 0, '2016-08-17 05:55:22', '2016-09-11 20:02:39'),
(27, 1, 10, NULL, NULL, NULL, NULL, 0, 0, NULL, 26, 35000, 0, '2016-08-24 20:36:48', '2016-09-11 20:02:39'),
(28, 2, 1, NULL, NULL, NULL, NULL, 0, 0, NULL, 26, 100000, 0, '2016-08-24 20:36:48', '2016-09-11 20:02:39'),
(30, 1, 5, NULL, NULL, NULL, NULL, 0, 0, NULL, 27, 35000, 0, '2016-08-24 22:46:16', '2016-09-11 20:02:39'),
(31, 2, 2, NULL, NULL, NULL, NULL, 0, 0, NULL, 27, 100000, 0, '2016-08-24 22:46:16', '2016-09-11 20:02:39'),
(32, 5, 1, NULL, NULL, NULL, NULL, 0, 0, NULL, 27, 250000, 0, '2016-08-24 22:46:16', '2016-09-11 20:02:39'),
(33, 1, 5, NULL, NULL, NULL, NULL, 0, 0, NULL, 28, 35000, 0, '2016-08-25 10:42:36', '2016-09-11 20:02:39'),
(34, 3, 8, NULL, NULL, NULL, NULL, 0, 0, NULL, 28, 150000, 0, '2016-08-25 10:42:36', '2016-09-11 20:02:39'),
(35, 1, 20, NULL, NULL, NULL, NULL, 0, 0, NULL, 29, 35000, 0, '2016-08-25 10:44:56', '2016-09-11 20:02:39'),
(36, 5, 1, NULL, NULL, NULL, NULL, 0, 0, NULL, 30, 250000, 0, '2016-08-25 10:46:43', '2016-09-11 20:02:39'),
(37, 2, 2, NULL, NULL, NULL, NULL, 0, 0, NULL, 31, 100000, 0, '2016-08-25 12:08:22', '2016-09-11 20:02:39'),
(38, 1, 20, NULL, NULL, NULL, NULL, 0, 0, NULL, 31, 35000, 0, '2016-08-25 12:08:22', '2016-09-11 20:02:39'),
(39, 2, 1, NULL, NULL, NULL, NULL, 0, 0, NULL, 32, 100000, 0, '2016-08-25 12:31:49', '2016-09-11 20:02:39'),
(40, 2, 1, NULL, NULL, NULL, NULL, 0, 0, NULL, 32, 100000, 0, '2016-08-25 12:31:49', '2016-09-11 20:02:39'),
(41, 2, 2, NULL, NULL, NULL, NULL, 0, 0, NULL, 33, 100000, 0, '2016-08-25 12:40:23', '2016-09-11 20:02:39'),
(42, 1, 15, NULL, NULL, NULL, NULL, 0, 0, NULL, 33, 35000, 0, '2016-08-25 12:40:23', '2016-09-11 20:02:39'),
(43, 1, 20, NULL, NULL, NULL, NULL, 0, 0, NULL, 34, 35000, 0, '2016-08-25 12:48:13', '2016-09-11 20:02:39'),
(44, 4, 2, NULL, NULL, NULL, NULL, 0, 0, NULL, 34, 85000, 0, '2016-08-25 12:48:13', '2016-09-11 20:02:39'),
(45, 2, 2, NULL, NULL, NULL, NULL, 0, 0, NULL, 35, 100000, 0, '2016-08-25 12:59:20', '2016-09-11 20:02:39'),
(46, 1, 3, NULL, NULL, NULL, NULL, 0, 0, NULL, 35, 35000, 0, '2016-08-25 12:59:20', '2016-09-11 20:02:39'),
(47, 4, 3, NULL, NULL, NULL, NULL, 0, 0, NULL, 35, 85000, 0, '2016-08-25 12:59:20', '2016-09-11 20:02:39'),
(48, 1, 5, NULL, NULL, NULL, NULL, 0, 0, NULL, 36, 35000, 0, '2016-08-25 13:09:07', '2016-09-11 20:02:39'),
(49, 4, 8, NULL, NULL, NULL, NULL, 0, 0, NULL, 36, 85000, 0, '2016-08-25 13:09:07', '2016-09-11 20:02:39'),
(50, 2, 1, NULL, NULL, NULL, NULL, 0, 0, NULL, 36, 100000, 0, '2016-08-25 13:09:07', '2016-09-11 20:02:39'),
(51, 1, 5, NULL, NULL, NULL, NULL, 0, 0, NULL, 37, 35000, 0, '2016-08-25 13:10:44', '2016-09-11 20:02:39'),
(52, 5, 2, NULL, NULL, NULL, NULL, 0, 0, NULL, 38, 250000, 0, '2016-08-25 13:12:37', '2016-09-11 20:02:39'),
(53, 2, 2, NULL, NULL, NULL, NULL, 0, 0, NULL, 39, 100000, 0, '2016-08-25 13:17:26', '2016-09-11 20:02:39'),
(54, 1, 20, NULL, NULL, NULL, NULL, 0, 0, NULL, 39, 35000, 0, '2016-08-25 13:17:26', '2016-09-11 20:02:39'),
(55, 3, 5, NULL, NULL, NULL, NULL, 0, 0, NULL, 40, 150000, 0, '2016-08-29 08:06:21', '2016-09-11 20:02:39'),
(56, 2, 3, NULL, NULL, NULL, NULL, 0, 0, NULL, 40, 100000, 0, '2016-08-29 08:06:21', '2016-09-11 20:02:39'),
(57, 2, 5, NULL, NULL, NULL, NULL, 0, 0, NULL, 41, 100000, 0, '2016-08-29 10:37:57', '2016-09-11 20:02:39'),
(58, 5, 3, NULL, NULL, NULL, NULL, 0, 0, NULL, 41, 250000, 0, '2016-08-29 10:37:57', '2016-09-11 20:02:39'),
(59, 5, 1, NULL, NULL, NULL, NULL, 0, 0, NULL, 42, 250000, 0, '2016-08-29 10:39:20', '2016-09-11 20:02:39'),
(60, 4, 2, NULL, NULL, NULL, NULL, 0, 0, NULL, 42, 85000, 0, '2016-08-29 10:39:20', '2016-09-11 20:02:39'),
(61, 1, 35, NULL, NULL, NULL, NULL, 0, 0, NULL, 43, 35000, 0, '2016-09-06 10:47:35', '2016-09-11 20:02:39'),
(62, 3, 2, NULL, NULL, NULL, NULL, 0, 0, NULL, 43, 150000, 0, '2016-09-06 10:47:35', '2016-09-11 20:02:39'),
(63, 1, 20, NULL, NULL, NULL, NULL, 0, 0, NULL, 44, 35000, 0, '2016-09-08 05:18:40', '2016-09-11 20:02:39'),
(64, 2, 2, NULL, NULL, NULL, NULL, 0, 0, NULL, 44, 100000, 0, '2016-09-08 05:18:40', '2016-09-11 20:02:39'),
(65, 5, 1, NULL, NULL, NULL, NULL, 0, 0, NULL, 44, 250000, 0, '2016-09-08 05:18:41', '2016-09-11 20:02:39'),
(66, 3, 2, NULL, NULL, NULL, NULL, 0, 0, NULL, 45, 150000, 0, '2016-09-09 07:24:33', '2016-09-12 20:19:33'),
(67, 1, 50, NULL, NULL, NULL, NULL, 0, 0, NULL, 45, 35000, 0, '2016-09-09 07:24:33', '2016-09-11 20:02:39'),
(68, 1, 15, NULL, NULL, NULL, NULL, 0, 0, NULL, 46, 35000, 0, '2016-09-09 07:34:55', '2016-09-12 20:35:09'),
(69, 2, 2, NULL, NULL, NULL, NULL, 0, 0, NULL, 46, 100000, 0, '2016-09-09 07:34:55', '2016-09-12 20:16:20'),
(70, 5, 2, NULL, NULL, NULL, NULL, 0, 0, NULL, 46, 250000, 0, '2016-09-09 07:34:56', '2016-09-12 20:16:20'),
(71, 1, 10, NULL, NULL, NULL, NULL, 0, 0, NULL, 47, 35000, 0, '2016-09-12 17:52:09', '2016-09-13 08:04:55'),
(72, 2, 2, NULL, NULL, NULL, NULL, 0, 0, NULL, 47, 100000, 0, '2016-09-12 17:52:09', '2016-09-12 17:52:09'),
(73, 5, 1, NULL, NULL, NULL, NULL, 0, 0, NULL, 47, 250000, 0, '2016-09-12 17:52:09', '2016-09-12 17:52:09'),
(74, 3, 3, NULL, NULL, NULL, NULL, 0, 0, NULL, 47, 150000, 0, '2016-09-12 17:52:09', '2016-09-12 17:52:09'),
(75, 2, 2, NULL, NULL, NULL, NULL, 0, 0, NULL, 48, 100000, 0, '2016-09-12 18:41:43', '2016-09-12 18:41:43'),
(76, 1, 20, NULL, NULL, NULL, NULL, 0, 0, NULL, 48, 40000, 0, '2016-09-12 18:41:43', '2016-09-27 12:37:40'),
(77, 4, 1, NULL, NULL, NULL, NULL, 0, 0, NULL, 45, 85000, 0, '2016-09-12 20:19:07', '2016-09-12 20:19:07'),
(78, 1, 2, NULL, NULL, NULL, NULL, 0, 0, NULL, 49, 35000, 0, '2016-09-14 08:43:32', '2016-09-14 08:43:32'),
(79, 1, 5, NULL, NULL, NULL, NULL, 0, 0, NULL, 50, 35000, 0, '2016-09-14 08:44:40', '2016-09-14 08:44:40'),
(80, 1, 10, NULL, NULL, NULL, NULL, 0, 0, NULL, 51, 25000, 0, '2016-09-14 08:47:01', '2016-09-14 08:47:01'),
(81, 1, 4, NULL, NULL, NULL, NULL, 0, 0, NULL, 52, 25000, 0, '2016-09-14 08:50:17', '2016-09-14 08:50:17'),
(82, 3, 2, NULL, NULL, NULL, NULL, 0, 0, NULL, 53, 0, 0, '2016-09-19 10:24:57', '2016-09-19 10:24:57'),
(83, 1, 40, NULL, NULL, NULL, NULL, 0, 0, NULL, 53, 25000, 0, '2016-09-19 10:24:57', '2016-09-19 10:24:57'),
(84, 1, 50, NULL, NULL, NULL, NULL, 0, 0, NULL, 54, 35000, 0, '2016-09-23 07:29:05', '2016-09-23 07:29:05'),
(85, 3, 2, NULL, NULL, NULL, NULL, 0, 0, NULL, 54, 150000, 0, '2016-09-23 07:29:05', '2016-09-23 07:29:05'),
(86, 4, 2, NULL, NULL, NULL, NULL, 0, 0, NULL, 17, 85000, 0, '2016-09-23 10:01:58', '2016-09-23 10:01:58'),
(87, 3, 1, NULL, NULL, NULL, NULL, 0, 0, NULL, 49, 150000, 0, '2016-09-23 10:19:18', '2016-09-23 10:19:18'),
(88, 1, 25, NULL, NULL, NULL, NULL, 0, 0, NULL, 15, 40000, 0, '2016-09-24 15:54:53', '2016-10-09 14:23:07'),
(89, 1, 5, NULL, NULL, NULL, NULL, 0, 0, NULL, 55, 35000, 0, '2016-10-30 15:56:40', '2016-10-30 15:56:40'),
(90, 2, 1, NULL, NULL, NULL, NULL, 0, 0, NULL, 55, 100000, 0, '2016-10-30 15:56:40', '2016-10-30 15:56:40'),
(91, 6, 10, NULL, NULL, NULL, NULL, 0, 0, NULL, 55, 400, 0, '2016-10-30 15:56:40', '2016-10-30 15:56:40'),
(92, 1, 7, NULL, NULL, NULL, NULL, 0, 0, NULL, 56, 35000, 0, '2016-10-30 16:12:14', '2016-10-30 16:12:14'),
(93, 6, 15, NULL, NULL, NULL, NULL, 0, 0, NULL, 56, 400, 0, '2016-10-30 16:12:14', '2016-10-30 16:12:14'),
(94, 1, 50, NULL, NULL, NULL, NULL, 0, 0, NULL, 57, 25000, 0, '2016-10-30 16:40:03', '2016-10-30 16:40:03'),
(95, 6, 50, NULL, NULL, NULL, NULL, 0, 0, NULL, 57, 200, 0, '2016-10-30 16:40:03', '2016-10-30 16:40:03'),
(96, 6, 10, NULL, NULL, NULL, NULL, 0, 0, NULL, 58, 200, 0, '2016-10-30 16:50:00', '2016-10-30 16:50:00'),
(97, 1, 6, NULL, NULL, NULL, NULL, 0, 0, NULL, 59, 25000, 0, '2016-10-30 18:52:08', '2016-10-30 18:52:08'),
(98, 1, 2, NULL, NULL, NULL, NULL, 0, 0, NULL, 60, 35000, 0, '2017-02-23 10:55:40', '2017-02-23 10:55:40');

-- --------------------------------------------------------

--
-- Table structure for table `erporders`
--

CREATE TABLE `erporders` (
  `id` int(10) UNSIGNED NOT NULL,
  `client_id` int(10) UNSIGNED NOT NULL,
  `date` date DEFAULT NULL,
  `status` varchar(255) COLLATE utf8_unicode_ci NOT NULL DEFAULT 'new',
  `comment` text COLLATE utf8_unicode_ci NOT NULL,
  `total_amount` double DEFAULT NULL,
  `discount_amount` double DEFAULT NULL,
  `type` varchar(255) COLLATE utf8_unicode_ci NOT NULL,
  `is_lease` tinyint(1) NOT NULL DEFAULT '0',
  `payment_type` varchar(255) COLLATE utf8_unicode_ci DEFAULT NULL,
  `order_number` varchar(255) COLLATE utf8_unicode_ci DEFAULT NULL,
  `inv_number` varchar(255) COLLATE utf8_unicode_ci DEFAULT NULL,
  `due_date` date DEFAULT NULL,
  `ordered_by` varchar(255) COLLATE utf8_unicode_ci DEFAULT NULL,
  `created_at` timestamp NOT NULL DEFAULT '0000-00-00 00:00:00',
  `updated_at` timestamp NOT NULL DEFAULT '0000-00-00 00:00:00'
) ENGINE=InnoDB DEFAULT CHARSET=utf8 COLLATE=utf8_unicode_ci;

--
-- Dumping data for table `erporders`
--

INSERT INTO `erporders` (`id`, `client_id`, `date`, `status`, `comment`, `total_amount`, `discount_amount`, `type`, `is_lease`, `payment_type`, `order_number`, `inv_number`, `due_date`, `ordered_by`, `created_at`, `updated_at`) VALUES
(1, 2, '2016-07-04', 'delivered', '', NULL, NULL, 'purchases', 0, NULL, '2016/07/04/0001', NULL, NULL, NULL, '2016-07-04 03:48:08', '2016-08-23 06:25:53'),
(2, 1, '2016-07-04', 'new', '', NULL, 0, 'sales', 0, NULL, '2016/07/04/0002', NULL, NULL, NULL, '2016-07-04 03:54:39', '2016-08-11 09:46:26'),
(3, 1, '2016-07-04', 'new', '', NULL, 0, 'sales', 0, NULL, '2016/07/04/0003', NULL, NULL, NULL, '2016-07-04 04:23:47', '2016-08-11 09:46:26'),
(4, 1, '2016-07-04', 'new', '', NULL, 0, 'sales', 0, NULL, '2016/07/04/0003', NULL, NULL, NULL, '2016-07-04 04:24:34', '2016-08-11 09:46:26'),
(5, 1, '2016-07-04', 'new', '', NULL, 0, 'sales', 0, NULL, '2016/07/04/0005', NULL, NULL, NULL, '2016-07-04 04:33:43', '2016-08-11 09:46:26'),
(6, 1, '2016-07-04', 'new', '', NULL, 0, 'sales', 0, NULL, '2016/07/04/0006', NULL, NULL, NULL, '2016-07-04 05:13:00', '2016-08-11 09:46:26'),
(7, 1, '2016-07-04', 'new', '', NULL, 0, 'sales', 0, NULL, '2016/07/04/0007', NULL, NULL, NULL, '2016-07-04 08:48:41', '2016-08-11 09:46:26'),
(8, 1, '2016-07-05', 'new', '', NULL, 0, 'sales', 0, NULL, '2016/07/05/0008', NULL, NULL, NULL, '2016-07-05 04:11:44', '2016-08-11 09:46:26'),
(9, 1, '2016-07-05', 'new', '', NULL, 0, 'sales', 0, NULL, '2016/07/05/0009', NULL, NULL, NULL, '2016-07-05 05:42:04', '2016-08-11 09:46:26'),
(10, 1, '2016-07-05', 'cancelled', '', NULL, 0, 'sales', 0, NULL, '2016/07/05/0009', NULL, NULL, NULL, '2016-07-05 05:46:25', '2016-09-19 10:16:39'),
(11, 1, '2016-07-05', 'cancelled', '', NULL, 0, 'sales', 0, NULL, '2016/07/05/0011', NULL, NULL, NULL, '2016-07-05 06:46:34', '2016-09-19 10:15:39'),
(12, 1, '2016-07-05', 'new', '', NULL, 0, 'sales', 0, NULL, '2016/07/05/0012', NULL, NULL, NULL, '2016-07-05 06:50:50', '2016-08-11 09:46:26'),
(13, 1, '2016-07-12', 'new', '', NULL, 0, 'sales', 0, NULL, '2016/07/12/0013', NULL, NULL, NULL, '2016-07-12 07:56:42', '2016-08-11 09:46:26'),
(14, 1, '2016-07-12', 'new', '', NULL, 0, 'sales', 0, NULL, '2016/07/12/0014', NULL, NULL, NULL, '2016-07-12 07:59:51', '2016-08-11 09:46:26'),
(15, 1, '2016-08-10', 'APPROVED', '', NULL, 0, 'quotations', 0, NULL, '2016/08/10/0015', NULL, NULL, NULL, '2016-08-10 03:55:43', '2016-10-09 14:23:48'),
(16, 1, '2016-08-10', 'EDITED', '', NULL, 0, 'quotations', 0, NULL, '2016/08/10/0016', NULL, NULL, NULL, '2016-08-10 04:38:14', '2016-09-24 16:03:37'),
(17, 1, '2016-08-11', 'EDITED', '', NULL, 0, 'quotations', 0, NULL, '2016/08/11/0017', NULL, NULL, NULL, '2016-08-11 05:49:14', '2016-09-23 07:46:29'),
(18, 1, '2016-08-11', 'new', '', NULL, 0, 'sales', 0, NULL, '2016/08/11/0018', NULL, NULL, NULL, '2016-08-11 08:10:00', '2016-08-11 09:46:26'),
(19, 1, '2016-08-11', 'new', '', NULL, 0, 'sales', 0, NULL, '2016/08/11/0018', NULL, NULL, NULL, '2016-08-11 08:11:36', '2016-08-11 09:46:26'),
(20, 1, '2016-08-11', 'new', '', NULL, 500, 'sales', 0, NULL, '2016/08/11/0018', NULL, NULL, NULL, '2016-08-11 08:21:18', '2016-08-11 09:46:26'),
(21, 1, '2016-08-11', 'new', '', NULL, 500, 'sales', 0, NULL, '2016/08/11/0018', NULL, NULL, NULL, '2016-08-11 08:33:17', '2016-08-11 09:46:26'),
(22, 1, '2016-08-11', 'new', '', NULL, 500, 'sales', 0, NULL, '2016/08/11/0018', NULL, NULL, NULL, '2016-08-11 08:39:44', '2016-08-11 09:46:26'),
(23, 3, '2016-08-17', 'APPROVED', '', NULL, 0, 'quotations', 0, NULL, '2016/08/17/0023', NULL, NULL, NULL, '2016-08-16 21:16:14', '2016-09-08 13:40:12'),
(24, 1, '2016-08-17', 'EDITED', '', NULL, 0, 'quotations', 0, NULL, '2016/08/17/0024', NULL, NULL, NULL, '2016-08-17 05:11:29', '2016-09-25 16:28:52'),
(25, 2, '2016-08-17', 'delivered', '', NULL, NULL, 'purchases', 0, NULL, '2016/08/17/0025', NULL, NULL, NULL, '2016-08-17 05:55:20', '2016-09-07 07:06:51'),
(26, 4, '2016-08-24', 'new', '', NULL, NULL, 'purchases', 0, NULL, '2016/08/24/0026', NULL, NULL, NULL, '2016-08-24 20:36:48', '2016-08-24 20:36:48'),
(27, 5, '2016-08-25', 'new', '', NULL, NULL, 'purchases', 0, NULL, '2016/08/24/0027', NULL, NULL, NULL, '2016-08-24 22:46:16', '2016-08-24 22:46:16'),
(28, 4, '2016-08-25', 'cancelled', '', NULL, NULL, 'purchases', 0, NULL, '2016/08/25/0028', NULL, NULL, NULL, '2016-08-25 10:42:36', '2016-09-07 07:18:53'),
(29, 4, '2016-08-25', 'cancelled', '', NULL, NULL, 'purchases', 0, NULL, '2016/08/25/0029', NULL, NULL, NULL, '2016-08-25 10:44:56', '2016-09-19 10:17:47'),
(30, 4, '2016-08-25', 'new', '', NULL, NULL, 'purchases', 0, NULL, '2016/08/25/0030', NULL, NULL, NULL, '2016-08-25 10:46:43', '2016-08-25 10:46:43'),
(31, 4, '2016-08-25', 'new', '', NULL, NULL, 'purchases', 0, NULL, '2016/08/25/0031', NULL, NULL, NULL, '2016-08-25 12:08:22', '2016-08-25 12:08:22'),
(32, 4, '2016-08-25', 'new', '', NULL, NULL, 'purchases', 0, NULL, '2016/08/25/0032', NULL, NULL, NULL, '2016-08-25 12:31:49', '2016-08-25 12:31:49'),
(33, 4, '2016-08-25', 'new', '', NULL, NULL, 'purchases', 0, NULL, '2016/08/25/0033', NULL, NULL, NULL, '2016-08-25 12:40:23', '2016-08-25 12:40:23'),
(34, 5, '2016-08-25', 'new', '', NULL, NULL, 'purchases', 0, NULL, '2016/08/25/0034', NULL, NULL, NULL, '2016-08-25 12:48:13', '2016-08-25 12:48:13'),
(35, 4, '2016-08-25', 'new', '', NULL, NULL, 'purchases', 0, NULL, '2016/08/25/0035', NULL, NULL, NULL, '2016-08-25 12:59:20', '2016-08-25 12:59:20'),
(36, 5, '2016-08-25', 'new', '', NULL, NULL, 'purchases', 0, NULL, '2016/08/25/0036', NULL, NULL, NULL, '2016-08-25 13:09:07', '2016-08-25 13:09:07'),
(37, 5, '2016-08-25', 'new', '', NULL, NULL, 'purchases', 0, NULL, '2016/08/25/0037', NULL, NULL, NULL, '2016-08-25 13:10:44', '2016-08-25 13:10:44'),
(38, 5, '2016-08-25', 'new', '', NULL, NULL, 'purchases', 0, NULL, '2016/08/25/0038', NULL, NULL, NULL, '2016-08-25 13:12:37', '2016-08-25 13:12:37'),
(39, 5, '2016-08-25', 'new', '', NULL, NULL, 'purchases', 0, NULL, '2016/08/25/0039', NULL, NULL, NULL, '2016-08-25 13:17:26', '2016-08-25 13:17:26'),
(40, 4, '2016-08-29', 'new', '', NULL, NULL, 'purchases', 0, NULL, '2016/08/29/0040', NULL, NULL, NULL, '2016-08-29 08:06:21', '2016-08-29 08:06:21'),
(41, 4, '2016-08-29', 'new', '', NULL, NULL, 'purchases', 0, NULL, '2016/08/29/0041', NULL, NULL, NULL, '2016-08-29 07:37:57', '2016-08-29 07:37:57'),
(42, 4, '2016-08-29', 'new', '', NULL, NULL, 'purchases', 0, NULL, '2016/08/29/0042', NULL, NULL, NULL, '2016-08-29 10:39:20', '2016-08-29 10:39:20'),
(43, 4, '2016-09-06', 'new', '', NULL, NULL, 'purchases', 0, 'cash', '2016/09/06/0043', NULL, NULL, NULL, '2016-09-06 10:47:35', '2016-09-06 10:47:35'),
(44, 4, '2016-09-08', 'EDITED', '', NULL, 0, 'quotations', 0, NULL, '2016/09/08/0044', NULL, NULL, NULL, '2016-09-08 05:18:40', '2016-09-26 06:32:36'),
(45, 4, '2016-09-09', 'EDITED', '', NULL, 5000, 'quotations', 0, NULL, '2016/09/09/0045', NULL, NULL, NULL, '2016-09-09 07:24:33', '2016-09-12 20:19:33'),
(46, 4, '2016-09-09', 'EDITED', '', NULL, 50000, 'quotations', 0, NULL, '2016/09/09/0046', NULL, NULL, NULL, '2016-09-09 07:34:55', '2016-09-12 20:35:10'),
(47, 1, '2016-09-12', 'EDITED', '', NULL, 50000, 'quotations', 0, NULL, '2016/09/12/0047', NULL, NULL, NULL, '2016-09-12 17:52:09', '2016-09-13 08:05:31'),
(48, 1, '2016-09-12', 'EDITED', '', NULL, 2000, 'quotations', 0, NULL, '2016/09/12/0048', NULL, NULL, NULL, '2016-09-12 18:41:42', '2016-09-27 12:14:44'),
(49, 6, '2016-09-14', 'EDITED', '', NULL, 0, 'quotations', 0, NULL, '2016/09/14/0049', NULL, NULL, NULL, '2016-09-14 08:43:32', '2016-09-23 10:19:21'),
(50, 6, '2016-09-14', 'new', '', NULL, 0, 'sales', 0, NULL, '2016/09/14/0050', NULL, NULL, NULL, '2016-09-14 08:44:40', '2016-09-14 08:44:40'),
(51, 7, '2016-09-14', 'cancelled', '', NULL, NULL, 'purchases', 0, NULL, '2016/09/14/0051', NULL, NULL, NULL, '2016-09-14 08:47:01', '2016-09-14 08:47:24'),
(52, 7, '2016-09-14', 'new', '', NULL, NULL, 'purchases', 0, NULL, '2016/09/14/0052', NULL, NULL, NULL, '2016-09-14 08:50:16', '2016-09-14 08:50:16'),
(53, 7, '2016-09-19', 'cancelled', '', NULL, NULL, 'purchases', 0, NULL, '2016/09/19/0053', NULL, NULL, NULL, '2016-09-19 10:24:57', '2016-09-19 10:25:29'),
(54, 3, '2016-09-23', 'new', '', NULL, 0, 'quotations', 0, NULL, '2016/09/23/0054', NULL, NULL, NULL, '2016-09-23 07:29:05', '2016-09-23 07:29:05'),
(55, 1, '2016-10-30', 'new', '', NULL, 0, 'sales', 0, NULL, '2016/10/30/0055', NULL, NULL, NULL, '2016-10-30 15:56:40', '2016-10-30 15:56:40'),
(56, 3, '2016-10-30', 'new', '', NULL, 0, 'sales', 0, NULL, '2016/10/30/0056', NULL, NULL, NULL, '2016-10-30 16:12:14', '2016-10-30 16:12:14'),
(57, 5, '2016-10-30', 'new', '', NULL, NULL, 'purchases', 0, NULL, '2016/10/30/0057', NULL, NULL, NULL, '2016-10-30 16:40:02', '2016-10-30 16:40:02'),
(58, 7, '2016-10-30', 'new', '', NULL, NULL, 'purchases', 0, NULL, '2016/10/30/0058', NULL, NULL, NULL, '2016-10-30 16:49:59', '2016-10-30 16:49:59'),
(59, 5, '2016-10-30', 'new', '', NULL, NULL, 'purchases', 0, NULL, '2016/10/30/0059', NULL, NULL, NULL, '2016-10-30 18:52:08', '2016-10-30 18:52:08'),
(60, 3, '2017-02-23', 'new', '', NULL, 500, 'sales', 0, NULL, '2017/02/23/0060', NULL, NULL, NULL, '2017-02-23 10:55:40', '2017-02-23 10:55:40');

-- --------------------------------------------------------

--
-- Table structure for table `expenses`
--

CREATE TABLE `expenses` (
  `id` int(10) UNSIGNED NOT NULL,
  `name` varchar(255) COLLATE utf8_unicode_ci NOT NULL,
  `amount` varchar(255) COLLATE utf8_unicode_ci NOT NULL,
  `type` varchar(255) COLLATE utf8_unicode_ci NOT NULL,
  `date` date DEFAULT NULL,
  `account_id` int(10) UNSIGNED NOT NULL,
  `created_at` timestamp NOT NULL DEFAULT '0000-00-00 00:00:00',
  `updated_at` timestamp NOT NULL DEFAULT '0000-00-00 00:00:00',
  `ref_no` varchar(255) COLLATE utf8_unicode_ci NOT NULL
) ENGINE=InnoDB DEFAULT CHARSET=utf8 COLLATE=utf8_unicode_ci;

--
-- Dumping data for table `expenses`
--

INSERT INTO `expenses` (`id`, `name`, `amount`, `type`, `date`, `account_id`, `created_at`, `updated_at`, `ref_no`) VALUES
(1, 'Drinking water', '500', 'Bill', '2016-10-06', 1, '2016-10-06 10:32:31', '2016-10-13 13:33:17', 'EXP0000001'),
(2, 'Printing Papers', '500', 'Expenditure', '2016-10-06', 1, '2016-10-06 12:07:52', '2016-10-13 13:33:32', 'EXP0000002');

-- --------------------------------------------------------

--
-- Table structure for table `expense_claims`
--

CREATE TABLE `expense_claims` (
  `id` int(10) UNSIGNED NOT NULL,
  `claimer` varchar(255) COLLATE utf8_unicode_ci NOT NULL,
  `date_submitted` date NOT NULL,
  `status` varchar(255) COLLATE utf8_unicode_ci NOT NULL,
  `created_at` timestamp NOT NULL DEFAULT '0000-00-00 00:00:00',
  `updated_at` timestamp NOT NULL DEFAULT '0000-00-00 00:00:00'
) ENGINE=InnoDB DEFAULT CHARSET=utf8 COLLATE=utf8_unicode_ci;

--
-- Dumping data for table `expense_claims`
--

INSERT INTO `expense_claims` (`id`, `claimer`, `date_submitted`, `status`, `created_at`, `updated_at`) VALUES
(1, 'superadmin', '2016-11-24', 'Payed', '2016-11-24 08:24:01', '2016-11-24 12:24:08'),
(2, 'superadmin', '2016-11-27', 'Declined', '2016-11-27 19:19:46', '2016-11-27 19:19:59');

-- --------------------------------------------------------

--
-- Table structure for table `groups`
--

CREATE TABLE `groups` (
  `id` int(10) UNSIGNED NOT NULL,
  `name` varchar(255) COLLATE utf8_unicode_ci NOT NULL,
  `description` text COLLATE utf8_unicode_ci,
  `created_at` timestamp NOT NULL DEFAULT '0000-00-00 00:00:00',
  `updated_at` timestamp NOT NULL DEFAULT '0000-00-00 00:00:00'
) ENGINE=InnoDB DEFAULT CHARSET=utf8 COLLATE=utf8_unicode_ci;

-- --------------------------------------------------------

--
-- Table structure for table `holidays`
--

CREATE TABLE `holidays` (
  `id` int(10) UNSIGNED NOT NULL,
  `name` varchar(255) COLLATE utf8_unicode_ci DEFAULT NULL,
  `date` date DEFAULT NULL,
  `organization_id` int(10) UNSIGNED NOT NULL,
  `created_at` timestamp NOT NULL DEFAULT '0000-00-00 00:00:00',
  `updated_at` timestamp NOT NULL DEFAULT '0000-00-00 00:00:00'
) ENGINE=InnoDB DEFAULT CHARSET=utf8 COLLATE=utf8_unicode_ci;

-- --------------------------------------------------------

--
-- Table structure for table `hospital_insurance`
--

CREATE TABLE `hospital_insurance` (
  `id` int(10) UNSIGNED NOT NULL,
  `income_from` double(15,2) NOT NULL DEFAULT '0.00',
  `income_to` double(15,2) NOT NULL DEFAULT '0.00',
  `hi_amount` double(15,2) NOT NULL DEFAULT '0.00',
  `organization_id` int(11) NOT NULL,
  `created_at` timestamp NOT NULL DEFAULT '0000-00-00 00:00:00',
  `updated_at` timestamp NOT NULL DEFAULT '0000-00-00 00:00:00'
) ENGINE=InnoDB DEFAULT CHARSET=utf8 COLLATE=utf8_unicode_ci;

--
-- Dumping data for table `hospital_insurance`
--

INSERT INTO `hospital_insurance` (`id`, `income_from`, `income_to`, `hi_amount`, `organization_id`, `created_at`, `updated_at`) VALUES
(1, 0.00, 0.00, 0.00, 1, '0000-00-00 00:00:00', '0000-00-00 00:00:00'),
(2, 1.00, 5999.00, 150.00, 1, '0000-00-00 00:00:00', '0000-00-00 00:00:00'),
(3, 6000.00, 7999.00, 300.00, 1, '0000-00-00 00:00:00', '0000-00-00 00:00:00'),
(4, 8000.00, 11999.00, 400.00, 1, '0000-00-00 00:00:00', '0000-00-00 00:00:00'),
(5, 12000.00, 14999.00, 500.00, 1, '0000-00-00 00:00:00', '0000-00-00 00:00:00'),
(6, 15000.00, 19999.00, 600.00, 1, '0000-00-00 00:00:00', '0000-00-00 00:00:00'),
(7, 20000.00, 24999.00, 750.00, 1, '0000-00-00 00:00:00', '0000-00-00 00:00:00'),
(8, 25000.00, 29999.00, 850.00, 1, '0000-00-00 00:00:00', '0000-00-00 00:00:00'),
(9, 30000.00, 34999.00, 900.00, 1, '0000-00-00 00:00:00', '0000-00-00 00:00:00'),
(10, 35000.00, 39999.00, 950.00, 1, '0000-00-00 00:00:00', '0000-00-00 00:00:00'),
(11, 40000.00, 44999.00, 1000.00, 1, '0000-00-00 00:00:00', '0000-00-00 00:00:00'),
(12, 45000.00, 49999.00, 1100.00, 1, '0000-00-00 00:00:00', '0000-00-00 00:00:00'),
(13, 50000.00, 59999.00, 1200.00, 1, '0000-00-00 00:00:00', '0000-00-00 00:00:00'),
(14, 60000.00, 69999.00, 1300.00, 1, '0000-00-00 00:00:00', '0000-00-00 00:00:00'),
(15, 70000.00, 79999.00, 1400.00, 1, '0000-00-00 00:00:00', '0000-00-00 00:00:00'),
(16, 80000.00, 89999.00, 1500.00, 1, '0000-00-00 00:00:00', '0000-00-00 00:00:00'),
(17, 90000.00, 99999.00, 1600.00, 1, '0000-00-00 00:00:00', '0000-00-00 00:00:00'),
(18, 100000.00, 99000000.00, 1700.00, 1, '0000-00-00 00:00:00', '0000-00-00 00:00:00');

-- --------------------------------------------------------

--
-- Table structure for table `items`
--

CREATE TABLE `items` (
  `id` int(10) UNSIGNED NOT NULL,
  `name` varchar(255) COLLATE utf8_unicode_ci NOT NULL,
  `date` date DEFAULT NULL,
  `description` varchar(255) COLLATE utf8_unicode_ci DEFAULT NULL,
  `type` text COLLATE utf8_unicode_ci NOT NULL,
  `purchase_price` double NOT NULL DEFAULT '0',
  `selling_price` double NOT NULL DEFAULT '0',
  `sku` varchar(255) COLLATE utf8_unicode_ci DEFAULT NULL,
  `tag_id` varchar(255) COLLATE utf8_unicode_ci DEFAULT NULL,
  `reorder_level` int(11) DEFAULT NULL,
  `created_at` timestamp NOT NULL DEFAULT '0000-00-00 00:00:00',
  `updated_at` timestamp NOT NULL DEFAULT '0000-00-00 00:00:00'
) ENGINE=InnoDB DEFAULT CHARSET=utf8 COLLATE=utf8_unicode_ci;

--
-- Dumping data for table `items`
--

INSERT INTO `items` (`id`, `name`, `date`, `description`, `type`, `purchase_price`, `selling_price`, `sku`, `tag_id`, `reorder_level`, `created_at`, `updated_at`) VALUES
(1, 'Laptop', '2016-06-30', '', 'product', 25000, 35000, '', '', 5, '2016-06-30 05:45:52', '2016-07-12 08:42:57'),
(2, 'ERP Software', '2016-07-01', '', 'service', 0, 100000, '', 'ERP S', 0, '2016-07-01 09:42:42', '2016-07-01 09:42:42'),
(3, 'XARA Financial', '2016-07-01', '', 'service', 0, 150000, '', 'XARA P', 0, '2016-07-01 09:48:12', '2016-07-04 04:45:51'),
(4, 'Xara CBS', '2016-07-01', '', 'service', 0, 85000, '', '', 0, '2016-07-01 10:21:38', '2016-07-01 10:21:38'),
(5, 'XARA complete', '2016-07-01', '', 'service', 0, 250000, '', '', 0, '2016-07-01 10:25:28', '2016-07-01 10:25:28'),
(6, 'T-Shirts', '2016-09-14', '', 'product', 200, 400, '', 't-shirts', 10, '2016-09-14 10:50:46', '2016-09-14 10:50:46');

-- --------------------------------------------------------

--
-- Table structure for table `job_group`
--

CREATE TABLE `job_group` (
  `id` int(10) UNSIGNED NOT NULL,
  `job_group_name` varchar(255) COLLATE utf8_unicode_ci NOT NULL,
  `organization_id` int(10) UNSIGNED NOT NULL DEFAULT '0',
  `created_at` timestamp NOT NULL DEFAULT '0000-00-00 00:00:00',
  `updated_at` timestamp NOT NULL DEFAULT '0000-00-00 00:00:00'
) ENGINE=InnoDB DEFAULT CHARSET=utf8 COLLATE=utf8_unicode_ci;

--
-- Dumping data for table `job_group`
--

INSERT INTO `job_group` (`id`, `job_group_name`, `organization_id`, `created_at`, `updated_at`) VALUES
(1, 'Junior Staff', 1, '0000-00-00 00:00:00', '0000-00-00 00:00:00'),
(2, 'Management', 1, '0000-00-00 00:00:00', '0000-00-00 00:00:00'),
(3, 'Marketing', 1, '0000-00-00 00:00:00', '0000-00-00 00:00:00');

-- --------------------------------------------------------

--
-- Table structure for table `journals`
--

CREATE TABLE `journals` (
  `id` int(10) UNSIGNED NOT NULL,
  `date` date NOT NULL,
  `trans_no` varchar(255) COLLATE utf8_unicode_ci NOT NULL,
  `account_id` int(10) UNSIGNED NOT NULL,
  `amount` float(10,0) NOT NULL,
  `initiated_by` varchar(255) COLLATE utf8_unicode_ci NOT NULL,
  `type` varchar(255) COLLATE utf8_unicode_ci NOT NULL,
  `description` varchar(255) COLLATE utf8_unicode_ci NOT NULL,
  `created_at` timestamp NOT NULL DEFAULT '0000-00-00 00:00:00',
  `updated_at` timestamp NOT NULL DEFAULT '0000-00-00 00:00:00',
  `void` tinyint(1) DEFAULT '0'
) ENGINE=InnoDB DEFAULT CHARSET=utf8 COLLATE=utf8_unicode_ci;

--
-- Dumping data for table `journals`
--

INSERT INTO `journals` (`id`, `date`, `trans_no`, `account_id`, `amount`, `initiated_by`, `type`, `description`, `created_at`, `updated_at`, `void`) VALUES
(1, '2016-10-30', '1477840240', 7, 279000, 'superadmin', 'credit', 'Created a sales order to Chicken Inn.', '2016-10-30 15:56:40', '2016-10-30 15:56:40', 0),
(2, '2016-10-30', '1477840240', 2, 279000, 'superadmin', 'debit', 'Created a sales order to Chicken Inn.', '2016-10-30 15:56:40', '2016-10-30 15:56:40', 0),
(3, '2016-10-30', '1477843814', 7, 251000, 'superadmin', 'credit', 'Sold items to Lixonet Technologies on Credit', '2016-10-30 16:12:14', '2016-10-30 16:12:14', 0),
(4, '2016-10-30', '1477843814', 4, 251000, 'superadmin', 'debit', 'Sold items to Lixonet Technologies on Credit', '2016-10-30 16:12:14', '2016-10-30 16:12:14', 0),
(5, '2016-10-30', '1477843802', 8, 1260000, 'superadmin', 'credit', 'Purchased some items from Datinum Core.', '2016-10-30 16:40:02', '2016-10-30 16:40:02', 0),
(6, '2016-10-30', '1477843802', 8, 1260000, 'superadmin', 'debit', 'Purchased some items from Datinum Core.', '2016-10-30 16:40:02', '2016-10-30 16:40:02', 0),
(7, '2016-10-30', '1477843859', 2, 2000, 'superadmin', 'credit', 'Purchased some items from Wangui Ken on credit ', '2016-10-30 16:49:59', '2016-10-30 16:49:59', 0),
(8, '2016-10-30', '1477843859', 3, 2000, 'superadmin', 'debit', 'Purchased some items from Wangui Ken on credit ', '2016-10-30 16:49:59', '2016-10-30 16:49:59', 0),
(9, '2016-10-30', '1477851008', 8, 150000, 'superadmin', 'credit', 'Purchased some items from Datinum Core', '2016-10-30 18:52:08', '2016-10-30 18:52:08', 0),
(10, '2016-10-30', '1477851008', 2, 150000, 'superadmin', 'debit', 'Purchased some items from Datinum Core', '2016-10-30 18:52:08', '2016-10-30 18:52:08', 0),
(11, '2016-11-16', '1479301914', 2, 6000, 'superadmin', 'credit', 'Transferred cash from Cash account to Petty Cash Account', '2016-11-16 13:07:54', '2016-11-16 13:07:54', 0),
(12, '2016-11-16', '1479301914', 10, 6000, 'superadmin', 'debit', 'Transferred cash from Cash account to Petty Cash Account', '2016-11-16 13:07:54', '2016-11-16 13:07:54', 0),
(13, '2016-11-16', '1479305478', 1, 6000, 'superadmin', 'credit', 'Transferred cash from Mpesa account to Petty Cash Account', '2016-11-16 14:01:18', '2016-11-16 14:01:18', 0),
(14, '2016-11-16', '1479305478', 10, 6000, 'superadmin', 'debit', 'Transferred cash from Mpesa account to Petty Cash Account', '2016-11-16 14:01:19', '2016-11-16 14:01:19', 0),
(15, '2016-11-16', '1479327078', 11, 1000, 'superadmin', 'credit', 'KES. 1000 transferred to Petty Cash Account from Paul Stevens', '2016-11-16 20:24:18', '2016-11-16 20:24:18', 0),
(16, '2016-11-16', '1479327078', 10, 1000, 'superadmin', 'debit', 'KES. 1000 transferred to Petty Cash Account from Paul Stevens', '2016-11-16 20:24:18', '2016-11-16 20:24:18', 0),
(26, '2016-11-17', '1479388307', 12, 1414, 'superadmin', 'debit', 'Bought some items from Nakumatt', '2016-11-17 13:20:47', '2016-11-17 13:20:47', 0),
(27, '2016-11-17', '1479388266', 10, 810, 'superadmin', 'credit', 'Bought some items from Nakumatt', '2016-11-17 13:25:06', '2016-11-17 13:25:06', 0),
(28, '2016-11-17', '1479388266', 12, 810, 'superadmin', 'debit', 'Bought some items from Nakumatt', '2016-11-17 13:25:06', '2016-11-17 13:25:06', 0),
(29, '2016-11-20', '1479651079', 2, 3000, 'superadmin', 'credit', 'Transferred cash from Cash account to Petty Cash Account', '2016-11-20 14:13:19', '2016-11-20 14:13:19', 0),
(30, '2016-11-20', '1479651079', 10, 3000, 'superadmin', 'debit', 'Transferred cash from Cash account to Petty Cash Account', '2016-11-20 14:13:19', '2016-11-20 14:13:19', 0),
(31, '2016-11-20', '1479651066', 2, 300, 'superadmin', 'credit', 'Transferred cash from Cash account to Petty Cash Account', '2016-11-20 14:17:06', '2016-11-20 14:17:06', 0),
(32, '2016-11-20', '1479651066', 10, 300, 'superadmin', 'debit', 'Transferred cash from Cash account to Petty Cash Account', '2016-11-20 14:17:07', '2016-11-20 14:17:07', 0),
(33, '2016-11-24', '1479989468', 2, 2054, 'superadmin', 'credit', 'Payed an outstanding Expense Claim', '2016-11-24 12:24:08', '2016-11-24 12:24:08', 0),
(34, '2016-11-24', '1479989468', 11, 2054, 'superadmin', 'debit', 'Payed an outstanding Expense Claim', '2016-11-24 12:24:08', '2016-11-24 12:24:08', 0),
(35, '2017-01-21', '1485028906', 13, 22, 'superadmin', 'credit', 'Depreciated Lenovo Laptop  on 21st Jan, 2017', '2017-01-21 20:54:46', '2017-01-21 20:54:46', 0),
(36, '2017-01-21', '1485028906', 14, 22, 'superadmin', 'debit', 'Depreciated Lenovo Laptop  on 21st Jan, 2017', '2017-01-21 20:54:47', '2017-01-21 20:54:47', 0),
(37, '2017-01-22', '1485032487', 13, 43, 'superadmin', 'credit', 'Depreciated Lenovo Laptop  on 22nd Jan, 2017', '2017-01-21 21:03:27', '2017-01-21 21:03:27', 0),
(38, '2017-01-22', '1485032487', 14, 43, 'superadmin', 'debit', 'Depreciated Lenovo Laptop  on 22nd Jan, 2017', '2017-01-21 21:03:27', '2017-01-21 21:03:27', 0),
(39, '2017-01-22', '1485032496', 14, 43, 'superadmin', 'credit', 'Reversed depreciation on Lenovo Laptop  on 22nd Jan, 2017', '2017-01-21 21:03:36', '2017-01-21 21:03:36', 0),
(40, '2017-01-22', '1485032496', 13, 43, 'superadmin', 'debit', 'Reversed depreciation on Lenovo Laptop  on 22nd Jan, 2017', '2017-01-21 21:03:36', '2017-01-21 21:03:36', 0),
(41, '2017-01-22', '1485032496', 13, 43, 'superadmin', 'credit', 'Depreciated Lenovo Laptop  on 22nd Jan, 2017', '2017-01-21 21:03:36', '2017-01-21 21:03:36', 0),
(42, '2017-01-22', '1485032496', 14, 43, 'superadmin', 'debit', 'Depreciated Lenovo Laptop  on 22nd Jan, 2017', '2017-01-21 21:03:36', '2017-01-21 21:03:36', 0),
(43, '2017-01-22', '1485032476', 14, 43, 'superadmin', 'credit', 'Reversed depreciation on Lenovo Laptop  on 22nd Jan, 2017', '2017-01-21 21:08:16', '2017-01-21 21:08:16', 0),
(44, '2017-01-22', '1485032476', 13, 43, 'superadmin', 'debit', 'Reversed depreciation on Lenovo Laptop  on 22nd Jan, 2017', '2017-01-21 21:08:16', '2017-01-21 21:08:16', 0),
(45, '2017-01-22', '1485032476', 13, 43, 'superadmin', 'credit', 'Depreciated Lenovo Laptop  on 22nd Jan, 2017', '2017-01-21 21:08:16', '2017-01-21 21:08:16', 0),
(46, '2017-01-22', '1485032476', 14, 43, 'superadmin', 'debit', 'Depreciated Lenovo Laptop  on 22nd Jan, 2017', '2017-01-21 21:08:17', '2017-01-21 21:08:17', 0),
(47, '2017-01-22', '1485032491', 14, 43, 'superadmin', 'credit', 'Reversed depreciation on Lenovo Laptop  on 22nd Jan, 2017', '2017-01-21 21:08:31', '2017-01-21 21:08:31', 0),
(48, '2017-01-22', '1485032491', 13, 43, 'superadmin', 'debit', 'Reversed depreciation on Lenovo Laptop  on 22nd Jan, 2017', '2017-01-21 21:08:31', '2017-01-21 21:08:31', 0),
(49, '2017-01-22', '1485032492', 13, 43, 'superadmin', 'credit', 'Depreciated Lenovo Laptop  on 22nd Jan, 2017', '2017-01-21 21:08:32', '2017-01-21 21:08:32', 0),
(50, '2017-01-22', '1485032492', 14, 43, 'superadmin', 'debit', 'Depreciated Lenovo Laptop  on 22nd Jan, 2017', '2017-01-21 21:08:32', '2017-01-21 21:08:32', 0),
(51, '2017-01-22', '1485032519', 14, 55129, 'superadmin', 'credit', 'Reversed depreciation on Lenovo Laptop  on 22nd Jan, 2017', '2017-01-21 21:29:59', '2017-01-21 21:29:59', 0),
(52, '2017-01-22', '1485032519', 13, 55129, 'superadmin', 'debit', 'Reversed depreciation on Lenovo Laptop  on 22nd Jan, 2017', '2017-01-21 21:29:59', '2017-01-21 21:29:59', 0),
(53, '2017-01-22', '1485032519', 13, -129, 'superadmin', 'credit', 'Depreciated Lenovo Laptop  on 22nd Jan, 2017', '2017-01-21 21:29:59', '2017-01-21 21:29:59', 0),
(54, '2017-01-22', '1485032519', 14, -129, 'superadmin', 'debit', 'Depreciated Lenovo Laptop  on 22nd Jan, 2017', '2017-01-21 21:29:59', '2017-01-21 21:29:59', 0),
(55, '2017-01-22', '1485032470', 14, 43, 'superadmin', 'credit', 'Reversed depreciation on Lenovo Laptop  on 22nd Jan, 2017', '2017-01-21 21:30:10', '2017-01-21 21:30:10', 0),
(56, '2017-01-22', '1485032470', 13, 43, 'superadmin', 'debit', 'Reversed depreciation on Lenovo Laptop  on 22nd Jan, 2017', '2017-01-21 21:30:10', '2017-01-21 21:30:10', 0),
(57, '2017-01-22', '1485032470', 13, 43, 'superadmin', 'credit', 'Depreciated Lenovo Laptop  on 22nd Jan, 2017', '2017-01-21 21:30:10', '2017-01-21 21:30:10', 0),
(58, '2017-01-22', '1485032470', 14, 43, 'superadmin', 'debit', 'Depreciated Lenovo Laptop  on 22nd Jan, 2017', '2017-01-21 21:30:10', '2017-01-21 21:30:10', 0),
(59, '2017-01-22', '1485032500', 14, 55000, 'superadmin', 'credit', 'Reversed depreciation on Lenovo Laptop  on 22nd Jan, 2017', '2017-01-21 21:30:40', '2017-01-21 21:30:40', 0),
(60, '2017-01-22', '1485032500', 13, 55000, 'superadmin', 'debit', 'Reversed depreciation on Lenovo Laptop  on 22nd Jan, 2017', '2017-01-21 21:30:40', '2017-01-21 21:30:40', 0),
(61, '2017-01-22', '1485032501', 13, 0, 'superadmin', 'credit', 'Depreciated Lenovo Laptop  on 22nd Jan, 2017', '2017-01-21 21:30:41', '2017-01-21 21:30:41', 0),
(62, '2017-01-22', '1485032501', 14, 0, 'superadmin', 'debit', 'Depreciated Lenovo Laptop  on 22nd Jan, 2017', '2017-01-21 21:30:41', '2017-01-21 21:30:41', 0),
(63, '2017-01-22', '1485090087', 14, 43, 'superadmin', 'credit', 'Reversed depreciation on Lenovo Laptop  on 22nd Jan, 2017', '2017-01-22 13:49:27', '2017-01-22 13:49:27', 0),
(64, '2017-01-22', '1485090087', 13, 43, 'superadmin', 'debit', 'Reversed depreciation on Lenovo Laptop  on 22nd Jan, 2017', '2017-01-22 13:49:27', '2017-01-22 13:49:27', 0),
(65, '2017-01-22', '1485090087', 13, 43, 'superadmin', 'credit', 'Depreciated Lenovo Laptop  on 22nd Jan, 2017', '2017-01-22 13:49:27', '2017-01-22 13:49:27', 0),
(66, '2017-01-22', '1485090087', 14, 43, 'superadmin', 'debit', 'Depreciated Lenovo Laptop  on 22nd Jan, 2017', '2017-01-22 13:49:27', '2017-01-22 13:49:27', 0),
(67, '2017-01-23', '1485151296', 14, 43, 'superadmin', 'credit', 'Reversed depreciation on Lenovo Laptop  on 23rd Jan, 2017', '2017-01-23 06:53:36', '2017-01-23 06:53:36', 0),
(68, '2017-01-23', '1485151296', 13, 43, 'superadmin', 'debit', 'Reversed depreciation on Lenovo Laptop  on 23rd Jan, 2017', '2017-01-23 06:53:36', '2017-01-23 06:53:36', 0),
(69, '2017-01-23', '1485151296', 13, 65, 'superadmin', 'credit', 'Depreciated Lenovo Laptop  on 23rd Jan, 2017', '2017-01-23 06:53:36', '2017-01-23 06:53:36', 0),
(70, '2017-01-23', '1485151296', 14, 65, 'superadmin', 'debit', 'Depreciated Lenovo Laptop  on 23rd Jan, 2017', '2017-01-23 06:53:36', '2017-01-23 06:53:36', 0),
(71, '2017-01-23', '1485165717', 14, 65, 'superadmin', 'credit', 'Reversed depreciation on Lenovo Laptop  on 23rd Jan, 2017', '2017-01-23 10:54:57', '2017-01-23 10:54:57', 0),
(72, '2017-01-23', '1485165717', 13, 65, 'superadmin', 'debit', 'Reversed depreciation on Lenovo Laptop  on 23rd Jan, 2017', '2017-01-23 10:54:57', '2017-01-23 10:54:57', 0),
(73, '2017-01-23', '1485165717', 13, 65, 'superadmin', 'credit', 'Depreciated Lenovo Laptop  on 23rd Jan, 2017', '2017-01-23 10:54:57', '2017-01-23 10:54:57', 0),
(74, '2017-01-23', '1485165717', 14, 65, 'superadmin', 'debit', 'Depreciated Lenovo Laptop  on 23rd Jan, 2017', '2017-01-23 10:54:57', '2017-01-23 10:54:57', 0),
(75, '2017-01-23', '1485169305', 13, 65, 'superadmin', 'credit', 'Depreciated Lenovo Laptop  on 23rd Jan, 2017', '2017-01-23 11:04:45', '2017-01-23 11:04:45', 0),
(76, '2017-01-23', '1485169305', 14, 65, 'superadmin', 'debit', 'Depreciated Lenovo Laptop  on 23rd Jan, 2017', '2017-01-23 11:04:45', '2017-01-23 11:04:45', 0),
(77, '2017-01-23', '1485169280', 13, 65, 'superadmin', 'credit', 'Depreciated Lenovo Laptop  on 23rd Jan, 2017', '2017-01-23 11:06:20', '2017-01-23 11:06:20', 0),
(78, '2017-01-23', '1485169280', 14, 65, 'superadmin', 'debit', 'Depreciated Lenovo Laptop  on 23rd Jan, 2017', '2017-01-23 11:06:20', '2017-01-23 11:06:20', 0),
(79, '2017-01-23', '1485169303', 13, 32, 'superadmin', 'credit', 'Depreciated Lenovo Laptop  on 23rd Jan, 2017', '2017-01-23 11:08:43', '2017-01-23 11:08:43', 0),
(80, '2017-01-23', '1485169303', 14, 32, 'superadmin', 'debit', 'Depreciated Lenovo Laptop  on 23rd Jan, 2017', '2017-01-23 11:08:43', '2017-01-23 11:08:43', 0),
(81, '2017-01-25', '1485331262', 14, 32, 'superadmin', 'credit', 'Reversed depreciation on Lenovo Laptop  on 25th Jan, 2017', '2017-01-25 08:45:02', '2017-01-25 08:45:02', 0),
(82, '2017-01-25', '1485331262', 13, 32, 'superadmin', 'debit', 'Reversed depreciation on Lenovo Laptop  on 25th Jan, 2017', '2017-01-25 08:45:02', '2017-01-25 08:45:02', 0),
(83, '2017-01-25', '1485331263', 13, 54, 'superadmin', 'credit', 'Depreciated Lenovo Laptop  on 25th Jan, 2017', '2017-01-25 08:45:03', '2017-01-25 08:45:03', 0),
(84, '2017-01-25', '1485331263', 14, 54, 'superadmin', 'debit', 'Depreciated Lenovo Laptop  on 25th Jan, 2017', '2017-01-25 08:45:03', '2017-01-25 08:45:03', 0),
(85, '2017-01-25', '1485331271', 14, 54, 'superadmin', 'credit', 'Reversed depreciation on Lenovo Laptop  on 25th Jan, 2017', '2017-01-25 08:45:11', '2017-01-25 08:45:11', 0),
(86, '2017-01-25', '1485331271', 13, 54, 'superadmin', 'debit', 'Reversed depreciation on Lenovo Laptop  on 25th Jan, 2017', '2017-01-25 08:45:11', '2017-01-25 08:45:11', 0),
(87, '2017-01-25', '1485331271', 13, 54, 'superadmin', 'credit', 'Depreciated Lenovo Laptop  on 25th Jan, 2017', '2017-01-25 08:45:11', '2017-01-25 08:45:11', 0),
(88, '2017-01-25', '1485331271', 14, 54, 'superadmin', 'debit', 'Depreciated Lenovo Laptop  on 25th Jan, 2017', '2017-01-25 08:45:11', '2017-01-25 08:45:11', 0),
(89, '2017-01-25', '1485331271', 13, 173, 'superadmin', 'credit', 'Depreciated Lenovo Laptop  on 25th Jan, 2017', '2017-01-25 08:46:11', '2017-01-25 08:46:11', 0),
(90, '2017-01-25', '1485331271', 14, 173, 'superadmin', 'debit', 'Depreciated Lenovo Laptop  on 25th Jan, 2017', '2017-01-25 08:46:11', '2017-01-25 08:46:11', 0),
(91, '2017-01-25', '1485331287', 14, 173, 'superadmin', 'credit', 'Reversed depreciation on Lenovo Laptop  on 25th Jan, 2017', '2017-01-25 08:46:27', '2017-01-25 08:46:27', 0),
(92, '2017-01-25', '1485331287', 13, 173, 'superadmin', 'debit', 'Reversed depreciation on Lenovo Laptop  on 25th Jan, 2017', '2017-01-25 08:46:27', '2017-01-25 08:46:27', 0),
(93, '2017-01-25', '1485331288', 13, 173, 'superadmin', 'credit', 'Depreciated Lenovo Laptop  on 25th Jan, 2017', '2017-01-25 08:46:28', '2017-01-25 08:46:28', 0),
(94, '2017-01-25', '1485331288', 14, 173, 'superadmin', 'debit', 'Depreciated Lenovo Laptop  on 25th Jan, 2017', '2017-01-25 08:46:28', '2017-01-25 08:46:28', 0),
(95, '2017-01-25', '1485331303', 13, 108, 'superadmin', 'credit', 'Depreciated Lenovo Laptop  on 25th Jan, 2017', '2017-01-25 08:46:43', '2017-01-25 08:46:43', 0),
(96, '2017-01-25', '1485331303', 14, 108, 'superadmin', 'debit', 'Depreciated Lenovo Laptop  on 25th Jan, 2017', '2017-01-25 08:46:43', '2017-01-25 08:46:43', 0),
(97, '2017-02-23', '1487844160', 1, 84200, 'superadmin', 'credit', 'Buy some goods', '2017-02-23 10:55:40', '2017-02-23 10:55:40', 0),
(98, '2017-02-23', '1487844160', 2, 84200, 'superadmin', 'debit', 'Buy some goods', '2017-02-23 10:55:40', '2017-02-23 10:55:40', 0);

-- --------------------------------------------------------

--
-- Table structure for table `kins`
--

CREATE TABLE `kins` (
  `id` int(10) UNSIGNED NOT NULL,
  `name` varchar(255) COLLATE utf8_unicode_ci NOT NULL,
  `rship` varchar(255) COLLATE utf8_unicode_ci DEFAULT NULL,
  `goodwill` float(10,0) DEFAULT NULL,
  `id_number` varchar(255) COLLATE utf8_unicode_ci DEFAULT NULL,
  `member_id` int(10) UNSIGNED NOT NULL,
  `created_at` timestamp NOT NULL DEFAULT '0000-00-00 00:00:00',
  `updated_at` timestamp NOT NULL DEFAULT '0000-00-00 00:00:00'
) ENGINE=InnoDB DEFAULT CHARSET=utf8 COLLATE=utf8_unicode_ci;

-- --------------------------------------------------------

--
-- Table structure for table `leaveapplications`
--

CREATE TABLE `leaveapplications` (
  `id` int(10) UNSIGNED NOT NULL,
  `employee_id` int(10) UNSIGNED NOT NULL,
  `application_date` date DEFAULT NULL,
  `applied_start_date` date DEFAULT NULL,
  `applied_end_date` date DEFAULT NULL,
  `leavetype_id` int(10) UNSIGNED NOT NULL,
  `status` varchar(255) COLLATE utf8_unicode_ci DEFAULT NULL,
  `date_approved` date DEFAULT NULL,
  `date_rejected` date DEFAULT NULL,
  `date_amended` date DEFAULT NULL,
  `date_cancelled` date DEFAULT NULL,
  `approved_start_date` date DEFAULT NULL,
  `approved_end_date` date DEFAULT NULL,
  `actual_start_date` date DEFAULT NULL,
  `actual_end_date` date DEFAULT NULL,
  `organization_id` int(10) UNSIGNED NOT NULL,
  `created_at` timestamp NOT NULL DEFAULT '0000-00-00 00:00:00',
  `updated_at` timestamp NOT NULL DEFAULT '0000-00-00 00:00:00'
) ENGINE=InnoDB DEFAULT CHARSET=utf8 COLLATE=utf8_unicode_ci;

-- --------------------------------------------------------

--
-- Table structure for table `leavetypes`
--

CREATE TABLE `leavetypes` (
  `id` int(10) UNSIGNED NOT NULL,
  `name` varchar(255) COLLATE utf8_unicode_ci DEFAULT NULL,
  `days` int(11) DEFAULT '0',
  `organization_id` int(10) UNSIGNED NOT NULL,
  `created_at` timestamp NOT NULL DEFAULT '0000-00-00 00:00:00',
  `updated_at` timestamp NOT NULL DEFAULT '0000-00-00 00:00:00'
) ENGINE=InnoDB DEFAULT CHARSET=utf8 COLLATE=utf8_unicode_ci;

-- --------------------------------------------------------

--
-- Table structure for table `loanaccounts`
--

CREATE TABLE `loanaccounts` (
  `id` int(10) UNSIGNED NOT NULL,
  `member_id` int(10) UNSIGNED NOT NULL,
  `loanproduct_id` int(10) UNSIGNED NOT NULL,
  `is_new_application` tinyint(1) NOT NULL DEFAULT '1',
  `application_date` date NOT NULL,
  `amount_applied` float(10,0) NOT NULL,
  `interest_rate` float(10,0) NOT NULL,
  `period` int(11) NOT NULL,
  `is_approved` tinyint(1) NOT NULL DEFAULT '0',
  `date_approved` date DEFAULT NULL,
  `amount_approved` float(10,0) DEFAULT NULL,
  `is_rejected` tinyint(1) NOT NULL DEFAULT '0',
  `rejection_reason` varchar(255) COLLATE utf8_unicode_ci DEFAULT NULL,
  `is_amended` tinyint(1) NOT NULL DEFAULT '0',
  `date_amended` date DEFAULT NULL,
  `is_disbursed` tinyint(1) NOT NULL DEFAULT '0',
  `amount_disbursed` float(10,0) DEFAULT NULL,
  `date_disbursed` date DEFAULT NULL,
  `repayment_start_date` date DEFAULT NULL,
  `is_matured` tinyint(1) NOT NULL DEFAULT '0',
  `is_written_off` tinyint(1) NOT NULL DEFAULT '0',
  `is_defaulted` tinyint(1) NOT NULL DEFAULT '0',
  `is_overpaid` tinyint(1) NOT NULL DEFAULT '0',
  `account_number` varchar(255) COLLATE utf8_unicode_ci DEFAULT NULL,
  `created_at` timestamp NOT NULL DEFAULT '0000-00-00 00:00:00',
  `updated_at` timestamp NOT NULL DEFAULT '0000-00-00 00:00:00',
  `repayment_duration` int(11) DEFAULT NULL,
  `is_top_up` tinyint(1) DEFAULT '0',
  `top_up_amount` float(15,3) DEFAULT '0.000',
  `loan_purpose` varchar(255) COLLATE utf8_unicode_ci DEFAULT NULL
) ENGINE=InnoDB DEFAULT CHARSET=utf8 COLLATE=utf8_unicode_ci;

-- --------------------------------------------------------

--
-- Table structure for table `loanguarantors`
--

CREATE TABLE `loanguarantors` (
  `id` int(10) UNSIGNED NOT NULL,
  `member_id` int(10) UNSIGNED NOT NULL,
  `loanaccount_id` int(10) UNSIGNED NOT NULL,
  `amount` float(10,0) NOT NULL DEFAULT '0',
  `created_at` timestamp NOT NULL DEFAULT '0000-00-00 00:00:00',
  `updated_at` timestamp NOT NULL DEFAULT '0000-00-00 00:00:00'
) ENGINE=InnoDB DEFAULT CHARSET=utf8 COLLATE=utf8_unicode_ci;

-- --------------------------------------------------------

--
-- Table structure for table `loanpostings`
--

CREATE TABLE `loanpostings` (
  `id` int(10) UNSIGNED NOT NULL,
  `loanproduct_id` int(10) UNSIGNED NOT NULL,
  `transaction` varchar(255) COLLATE utf8_unicode_ci NOT NULL,
  `debit_account` varchar(255) COLLATE utf8_unicode_ci NOT NULL,
  `credit_account` varchar(255) COLLATE utf8_unicode_ci NOT NULL,
  `created_at` timestamp NOT NULL DEFAULT '0000-00-00 00:00:00',
  `updated_at` timestamp NOT NULL DEFAULT '0000-00-00 00:00:00'
) ENGINE=InnoDB DEFAULT CHARSET=utf8 COLLATE=utf8_unicode_ci;

-- --------------------------------------------------------

--
-- Table structure for table `loanproducts`
--

CREATE TABLE `loanproducts` (
  `id` int(10) UNSIGNED NOT NULL,
  `name` varchar(255) COLLATE utf8_unicode_ci NOT NULL,
  `short_name` varchar(255) COLLATE utf8_unicode_ci NOT NULL,
  `formula` varchar(255) COLLATE utf8_unicode_ci NOT NULL,
  `interest_rate` float(10,0) NOT NULL,
  `created_at` timestamp NOT NULL DEFAULT '0000-00-00 00:00:00',
  `updated_at` timestamp NOT NULL DEFAULT '0000-00-00 00:00:00',
  `amortization` varchar(255) COLLATE utf8_unicode_ci DEFAULT 'EI',
  `period` int(11) DEFAULT NULL,
  `currency` varchar(255) COLLATE utf8_unicode_ci NOT NULL
) ENGINE=InnoDB DEFAULT CHARSET=utf8 COLLATE=utf8_unicode_ci;

-- --------------------------------------------------------

--
-- Table structure for table `loanrepayments`
--

CREATE TABLE `loanrepayments` (
  `id` int(10) UNSIGNED NOT NULL,
  `loanaccount_id` int(10) UNSIGNED NOT NULL,
  `date` date NOT NULL,
  `principal_paid` float(12,2) NOT NULL DEFAULT '0.00',
  `interest_paid` float(12,2) NOT NULL DEFAULT '0.00',
  `created_at` timestamp NOT NULL DEFAULT '0000-00-00 00:00:00',
  `updated_at` timestamp NOT NULL DEFAULT '0000-00-00 00:00:00'
) ENGINE=InnoDB DEFAULT CHARSET=utf8 COLLATE=utf8_unicode_ci;

-- --------------------------------------------------------

--
-- Table structure for table `loantransactions`
--

CREATE TABLE `loantransactions` (
  `id` int(10) UNSIGNED NOT NULL,
  `loanaccount_id` int(10) UNSIGNED NOT NULL,
  `date` date NOT NULL,
  `description` varchar(255) COLLATE utf8_unicode_ci DEFAULT NULL,
  `trans_no` varchar(255) COLLATE utf8_unicode_ci DEFAULT NULL,
  `amount` float(10,0) NOT NULL DEFAULT '0',
  `type` varchar(255) COLLATE utf8_unicode_ci NOT NULL,
  `created_at` timestamp NOT NULL DEFAULT '0000-00-00 00:00:00',
  `updated_at` timestamp NOT NULL DEFAULT '0000-00-00 00:00:00'
) ENGINE=InnoDB DEFAULT CHARSET=utf8 COLLATE=utf8_unicode_ci;

-- --------------------------------------------------------

--
-- Table structure for table `locations`
--

CREATE TABLE `locations` (
  `id` int(10) UNSIGNED NOT NULL,
  `name` varchar(255) COLLATE utf8_unicode_ci NOT NULL,
  `description` varchar(255) COLLATE utf8_unicode_ci DEFAULT NULL,
  `created_at` timestamp NOT NULL DEFAULT '0000-00-00 00:00:00',
  `updated_at` timestamp NOT NULL DEFAULT '0000-00-00 00:00:00'
) ENGINE=InnoDB DEFAULT CHARSET=utf8 COLLATE=utf8_unicode_ci;

--
-- Dumping data for table `locations`
--

INSERT INTO `locations` (`id`, `name`, `description`, `created_at`, `updated_at`) VALUES
(1, 'Main', 'The main company store', '2016-07-04 03:48:47', '2016-10-07 12:53:39');

-- --------------------------------------------------------

--
-- Table structure for table `mails`
--

CREATE TABLE `mails` (
  `id` int(10) UNSIGNED NOT NULL,
  `driver` varchar(255) COLLATE utf8_unicode_ci NOT NULL DEFAULT 'smtp',
  `host` varchar(255) COLLATE utf8_unicode_ci DEFAULT NULL,
  `username` varchar(255) COLLATE utf8_unicode_ci DEFAULT NULL,
  `password` varchar(255) COLLATE utf8_unicode_ci DEFAULT NULL,
  `port` varchar(255) COLLATE utf8_unicode_ci DEFAULT NULL,
  `encryption` varchar(255) COLLATE utf8_unicode_ci NOT NULL,
  `sender_name` varchar(255) COLLATE utf8_unicode_ci DEFAULT NULL,
  `created_at` timestamp NOT NULL DEFAULT '0000-00-00 00:00:00',
  `updated_at` timestamp NOT NULL DEFAULT '0000-00-00 00:00:00'
) ENGINE=InnoDB DEFAULT CHARSET=utf8 COLLATE=utf8_unicode_ci;

--
-- Dumping data for table `mails`
--

INSERT INTO `mails` (`id`, `driver`, `host`, `username`, `password`, `port`, `encryption`, `sender_name`, `created_at`, `updated_at`) VALUES
(1, 'smtp', 'mail.lixnet.net', 'info@lixnet.net', 'lixnetco2015', '25', '', NULL, '2016-06-30 04:31:13', '2016-06-30 06:39:06');

-- --------------------------------------------------------

--
-- Table structure for table `members`
--

CREATE TABLE `members` (
  `id` int(10) UNSIGNED NOT NULL,
  `name` varchar(255) COLLATE utf8_unicode_ci NOT NULL,
  `membership_no` varchar(255) COLLATE utf8_unicode_ci NOT NULL,
  `photo` varchar(255) COLLATE utf8_unicode_ci NOT NULL DEFAULT 'default_photo.png',
  `signature` varchar(255) COLLATE utf8_unicode_ci DEFAULT NULL,
  `gender` varchar(255) COLLATE utf8_unicode_ci DEFAULT NULL,
  `id_number` bigint(20) DEFAULT NULL,
  `phone` varchar(255) COLLATE utf8_unicode_ci DEFAULT NULL,
  `email` varchar(255) COLLATE utf8_unicode_ci DEFAULT NULL,
  `address` text COLLATE utf8_unicode_ci,
  `group_id` int(10) UNSIGNED DEFAULT NULL,
  `branch_id` int(10) UNSIGNED NOT NULL,
  `monthly_remittance_amount` float(15,2) DEFAULT NULL,
  `created_at` timestamp NOT NULL DEFAULT '0000-00-00 00:00:00',
  `updated_at` timestamp NOT NULL DEFAULT '0000-00-00 00:00:00',
  `is_active` tinyint(1) DEFAULT '1',
  `is_css_active` tinyint(1) DEFAULT '0'
) ENGINE=InnoDB DEFAULT CHARSET=utf8 COLLATE=utf8_unicode_ci;

-- --------------------------------------------------------

--
-- Table structure for table `migrations`
--

CREATE TABLE `migrations` (
  `migration` varchar(255) COLLATE utf8_unicode_ci NOT NULL,
  `batch` int(11) NOT NULL
) ENGINE=InnoDB DEFAULT CHARSET=utf8 COLLATE=utf8_unicode_ci;

--
-- Dumping data for table `migrations`
--

INSERT INTO `migrations` (`migration`, `batch`) VALUES
('2015_06_29_104738_create_mails_table', 1),
('2015_11_13_192002_create_x_account_table', 1),
('2015_11_13_192002_create_x_accounts_table', 1),
('2015_11_13_192002_create_x_assigned_roles_table', 1),
('2015_11_13_192002_create_x_audits_table', 1),
('2015_11_13_192002_create_x_banking_table', 1),
('2015_11_13_192002_create_x_branches_table', 1),
('2015_11_13_192002_create_x_categories_table', 1),
('2015_11_13_192002_create_x_charge_loanproduct_table', 1),
('2015_11_13_192002_create_x_charge_savingproduct_table', 1),
('2015_11_13_192002_create_x_charges_table', 1),
('2015_11_13_192002_create_x_currencies_table', 1),
('2015_11_13_192002_create_x_groups_table', 1),
('2015_11_13_192002_create_x_journals_table', 1),
('2015_11_13_192002_create_x_kins_table', 1),
('2015_11_13_192002_create_x_loanaccounts_table', 1),
('2015_11_13_192002_create_x_loanguarantors_table', 1),
('2015_11_13_192002_create_x_loanpostings_table', 1),
('2015_11_13_192002_create_x_loanproducts_table', 1),
('2015_11_13_192002_create_x_loanrepayments_table', 1),
('2015_11_13_192002_create_x_loantransactions_table', 1),
('2015_11_13_192002_create_x_members_table', 1),
('2015_11_13_192002_create_x_orders_table', 1),
('2015_11_13_192002_create_x_organizations_table', 1),
('2015_11_13_192002_create_x_password_reminders_table', 1),
('2015_11_13_192002_create_x_permission_role_table', 1),
('2015_11_13_192002_create_x_permissions_table', 1),
('2015_11_13_192002_create_x_products_table', 1),
('2015_11_13_192002_create_x_roles_table', 1),
('2015_11_13_192002_create_x_savingaccounts_table', 1),
('2015_11_13_192002_create_x_savingpostings_table', 1),
('2015_11_13_192002_create_x_savingproducts_table', 1),
('2015_11_13_192002_create_x_savingtransactions_table', 1),
('2015_11_13_192002_create_x_shareaccounts_table', 1),
('2015_11_13_192002_create_x_shares_table', 1),
('2015_11_13_192002_create_x_sharetransactions_table', 1),
('2015_11_13_192002_create_x_tax_orders_table', 1),
('2015_11_13_192002_create_x_tax_table', 1),
('2015_11_13_192002_create_x_user_role_table', 1),
('2015_11_13_192002_create_x_users_table', 1),
('2015_11_13_192002_create_x_vendors_table', 1),
('2015_11_13_192006_add_foreign_keys_to_x_assigned_roles_table', 1),
('2015_11_13_192006_add_foreign_keys_to_x_charge_loanproduct_table', 1),
('2015_11_13_192006_add_foreign_keys_to_x_charge_savingproduct_table', 1),
('2015_11_13_192006_add_foreign_keys_to_x_journals_table', 1),
('2015_11_13_192006_add_foreign_keys_to_x_kins_table', 1),
('2015_11_13_192006_add_foreign_keys_to_x_loanaccounts_table', 1),
('2015_11_13_192006_add_foreign_keys_to_x_loanguarantors_table', 1),
('2015_11_13_192006_add_foreign_keys_to_x_loanpostings_table', 1),
('2015_11_13_192006_add_foreign_keys_to_x_loanrepayments_table', 1),
('2015_11_13_192006_add_foreign_keys_to_x_loantransactions_table', 1),
('2015_11_13_192006_add_foreign_keys_to_x_members_table', 1),
('2015_11_13_192006_add_foreign_keys_to_x_orders_table', 1),
('2015_11_13_192006_add_foreign_keys_to_x_permission_role_table', 1),
('2015_11_13_192006_add_foreign_keys_to_x_products_table', 1),
('2015_11_13_192006_add_foreign_keys_to_x_savingaccounts_table', 1),
('2015_11_13_192006_add_foreign_keys_to_x_savingpostings_table', 1),
('2015_11_13_192006_add_foreign_keys_to_x_savingtransactions_table', 1),
('2015_11_13_192006_add_foreign_keys_to_x_shareaccounts_table', 1),
('2015_11_13_192006_add_foreign_keys_to_x_sharetransactions_table', 1),
('2015_11_13_192006_add_foreign_keys_to_x_user_role_table', 1),
('2015_11_13_192006_add_foreign_keys_to_x_users_table', 1),
('2015_11_20_083755_create_autoprocesses_table', 1),
('2015_11_30_072830_create_employee_table', 1),
('2015_11_30_101925_create_departments_table', 1),
('2015_11_30_102341_create_job_group_table', 1),
('2015_11_30_103046_create_education_table', 1),
('2015_11_30_104021_create_employee_type_table', 1),
('2015_11_30_104621_create_bank_table', 1),
('2015_11_30_105006_create_deductions_table', 1),
('2015_11_30_105430_create_relief_table', 1),
('2015_11_30_105530_create_employee_relief_table', 1),
('2015_11_30_122642_create_earnings_table', 1),
('2015_11_30_125654_create_allowances_table', 1),
('2015_11_30_130039_create_employee_allowances_table', 1),
('2015_11_30_131641_create_bank_branches_table', 1),
('2015_11_30_132013_create_employee_deductions_table', 1),
('2015_11_30_132807_create_transact_allowances_table', 1),
('2015_11_30_132807_create_transact_deductions_table', 1),
('2015_11_30_133021_create_transact_earnings_table', 1),
('2015_11_30_133337_create_transact_table', 1),
('2015_11_30_134419_create_documents_table', 1),
('2015_11_30_134623_create_next_of_kin_table', 1),
('2015_11_30_135019_create_company_property_table', 1),
('2015_12_02_060131_create_nssf_table', 1),
('2015_12_02_060202_create_nhif_table', 1),
('2015_12_11_073943_create_leavetypes_table', 1),
('2015_12_11_074541_create_holidays_table', 1),
('2015_12_11_075243_create_leaveapplications_table', 1),
('2015_12_17_092634_create_items_table', 1),
('2015_12_17_093206_create_clients_table', 1),
('2015_12_17_093509_create_paymentmethods_table', 1),
('2015_12_17_094052_create_locations_table', 1),
('2015_12_17_094633_create_expenses_table', 1),
('2015_12_17_095700_create_erporders_table', 1),
('2015_12_17_101046_create_erporderitems_table', 1),
('2015_12_17_104147_create_payments_table', 1),
('2015_12_17_104738_create_stocks_table', 1),
('2016_08_04_104739_create_prices_table', 2),
('2016_08_22_090924_alter_clients_add_fk', 3),
('2016_08_26_130103_create_transactions_table', 4),
('2016_09_08_161324_add_comment_column_in_erporder', 5),
('2016_10_06_145141_add_x_ref_no_to_expenses_table', 5),
('2016_10_13_144052_create_bank_reconciliation_tables', 6),
('2016_10_24_230950_create_table_account_transactions', 7),
('2016_11_17_140412_create_x_petty_cash_items_table', 8),
('2016_11_23_231625_create_x_expense_claims_tables', 9),
('2016_12_13_103925_create_asset_management_tables', 10);

-- --------------------------------------------------------

--
-- Table structure for table `next_of_kin`
--

CREATE TABLE `next_of_kin` (
  `id` int(10) UNSIGNED NOT NULL,
  `employee_id` int(10) UNSIGNED NOT NULL DEFAULT '0',
  `kin_name` varchar(255) COLLATE utf8_unicode_ci NOT NULL,
  `relation` varchar(255) COLLATE utf8_unicode_ci NOT NULL,
  `contact` varchar(255) COLLATE utf8_unicode_ci NOT NULL,
  `id_number` varchar(255) COLLATE utf8_unicode_ci NOT NULL,
  `amount` double(15,2) NOT NULL DEFAULT '0.00',
  `created_at` timestamp NOT NULL DEFAULT '0000-00-00 00:00:00',
  `updated_at` timestamp NOT NULL DEFAULT '0000-00-00 00:00:00'
) ENGINE=InnoDB DEFAULT CHARSET=utf8 COLLATE=utf8_unicode_ci;

-- --------------------------------------------------------

--
-- Table structure for table `orders`
--

CREATE TABLE `orders` (
  `id` int(10) UNSIGNED NOT NULL,
  `product_id` int(10) UNSIGNED NOT NULL,
  `order_date` date DEFAULT NULL,
  `customer_name` varchar(255) COLLATE utf8_unicode_ci DEFAULT NULL,
  `sacco` varchar(255) COLLATE utf8_unicode_ci DEFAULT NULL,
  `customer_phone` varchar(255) COLLATE utf8_unicode_ci DEFAULT NULL,
  `customer_number` varchar(255) COLLATE utf8_unicode_ci DEFAULT NULL,
  `status` varchar(255) COLLATE utf8_unicode_ci NOT NULL DEFAULT 'new',
  `created_at` timestamp NOT NULL DEFAULT '0000-00-00 00:00:00',
  `updated_at` timestamp NOT NULL DEFAULT '0000-00-00 00:00:00'
) ENGINE=InnoDB DEFAULT CHARSET=utf8 COLLATE=utf8_unicode_ci;

-- --------------------------------------------------------

--
-- Table structure for table `organizations`
--

CREATE TABLE `organizations` (
  `id` int(10) UNSIGNED NOT NULL,
  `name` varchar(255) COLLATE utf8_unicode_ci DEFAULT 'XARA CBS',
  `logo` varchar(255) COLLATE utf8_unicode_ci DEFAULT NULL,
  `email` varchar(255) COLLATE utf8_unicode_ci DEFAULT NULL,
  `website` varchar(255) COLLATE utf8_unicode_ci DEFAULT NULL,
  `address` varchar(255) COLLATE utf8_unicode_ci DEFAULT NULL,
  `phone` varchar(255) COLLATE utf8_unicode_ci DEFAULT NULL,
  `kra_pin` varchar(255) COLLATE utf8_unicode_ci DEFAULT NULL,
  `nssf_no` varchar(255) COLLATE utf8_unicode_ci DEFAULT NULL,
  `nhif_no` varchar(255) COLLATE utf8_unicode_ci DEFAULT NULL,
  `bank_id` int(10) UNSIGNED NOT NULL DEFAULT '0',
  `bank_branch_id` int(10) UNSIGNED NOT NULL DEFAULT '0',
  `bank_account_number` varchar(255) COLLATE utf8_unicode_ci DEFAULT NULL,
  `swift_code` varchar(255) COLLATE utf8_unicode_ci DEFAULT NULL,
  `license_type` varchar(255) COLLATE utf8_unicode_ci DEFAULT 'evaluation',
  `license_code` varchar(255) COLLATE utf8_unicode_ci DEFAULT NULL,
  `license_key` varchar(255) COLLATE utf8_unicode_ci DEFAULT NULL,
  `licensed` bigint(20) DEFAULT '100',
  `created_at` timestamp NOT NULL DEFAULT '0000-00-00 00:00:00',
  `updated_at` timestamp NOT NULL DEFAULT '0000-00-00 00:00:00'
) ENGINE=InnoDB DEFAULT CHARSET=utf8 COLLATE=utf8_unicode_ci;

--
-- Dumping data for table `organizations`
--

INSERT INTO `organizations` (`id`, `name`, `logo`, `email`, `website`, `address`, `phone`, `kra_pin`, `nssf_no`, `nhif_no`, `bank_id`, `bank_branch_id`, `bank_account_number`, `swift_code`, `license_type`, `license_code`, `license_key`, `licensed`, `created_at`, `updated_at`) VALUES
(1, 'Lixnet Technologies', '9XVb4rTlLuOM.png', NULL, NULL, NULL, NULL, NULL, NULL, NULL, 0, 0, NULL, NULL, 'evaluation', NULL, NULL, 100, '2016-06-30 04:31:13', '2016-06-30 05:03:30');

-- --------------------------------------------------------

--
-- Table structure for table `password_reminders`
--

CREATE TABLE `password_reminders` (
  `email` varchar(255) COLLATE utf8_unicode_ci NOT NULL,
  `token` varchar(255) COLLATE utf8_unicode_ci NOT NULL,
  `created_at` datetime NOT NULL DEFAULT '0000-00-00 00:00:00'
) ENGINE=InnoDB DEFAULT CHARSET=utf8 COLLATE=utf8_unicode_ci;

--
-- Dumping data for table `password_reminders`
--

INSERT INTO `password_reminders` (`email`, `token`, `created_at`) VALUES
('superadmin@lixnet.net', 'e833efdb03b47e3ed69008457a13a533', '2016-08-19 11:21:13'),
('nehigna@gmail.com', '53520e5b593518591a731b01424d05b2', '2016-08-22 09:39:17'),
('nehigna@gmail.com', '772d21d8691ce56a577af1afa7c40f7d', '2016-08-22 09:40:19');

-- --------------------------------------------------------

--
-- Table structure for table `paymentmethods`
--

CREATE TABLE `paymentmethods` (
  `id` int(10) UNSIGNED NOT NULL,
  `name` varchar(255) COLLATE utf8_unicode_ci NOT NULL,
  `account_id` int(10) UNSIGNED NOT NULL,
  `created_at` timestamp NOT NULL DEFAULT '0000-00-00 00:00:00',
  `updated_at` timestamp NOT NULL DEFAULT '0000-00-00 00:00:00'
) ENGINE=InnoDB DEFAULT CHARSET=utf8 COLLATE=utf8_unicode_ci;

--
-- Dumping data for table `paymentmethods`
--

INSERT INTO `paymentmethods` (`id`, `name`, `account_id`, `created_at`, `updated_at`) VALUES
(1, 'Mpesa', 1, '2016-08-10 07:21:39', '2016-08-10 07:21:39'),
(2, 'Cash', 2, '2016-10-24 08:52:48', '2016-10-24 08:52:48');

-- --------------------------------------------------------

--
-- Table structure for table `payments`
--

CREATE TABLE `payments` (
  `id` int(10) UNSIGNED NOT NULL,
  `client_id` int(10) UNSIGNED NOT NULL,
  `account_id` int(10) UNSIGNED NOT NULL,
  `erporder_id` int(10) UNSIGNED NOT NULL,
  `date` date DEFAULT NULL,
  `amount_paid` double NOT NULL DEFAULT '0',
  `received_by` varchar(255) COLLATE utf8_unicode_ci DEFAULT NULL,
  `paymentmethod_id` int(10) UNSIGNED DEFAULT NULL,
  `created_at` timestamp NOT NULL DEFAULT '0000-00-00 00:00:00',
  `updated_at` timestamp NOT NULL DEFAULT '0000-00-00 00:00:00'
) ENGINE=InnoDB DEFAULT CHARSET=utf8 COLLATE=utf8_unicode_ci;

--
-- Dumping data for table `payments`
--

INSERT INTO `payments` (`id`, `client_id`, `account_id`, `erporder_id`, `date`, `amount_paid`, `received_by`, `paymentmethod_id`, `created_at`, `updated_at`) VALUES
(1, 1, 0, 1, '2016-08-10', 20000, 'superadmin', 1, '2016-08-10 07:22:16', '2016-08-10 07:22:16'),
(2, 4, 0, 41, '2016-08-29', 50000, 'superadmin', NULL, '2016-08-29 11:50:40', '2016-10-30 19:47:16'),
(3, 4, 0, 40, '2016-08-29', 0, NULL, NULL, '2016-08-29 20:12:34', '2016-08-29 20:12:34'),
(4, 6, 0, 6, '2016-09-14', 100000, 'superadmin', 1, '2016-09-14 12:48:16', '2016-09-14 12:48:16'),
(5, 7, 0, 7, '2016-09-14', 50000, 'superadmin', 1, '2016-09-14 12:51:45', '2016-09-14 12:51:45'),
(6, 6, 0, 6, '2016-09-14', 50000, 'superadmin', 1, '2016-09-14 12:52:55', '2016-09-14 12:52:55'),
(7, 7, 0, 7, '2016-09-14', 50000, 'superadmin', 1, '2016-09-14 12:53:24', '2016-09-14 12:53:24'),
(8, 4, 0, 4, '2016-10-09', 330000, 'superadmin', 1, '2016-10-09 19:22:15', '2016-10-09 19:22:15'),
(9, 5, 0, 5, '2016-10-30', 435000, 'superadmin', 2, '2016-10-30 18:53:16', '2016-10-30 18:53:16'),
(10, 1, 0, 1, '2016-10-30', 274000, 'superadmin', 2, '2016-10-30 20:04:23', '2016-10-30 20:04:23'),
(11, 2, 0, 2, '2016-10-30', 175000, 'superadmin', 2, '2016-10-30 20:04:51', '2016-10-30 20:04:51'),
(12, 5, 0, 5, '2016-10-30', 1000000, 'superadmin', 2, '2016-10-30 20:05:32', '2016-10-30 20:05:32'),
(13, 5, 0, 5, '2016-10-30', 1000000, 'superadmin', 1, '2016-10-30 20:06:01', '2016-10-30 20:06:01');

-- --------------------------------------------------------

--
-- Table structure for table `permissions`
--

CREATE TABLE `permissions` (
  `id` int(10) UNSIGNED NOT NULL,
  `name` varchar(255) COLLATE utf8_unicode_ci NOT NULL,
  `display_name` varchar(255) COLLATE utf8_unicode_ci NOT NULL,
  `category` varchar(255) COLLATE utf8_unicode_ci NOT NULL,
  `created_at` timestamp NOT NULL DEFAULT '0000-00-00 00:00:00',
  `updated_at` timestamp NOT NULL DEFAULT '0000-00-00 00:00:00'
) ENGINE=InnoDB DEFAULT CHARSET=utf8 COLLATE=utf8_unicode_ci;

--
-- Dumping data for table `permissions`
--

INSERT INTO `permissions` (`id`, `name`, `display_name`, `category`, `created_at`, `updated_at`) VALUES
(1, 'create_employee', 'Create employee', 'Employee', '2016-06-30 04:31:13', '2016-06-30 04:31:13'),
(2, 'update_employee', 'Update employee', 'Employee', '2016-06-30 04:31:13', '2016-06-30 04:31:13'),
(3, 'delete_employee', 'Deactivate employee', 'Employee', '2016-06-30 04:31:13', '2016-06-30 04:31:13'),
(4, 'view_employee', 'View employee', 'Employee', '2016-06-30 04:31:13', '2016-06-30 04:31:13'),
(5, 'manage_earning', 'Manage earnings', 'Payroll', '2016-06-30 04:31:13', '2016-06-30 04:31:13'),
(6, 'manage_deduction', 'Manage deductions', 'Payroll', '2016-06-30 04:31:13', '2016-06-30 04:31:13'),
(7, 'manage_allowance', 'Manage allowance', 'Payroll', '2016-06-30 04:31:13', '2016-06-30 04:31:13'),
(8, 'manage_relief', 'Manage releif', 'Payroll', '2016-06-30 04:31:13', '2016-06-30 04:31:13'),
(9, 'manage_benefit', 'Manage benefits', 'Payroll', '2016-06-30 04:31:13', '2016-06-30 04:31:13'),
(10, 'process_payroll', 'Process payroll', 'Payroll', '2016-06-30 04:31:13', '2016-06-30 04:31:13'),
(11, 'view_payroll_report', 'View reports', 'Payroll', '2016-06-30 04:31:13', '2016-06-30 04:31:13'),
(12, 'manage_settings', 'Manage settings', 'Payroll', '2016-06-30 04:31:13', '2016-06-30 04:31:13'),
(13, 'view_application', 'View applications', 'Leave', '2016-06-30 04:31:13', '2016-06-30 04:31:13'),
(14, 'amend_application', 'Amend applications', 'Leave', '2016-06-30 04:31:13', '2016-06-30 04:31:13'),
(15, 'approve_application', 'Approve applications', 'Leave', '2016-06-30 04:31:14', '2016-06-30 04:31:14'),
(16, 'reject_application', 'Reject applications', 'Leave', '2016-06-30 04:31:14', '2016-06-30 04:31:14'),
(17, 'cancel_application', 'Cancel applications', 'Leave', '2016-06-30 04:31:14', '2016-06-30 04:31:14'),
(18, 'manage_type', 'Manage leave types', 'Leave', '2016-06-30 04:31:14', '2016-06-30 04:31:14'),
(19, 'manage_holiday', 'Manage holidays', 'Leave', '2016-06-30 04:31:14', '2016-06-30 04:31:14'),
(20, 'view_leave_report', 'View reports', 'Leave', '2016-06-30 04:31:14', '2016-06-30 04:31:14'),
(21, 'manage_organization', 'manage organization', 'Organization', '2016-06-30 04:31:14', '2016-06-30 04:31:14'),
(22, 'manage_branch', 'manage branches', 'Organization', '2016-06-30 04:31:14', '2016-06-30 04:31:14'),
(23, 'manage_group', 'manage groups', 'Organization', '2016-06-30 04:31:14', '2016-06-30 04:31:14'),
(24, 'manage_organization_settings', 'manage settings', 'Organization', '2016-06-30 04:31:14', '2016-06-30 04:31:14'),
(25, 'manage_user', 'manage users', 'System', '2016-06-30 04:31:14', '2016-06-30 04:31:14'),
(26, 'manage_role', 'manage roles', 'System', '2016-06-30 04:31:14', '2016-06-30 04:31:14'),
(27, 'manage_audit', 'manage audits', 'System', '2016-06-30 04:31:14', '2016-06-30 04:31:14');

-- --------------------------------------------------------

--
-- Table structure for table `permission_role`
--

CREATE TABLE `permission_role` (
  `id` int(10) UNSIGNED NOT NULL,
  `permission_id` int(10) UNSIGNED NOT NULL,
  `role_id` int(10) UNSIGNED NOT NULL
) ENGINE=InnoDB DEFAULT CHARSET=utf8 COLLATE=utf8_unicode_ci;

--
-- Dumping data for table `permission_role`
--

INSERT INTO `permission_role` (`id`, `permission_id`, `role_id`) VALUES
(1, 1, 1),
(2, 2, 1),
(3, 3, 1),
(4, 4, 1),
(5, 5, 1),
(6, 6, 1),
(7, 7, 1),
(8, 8, 1),
(9, 9, 1),
(10, 10, 1),
(11, 11, 1),
(12, 12, 1),
(13, 13, 1),
(14, 14, 1),
(15, 15, 1),
(16, 16, 1),
(17, 17, 1),
(18, 18, 1),
(19, 19, 1),
(20, 20, 1),
(21, 21, 1),
(22, 22, 1),
(23, 23, 1),
(24, 24, 1),
(25, 25, 1),
(26, 26, 1),
(27, 27, 1);

-- --------------------------------------------------------

--
-- Table structure for table `pettycash_items`
--

CREATE TABLE `pettycash_items` (
  `id` int(10) UNSIGNED NOT NULL,
  `ac_trns` int(10) UNSIGNED NOT NULL,
  `item_name` varchar(255) COLLATE utf8_unicode_ci NOT NULL,
  `description` varchar(255) COLLATE utf8_unicode_ci NOT NULL,
  `quantity` varchar(255) COLLATE utf8_unicode_ci NOT NULL,
  `unit_price` float(8,2) NOT NULL,
  `created_at` timestamp NOT NULL DEFAULT '0000-00-00 00:00:00',
  `updated_at` timestamp NOT NULL DEFAULT '0000-00-00 00:00:00'
) ENGINE=InnoDB DEFAULT CHARSET=utf8 COLLATE=utf8_unicode_ci;

--
-- Dumping data for table `pettycash_items`
--

INSERT INTO `pettycash_items` (`id`, `ac_trns`, `item_name`, `description`, `quantity`, `unit_price`, `created_at`, `updated_at`) VALUES
(1, 19, 'Tosti Bread', 'Tosti Loaf of Bread', '3', 50.00, '2016-11-17 13:25:06', '2016-11-17 13:25:06'),
(2, 19, 'Quencher', '1 litre Quencher juice', '3', 220.00, '2016-11-17 13:25:06', '2016-11-17 13:25:06');

-- --------------------------------------------------------

--
-- Table structure for table `prices`
--

CREATE TABLE `prices` (
  `id` int(10) UNSIGNED NOT NULL,
  `client_id` varchar(255) COLLATE utf8_unicode_ci NOT NULL,
  `date` date NOT NULL,
  `Item_id` varchar(255) COLLATE utf8_unicode_ci DEFAULT NULL,
  `Discount` varchar(255) COLLATE utf8_unicode_ci DEFAULT NULL,
  `created_at` timestamp NOT NULL DEFAULT '0000-00-00 00:00:00',
  `updated_at` timestamp NOT NULL DEFAULT '0000-00-00 00:00:00'
) ENGINE=InnoDB DEFAULT CHARSET=utf8 COLLATE=utf8_unicode_ci;

--
-- Dumping data for table `prices`
--

INSERT INTO `prices` (`id`, `client_id`, `date`, `Item_id`, `Discount`, `created_at`, `updated_at`) VALUES
(1, '1', '2016-08-11', '2', '5000', '2016-08-11 04:44:40', '2016-08-11 04:44:40');

-- --------------------------------------------------------

--
-- Table structure for table `products`
--

CREATE TABLE `products` (
  `id` int(10) UNSIGNED NOT NULL,
  `vendor_id` int(10) UNSIGNED NOT NULL,
  `name` varchar(255) COLLATE utf8_unicode_ci NOT NULL,
  `image` varchar(255) COLLATE utf8_unicode_ci DEFAULT NULL,
  `description` text COLLATE utf8_unicode_ci NOT NULL,
  `price` float(10,0) NOT NULL,
  `status` varchar(255) COLLATE utf8_unicode_ci NOT NULL,
  `created_at` timestamp NOT NULL DEFAULT '0000-00-00 00:00:00',
  `updated_at` timestamp NOT NULL DEFAULT '0000-00-00 00:00:00'
) ENGINE=InnoDB DEFAULT CHARSET=utf8 COLLATE=utf8_unicode_ci;

-- --------------------------------------------------------

--
-- Table structure for table `relief`
--

CREATE TABLE `relief` (
  `id` int(10) UNSIGNED NOT NULL,
  `relief_name` varchar(255) COLLATE utf8_unicode_ci NOT NULL,
  `organization_id` int(10) UNSIGNED NOT NULL DEFAULT '0',
  `created_at` timestamp NOT NULL DEFAULT '0000-00-00 00:00:00',
  `updated_at` timestamp NOT NULL DEFAULT '0000-00-00 00:00:00'
) ENGINE=InnoDB DEFAULT CHARSET=utf8 COLLATE=utf8_unicode_ci;

--
-- Dumping data for table `relief`
--

INSERT INTO `relief` (`id`, `relief_name`, `organization_id`, `created_at`, `updated_at`) VALUES
(1, 'Insurance Relief', 1, '0000-00-00 00:00:00', '0000-00-00 00:00:00');

-- --------------------------------------------------------

--
-- Table structure for table `roles`
--

CREATE TABLE `roles` (
  `id` int(10) UNSIGNED NOT NULL,
  `name` varchar(255) COLLATE utf8_unicode_ci NOT NULL,
  `created_at` timestamp NOT NULL DEFAULT '0000-00-00 00:00:00',
  `updated_at` timestamp NOT NULL DEFAULT '0000-00-00 00:00:00'
) ENGINE=InnoDB DEFAULT CHARSET=utf8 COLLATE=utf8_unicode_ci;

--
-- Dumping data for table `roles`
--

INSERT INTO `roles` (`id`, `name`, `created_at`, `updated_at`) VALUES
(1, 'superadmin', '2016-06-30 04:31:14', '2016-06-30 04:31:14');

-- --------------------------------------------------------

--
-- Table structure for table `savingaccounts`
--

CREATE TABLE `savingaccounts` (
  `id` int(10) UNSIGNED NOT NULL,
  `member_id` int(10) UNSIGNED NOT NULL,
  `savingproduct_id` int(10) UNSIGNED NOT NULL,
  `account_number` varchar(255) COLLATE utf8_unicode_ci NOT NULL,
  `created_at` timestamp NOT NULL DEFAULT '0000-00-00 00:00:00',
  `updated_at` timestamp NOT NULL DEFAULT '0000-00-00 00:00:00'
) ENGINE=InnoDB DEFAULT CHARSET=utf8 COLLATE=utf8_unicode_ci;

-- --------------------------------------------------------

--
-- Table structure for table `savingpostings`
--

CREATE TABLE `savingpostings` (
  `id` int(10) UNSIGNED NOT NULL,
  `savingproduct_id` int(10) UNSIGNED NOT NULL,
  `transaction` varchar(255) COLLATE utf8_unicode_ci NOT NULL,
  `debit_account` int(11) NOT NULL,
  `credit_account` int(11) NOT NULL,
  `created_at` timestamp NOT NULL DEFAULT '0000-00-00 00:00:00',
  `updated_at` timestamp NOT NULL DEFAULT '0000-00-00 00:00:00'
) ENGINE=InnoDB DEFAULT CHARSET=utf8 COLLATE=utf8_unicode_ci;

-- --------------------------------------------------------

--
-- Table structure for table `savingproducts`
--

CREATE TABLE `savingproducts` (
  `id` int(10) UNSIGNED NOT NULL,
  `name` varchar(255) COLLATE utf8_unicode_ci NOT NULL,
  `shortname` varchar(255) COLLATE utf8_unicode_ci NOT NULL,
  `opening_balance` float(10,0) NOT NULL,
  `type` varchar(255) COLLATE utf8_unicode_ci NOT NULL,
  `created_at` timestamp NOT NULL DEFAULT '0000-00-00 00:00:00',
  `updated_at` timestamp NOT NULL DEFAULT '0000-00-00 00:00:00',
  `currency` varchar(255) COLLATE utf8_unicode_ci NOT NULL
) ENGINE=InnoDB DEFAULT CHARSET=utf8 COLLATE=utf8_unicode_ci;

-- --------------------------------------------------------

--
-- Table structure for table `savingtransactions`
--

CREATE TABLE `savingtransactions` (
  `id` int(10) UNSIGNED NOT NULL,
  `date` date NOT NULL,
  `savingaccount_id` int(10) UNSIGNED NOT NULL,
  `amount` float(12,2) NOT NULL,
  `type` varchar(255) COLLATE utf8_unicode_ci NOT NULL,
  `description` varchar(255) COLLATE utf8_unicode_ci DEFAULT NULL,
  `created_at` timestamp NOT NULL DEFAULT '0000-00-00 00:00:00',
  `updated_at` timestamp NOT NULL DEFAULT '0000-00-00 00:00:00',
  `transacted_by` varchar(255) COLLATE utf8_unicode_ci DEFAULT NULL
) ENGINE=InnoDB DEFAULT CHARSET=utf8 COLLATE=utf8_unicode_ci;

-- --------------------------------------------------------

--
-- Table structure for table `shareaccounts`
--

CREATE TABLE `shareaccounts` (
  `id` int(10) UNSIGNED NOT NULL,
  `member_id` int(10) UNSIGNED NOT NULL,
  `account_number` varchar(255) COLLATE utf8_unicode_ci NOT NULL,
  `opening_date` date NOT NULL,
  `created_at` timestamp NOT NULL DEFAULT '0000-00-00 00:00:00',
  `updated_at` timestamp NOT NULL DEFAULT '0000-00-00 00:00:00'
) ENGINE=InnoDB DEFAULT CHARSET=utf8 COLLATE=utf8_unicode_ci;

-- --------------------------------------------------------

--
-- Table structure for table `shares`
--

CREATE TABLE `shares` (
  `id` int(10) UNSIGNED NOT NULL,
  `value` float(10,0) NOT NULL DEFAULT '0',
  `transfer_charge` float(10,0) NOT NULL DEFAULT '0',
  `charged_on` varchar(255) COLLATE utf8_unicode_ci NOT NULL DEFAULT 'donor',
  `created_at` timestamp NOT NULL DEFAULT '0000-00-00 00:00:00',
  `updated_at` timestamp NOT NULL DEFAULT '0000-00-00 00:00:00'
) ENGINE=InnoDB DEFAULT CHARSET=utf8 COLLATE=utf8_unicode_ci;

--
-- Dumping data for table `shares`
--

INSERT INTO `shares` (`id`, `value`, `transfer_charge`, `charged_on`, `created_at`, `updated_at`) VALUES
(1, 0, 0, 'donor', '2016-06-30 04:31:13', '2016-06-30 04:31:13');

-- --------------------------------------------------------

--
-- Table structure for table `sharetransactions`
--

CREATE TABLE `sharetransactions` (
  `id` int(10) UNSIGNED NOT NULL,
  `date` date NOT NULL,
  `shareaccount_id` int(10) UNSIGNED NOT NULL,
  `trans_no` varchar(255) COLLATE utf8_unicode_ci DEFAULT NULL,
  `type` varchar(255) COLLATE utf8_unicode_ci NOT NULL,
  `description` varchar(255) COLLATE utf8_unicode_ci NOT NULL,
  `amount` float(10,0) NOT NULL,
  `created_at` timestamp NOT NULL DEFAULT '0000-00-00 00:00:00',
  `updated_at` timestamp NOT NULL DEFAULT '0000-00-00 00:00:00'
) ENGINE=InnoDB DEFAULT CHARSET=utf8 COLLATE=utf8_unicode_ci;

-- --------------------------------------------------------

--
-- Table structure for table `social_security`
--

CREATE TABLE `social_security` (
  `id` int(10) UNSIGNED NOT NULL,
  `tier` varchar(30) COLLATE utf8_unicode_ci NOT NULL,
  `income_from` double(15,2) NOT NULL DEFAULT '0.00',
  `income_to` double(15,2) NOT NULL DEFAULT '0.00',
  `ss_amount_employee` double(15,2) NOT NULL DEFAULT '0.00',
  `ss_amount_employer` double(15,2) NOT NULL DEFAULT '0.00',
  `organization_id` int(11) NOT NULL,
  `created_at` timestamp NOT NULL DEFAULT '0000-00-00 00:00:00',
  `updated_at` timestamp NOT NULL DEFAULT '0000-00-00 00:00:00'
) ENGINE=InnoDB DEFAULT CHARSET=utf8 COLLATE=utf8_unicode_ci;

--
-- Dumping data for table `social_security`
--

INSERT INTO `social_security` (`id`, `tier`, `income_from`, `income_to`, `ss_amount_employee`, `ss_amount_employer`, `organization_id`, `created_at`, `updated_at`) VALUES
(1, 'Tier I', 0.00, 0.00, 0.00, 0.00, 1, '0000-00-00 00:00:00', '0000-00-00 00:00:00'),
(2, 'Tier I', 1.00, 99000000.00, 200.00, 200.00, 1, '0000-00-00 00:00:00', '0000-00-00 00:00:00');

-- --------------------------------------------------------

--
-- Table structure for table `stmt_transactions`
--

CREATE TABLE `stmt_transactions` (
  `id` int(10) UNSIGNED NOT NULL,
  `bank_statement_id` int(10) UNSIGNED NOT NULL,
  `transaction_date` date NOT NULL,
  `description` varchar(255) COLLATE utf8_unicode_ci NOT NULL,
  `ref_no` varchar(255) COLLATE utf8_unicode_ci DEFAULT NULL,
  `transaction_amnt` float(8,2) NOT NULL,
  `check_no` varchar(255) COLLATE utf8_unicode_ci DEFAULT NULL,
  `status` varchar(50) COLLATE utf8_unicode_ci NOT NULL,
  `created_at` timestamp NOT NULL DEFAULT '0000-00-00 00:00:00',
  `updated_at` timestamp NOT NULL DEFAULT '0000-00-00 00:00:00'
) ENGINE=InnoDB DEFAULT CHARSET=utf8 COLLATE=utf8_unicode_ci;

--
-- Dumping data for table `stmt_transactions`
--

INSERT INTO `stmt_transactions` (`id`, `bank_statement_id`, `transaction_date`, `description`, `ref_no`, `transaction_amnt`, `check_no`, `status`, `created_at`, `updated_at`) VALUES
(1, 1, '2016-06-05', 'Withdrew for office use.', '', -10000.00, '', 'RECONCILED', '2016-10-18 13:44:10', '2016-10-27 07:24:44'),
(2, 1, '2016-06-09', 'Deposited money in bank ', '', 32000.00, '', 'RECONCILED', '2016-10-18 13:44:10', '2016-10-27 07:24:55'),
(3, 1, '2016-06-16', 'Paul Lwenya paid a debt he owed via cheque', '', 15500.00, '15480', 'RECONCILED', '2016-10-18 13:44:10', '2016-10-27 07:25:01'),
(4, 1, '2016-06-18', 'Paid a outstanding debt to Simon our creditor.', '', -7000.00, '', 'RECONCILED', '2016-10-18 13:44:10', '2016-10-27 07:25:10'),
(5, 1, '2016-06-20', 'Deposited some cash to bank', '', 35200.00, '', 'RECONCILED', '2016-10-18 13:44:10', '2016-10-27 07:25:17'),
(6, 1, '2016-06-21', 'Deposited cash to bank', '', 10000.00, '', 'RECONCILED', '2016-10-18 13:44:10', '2016-10-27 07:25:22'),
(7, 1, '2016-06-23', 'Withdrew cash for office use.', '', -2000.00, '', 'RECONCILED', '2016-10-18 13:44:10', '2016-10-27 07:25:27'),
(8, 1, '2016-06-24', 'Paid Ken an outstanding debt via check', '', -5000.00, '20154', 'RECONCILED', '2016-10-18 13:44:10', '2016-10-27 07:25:37'),
(9, 1, '2016-06-27', 'Steve deposited his payment to our account', '', 12250.00, '', 'RECONCILED', '2016-10-18 13:44:10', '2016-10-27 13:43:26'),
(10, 1, '2016-06-29', 'Paid two of our employees via check', '', -40000.00, '15089', 'RECONCILED', '2016-10-18 13:44:10', '2016-10-27 07:25:50'),
(11, 2, '2016-10-06', 'Withdrew for office use.', '', -10000.00, '', '', '2016-11-22 13:06:53', '2016-11-22 13:06:53'),
(12, 2, '2016-10-06', 'Deposited money in bank ', '', 32000.00, '', '', '2016-11-22 13:06:53', '2016-11-22 13:06:53'),
(13, 2, '2016-10-16', 'Paul Lwenya paid a debt he owed via cheque', '', 15500.00, '15480', '', '2016-11-22 13:06:53', '2016-11-22 13:06:53'),
(14, 2, '2016-10-18', 'Paid a outstanding debt to Simon our creditor.', '', -7000.00, '', '', '2016-11-22 13:06:53', '2016-11-22 13:06:53'),
(15, 2, '2016-10-20', 'Deposited some cash to bank', '', 35200.00, '', '', '2016-11-22 13:06:53', '2016-11-22 13:06:53'),
(16, 2, '2016-10-21', 'Deposited cash to bank', '', 10000.00, '', '', '2016-11-22 13:06:53', '2016-11-22 13:06:53'),
(17, 2, '2016-10-23', 'Withdrew cash for office use.', '', 2000.00, '', '', '2016-11-22 13:06:53', '2016-11-22 13:06:53'),
(18, 2, '2016-10-24', 'Paid Ken an outstanding debt via check', '', -5000.00, '20154', '', '2016-11-22 13:06:53', '2016-11-22 13:06:53'),
(19, 2, '2016-10-27', 'Steve deposited his payment to our account', '', 12250.00, '', '', '2016-11-22 13:06:53', '2016-11-22 13:06:53'),
(20, 2, '2016-10-29', 'Paid two of our employees via check', '', -40000.00, '15089', '', '2016-11-22 13:06:53', '2016-11-22 13:06:53');

-- --------------------------------------------------------

--
-- Table structure for table `stocks`
--

CREATE TABLE `stocks` (
  `id` int(10) UNSIGNED NOT NULL,
  `item_id` int(10) UNSIGNED NOT NULL,
  `location_id` int(10) UNSIGNED NOT NULL,
  `quantity_in` int(11) DEFAULT NULL,
  `quantity_out` int(11) DEFAULT NULL,
  `date` date DEFAULT NULL,
  `created_at` timestamp NOT NULL DEFAULT '0000-00-00 00:00:00',
  `updated_at` timestamp NOT NULL DEFAULT '0000-00-00 00:00:00'
) ENGINE=InnoDB DEFAULT CHARSET=utf8 COLLATE=utf8_unicode_ci;

--
-- Dumping data for table `stocks`
--

INSERT INTO `stocks` (`id`, `item_id`, `location_id`, `quantity_in`, `quantity_out`, `date`, `created_at`, `updated_at`) VALUES
(1, 1, 1, 20, NULL, '2016-07-04', '2016-07-04 03:49:12', '2016-07-04 03:49:12'),
(2, 2, 1, NULL, 2, '2016-07-04', '2016-07-04 03:54:40', '2016-07-04 03:54:40'),
(3, 2, 1, NULL, 3, '2016-07-04', '2016-07-04 04:24:34', '2016-07-04 04:24:34'),
(4, 2, 1, NULL, 2, '2016-07-04', '2016-07-04 04:33:44', '2016-07-04 04:33:44'),
(5, 2, 1, NULL, 3, '2016-07-04', '2016-07-04 05:13:00', '2016-07-04 05:13:00'),
(6, 2, 1, NULL, 5, '2016-07-04', '2016-07-04 08:48:41', '2016-07-04 08:48:41'),
(7, 3, 1, NULL, 2, '2016-07-05', '2016-07-05 04:11:45', '2016-07-05 04:11:45'),
(8, 3, 1, NULL, 2, '2016-07-05', '2016-07-05 04:11:45', '2016-07-05 04:11:45'),
(9, 5, 1, NULL, 5, '2016-07-05', '2016-07-05 06:46:34', '2016-07-05 06:46:34'),
(10, 1, 1, NULL, 1, '2016-07-12', '2016-07-12 07:56:43', '2016-07-12 07:56:43'),
(11, 1, 1, NULL, 2, '2016-07-12', '2016-07-12 07:59:51', '2016-07-12 07:59:51'),
(12, 1, 1, NULL, 5, '2016-09-14', '2016-09-14 08:44:40', '2016-09-14 08:44:40'),
(13, 6, 1, 100, NULL, '2016-09-23', '2016-09-23 20:38:12', '2016-09-23 20:38:12'),
(14, 1, 1, NULL, 5, '2016-10-30', '2016-10-30 15:56:40', '2016-10-30 15:56:40'),
(15, 6, 1, NULL, 10, '2016-10-30', '2016-10-30 15:56:40', '2016-10-30 15:56:40'),
(16, 1, 1, NULL, 7, '2016-10-30', '2016-10-30 16:12:14', '2016-10-30 16:12:14'),
(17, 6, 1, NULL, 15, '2016-10-30', '2016-10-30 16:12:14', '2016-10-30 16:12:14'),
(18, 1, 1, 300, NULL, '2016-10-30', '2016-10-30 16:42:25', '2016-10-30 16:42:25'),
(19, 6, 1, 500, NULL, '2016-10-30', '2016-10-30 16:42:40', '2016-10-30 16:42:40'),
(20, 1, 1, NULL, 2, '2017-02-23', '2017-02-23 10:55:40', '2017-02-23 10:55:40');

-- --------------------------------------------------------

--
-- Table structure for table `taxes`
--

CREATE TABLE `taxes` (
  `id` int(10) UNSIGNED NOT NULL,
  `name` varchar(255) COLLATE utf8_unicode_ci NOT NULL,
  `rate` double(15,2) NOT NULL DEFAULT '0.00',
  `created_at` timestamp NOT NULL DEFAULT '0000-00-00 00:00:00',
  `updated_at` timestamp NOT NULL DEFAULT '0000-00-00 00:00:00'
) ENGINE=InnoDB DEFAULT CHARSET=utf8 COLLATE=utf8_unicode_ci;

--
-- Dumping data for table `taxes`
--

INSERT INTO `taxes` (`id`, `name`, `rate`, `created_at`, `updated_at`) VALUES
(1, 'VAT', 16.00, '2016-08-11 04:18:56', '2016-08-11 04:18:56'),
(2, 'Shipping', 5.00, '2016-09-22 13:29:53', '2016-09-22 13:29:53');

-- --------------------------------------------------------

--
-- Table structure for table `tax_orders`
--

CREATE TABLE `tax_orders` (
  `id` int(10) UNSIGNED NOT NULL,
  `tax_id` int(11) DEFAULT NULL,
  `order_number` varchar(255) COLLATE utf8_unicode_ci DEFAULT NULL,
  `amount` double(15,2) DEFAULT NULL,
  `created_at` timestamp NOT NULL DEFAULT '0000-00-00 00:00:00',
  `updated_at` timestamp NOT NULL DEFAULT '0000-00-00 00:00:00'
) ENGINE=InnoDB DEFAULT CHARSET=utf8 COLLATE=utf8_unicode_ci;

--
-- Dumping data for table `tax_orders`
--

INSERT INTO `tax_orders` (`id`, `tax_id`, `order_number`, `amount`, `created_at`, `updated_at`) VALUES
(1, 1, '2016/08/16/0025', 176000.00, '2016-08-16 08:03:50', '2016-10-09 14:23:08'),
(2, 1, '2016/09/09/0045', 49900.00, '2016-09-09 07:24:33', '2016-09-27 12:37:40'),
(3, 1, '2016/09/09/0046', 188000.00, '2016-09-09 07:34:56', '2016-09-12 20:35:10'),
(4, 1, '2016/09/12/0047', 192000.00, '2016-09-12 17:52:09', '2016-09-13 08:05:31'),
(5, 1, '2016/09/12/0048', 143680.00, '2016-09-12 18:41:43', '2016-09-12 18:41:43'),
(6, 1, '2016/09/14/0050', 28000.00, '2016-09-14 08:44:40', '2016-09-14 08:44:40'),
(7, 1, '2016/09/23/0054', 328000.00, '2016-09-23 07:29:05', '2016-09-23 07:29:05'),
(8, 1, '2016/08/10/0016', 112800.00, '2016-09-25 16:28:07', '2016-09-25 16:28:07'),
(9, 2, '2016/08/10/0016', 35250.00, '2016-09-25 16:28:07', '2016-09-25 16:28:07'),
(10, 1, '2016/08/17/0024', 176000.00, '2016-09-25 16:28:52', '2016-09-25 16:28:52'),
(11, 2, '2016/08/17/0024', 55000.00, '2016-09-25 16:41:39', '2016-09-25 16:41:39'),
(12, 1, '2016/09/08/0044', 184000.00, '2016-09-26 06:32:36', '2016-09-26 06:32:36'),
(13, 2, '2016/09/12/0048', 44900.00, '2016-09-27 12:14:44', '2016-09-27 12:14:44'),
(14, 1, '2016/08/10/0015', 150400.00, '2016-09-27 13:05:22', '2016-09-27 13:05:22'),
(15, 1, '2017/02/23/0060', 11200.00, '2017-02-23 10:55:41', '2017-02-23 10:55:41'),
(16, 2, '2017/02/23/0060', 3500.00, '2017-02-23 10:55:41', '2017-02-23 10:55:41');

-- --------------------------------------------------------

--
-- Table structure for table `transact`
--

CREATE TABLE `transact` (
  `id` int(10) UNSIGNED NOT NULL,
  `employee_id` varchar(255) COLLATE utf8_unicode_ci NOT NULL,
  `account_id` int(10) UNSIGNED NOT NULL DEFAULT '0',
  `basic_pay` varchar(255) COLLATE utf8_unicode_ci NOT NULL DEFAULT '0.00',
  `earning_amount` varchar(255) COLLATE utf8_unicode_ci NOT NULL DEFAULT '0.00',
  `taxable_income` varchar(255) COLLATE utf8_unicode_ci NOT NULL DEFAULT '0.00',
  `paye` varchar(255) COLLATE utf8_unicode_ci NOT NULL DEFAULT '0.00',
  `nssf_amount` varchar(255) COLLATE utf8_unicode_ci NOT NULL DEFAULT '0.00',
  `vol_amount` varchar(255) COLLATE utf8_unicode_ci NOT NULL DEFAULT '0.00',
  `nhif_amount` varchar(255) COLLATE utf8_unicode_ci NOT NULL DEFAULT '0.00',
  `other_deductions` varchar(255) COLLATE utf8_unicode_ci NOT NULL DEFAULT '0.00',
  `total_deductions` varchar(255) COLLATE utf8_unicode_ci NOT NULL DEFAULT '0.00',
  `net` varchar(255) COLLATE utf8_unicode_ci NOT NULL DEFAULT '0.00',
  `financial_month_year` varchar(255) COLLATE utf8_unicode_ci NOT NULL,
  `created_at` timestamp NOT NULL DEFAULT '0000-00-00 00:00:00',
  `updated_at` timestamp NOT NULL DEFAULT '0000-00-00 00:00:00'
) ENGINE=InnoDB DEFAULT CHARSET=utf8 COLLATE=utf8_unicode_ci;

-- --------------------------------------------------------

--
-- Table structure for table `transact_allowances`
--

CREATE TABLE `transact_allowances` (
  `id` int(10) UNSIGNED NOT NULL,
  `employee_id` int(10) UNSIGNED NOT NULL DEFAULT '0',
  `allowance_id` int(10) UNSIGNED NOT NULL DEFAULT '0',
  `allowance_name` varchar(255) COLLATE utf8_unicode_ci NOT NULL,
  `allowance_amount` varchar(255) COLLATE utf8_unicode_ci NOT NULL DEFAULT '0.00',
  `financial_month_year` varchar(255) COLLATE utf8_unicode_ci NOT NULL,
  `created_at` timestamp NOT NULL DEFAULT '0000-00-00 00:00:00',
  `updated_at` timestamp NOT NULL DEFAULT '0000-00-00 00:00:00'
) ENGINE=InnoDB DEFAULT CHARSET=utf8 COLLATE=utf8_unicode_ci;

-- --------------------------------------------------------

--
-- Table structure for table `transact_deductions`
--

CREATE TABLE `transact_deductions` (
  `id` int(10) UNSIGNED NOT NULL,
  `employee_id` int(10) UNSIGNED NOT NULL DEFAULT '0',
  `deduction_id` int(10) UNSIGNED NOT NULL DEFAULT '0',
  `deduction_name` varchar(255) COLLATE utf8_unicode_ci NOT NULL,
  `deduction_amount` varchar(255) COLLATE utf8_unicode_ci NOT NULL DEFAULT '0.00',
  `financial_month_year` varchar(255) COLLATE utf8_unicode_ci NOT NULL,
  `created_at` timestamp NOT NULL DEFAULT '0000-00-00 00:00:00',
  `updated_at` timestamp NOT NULL DEFAULT '0000-00-00 00:00:00'
) ENGINE=InnoDB DEFAULT CHARSET=utf8 COLLATE=utf8_unicode_ci;

-- --------------------------------------------------------

--
-- Table structure for table `transact_earnings`
--

CREATE TABLE `transact_earnings` (
  `id` int(10) UNSIGNED NOT NULL,
  `employee_id` int(10) UNSIGNED NOT NULL DEFAULT '0',
  `earning_name` varchar(255) COLLATE utf8_unicode_ci NOT NULL,
  `earning_amount` varchar(255) COLLATE utf8_unicode_ci NOT NULL DEFAULT '0.00',
  `financial_month_year` varchar(255) COLLATE utf8_unicode_ci NOT NULL,
  `created_at` timestamp NOT NULL DEFAULT '0000-00-00 00:00:00',
  `updated_at` timestamp NOT NULL DEFAULT '0000-00-00 00:00:00'
) ENGINE=InnoDB DEFAULT CHARSET=utf8 COLLATE=utf8_unicode_ci;

-- --------------------------------------------------------

--
-- Table structure for table `users`
--

CREATE TABLE `users` (
  `id` int(10) UNSIGNED NOT NULL,
  `username` varchar(255) COLLATE utf8_unicode_ci DEFAULT NULL,
  `email` varchar(255) COLLATE utf8_unicode_ci DEFAULT NULL,
  `password` varchar(255) COLLATE utf8_unicode_ci NOT NULL,
  `confirmation_code` varchar(255) COLLATE utf8_unicode_ci DEFAULT NULL,
  `remember_token` varchar(255) COLLATE utf8_unicode_ci DEFAULT NULL,
  `confirmed` tinyint(1) NOT NULL DEFAULT '0',
  `user_type` varchar(20) COLLATE utf8_unicode_ci DEFAULT 'admin',
  `is_active` tinyint(1) DEFAULT NULL,
  `branch_id` int(10) UNSIGNED DEFAULT NULL,
  `organization_id` int(11) DEFAULT NULL,
  `created_at` timestamp NOT NULL DEFAULT CURRENT_TIMESTAMP,
  `updated_at` timestamp NOT NULL DEFAULT CURRENT_TIMESTAMP ON UPDATE CURRENT_TIMESTAMP
) ENGINE=InnoDB DEFAULT CHARSET=utf8 COLLATE=utf8_unicode_ci;

--
-- Dumping data for table `users`
--

INSERT INTO `users` (`id`, `username`, `email`, `password`, `confirmation_code`, `remember_token`, `confirmed`, `user_type`, `is_active`, `branch_id`, `organization_id`, `created_at`, `updated_at`) VALUES
(1, 'superadmin', 'superadmin@lixnet.net', '$2y$10$yZ3MNyUaSNYT.YmADIG2ZOn/QJRgt2q3THOgbcaHmZiG9.G/z81MS', '6550ccbf96210a12a9c495dce73446f4', 'Z4xbFUpJ61SOSU6ShuO15ITA0qJKc0sDIy41kyk3gLuttY6Ft8ozaTGUhFhJ', 1, 'admin', NULL, NULL, 1, '2016-06-30 04:31:16', '2017-02-22 12:17:10'),
(2, 'nehigna', 'nehigna@gmail.com', '$2y$10$ipUSmvvRj5WoPa5dHNCDkudXPH/fX7kFa658PxmJTljijsN1pUz.u', '394a3f4ef2fd903b8911634c1c2f4100', 'vjaddMIRnIyAuPd5HbH4YRcoI88fDZDmAg9rIA5krTo2JC8zQ77DOv36cRsu', 1, 'Supplier', NULL, NULL, NULL, '2016-08-22 07:35:59', '2016-09-30 12:19:10'),
(3, 'mwaste7', 'mwaste7@yahoo.com', '$2y$10$KY87hc4nClbzDa5KPbNU/e/zkzxb.k4jNsoSxKzZBuBJyfIqXrlE.', '9d454cbef98d26ce222d093e11d85df8', '9xZhvWoYWhzrnv5vMMx9xj1kJYuxuslDUbrz8vzyN6q2lW5fzg9IIaaKCBAB', 1, 'Supplier', NULL, NULL, NULL, '2016-08-23 01:55:17', '2016-08-25 09:57:35');

-- --------------------------------------------------------

--
-- Table structure for table `user_role`
--

CREATE TABLE `user_role` (
  `id` int(11) NOT NULL,
  `user_id` int(10) UNSIGNED DEFAULT NULL,
  `role_id` int(10) UNSIGNED DEFAULT NULL
) ENGINE=InnoDB DEFAULT CHARSET=utf8 COLLATE=utf8_unicode_ci;

-- --------------------------------------------------------

--
-- Table structure for table `vendors`
--

CREATE TABLE `vendors` (
  `id` int(10) UNSIGNED NOT NULL,
  `name` varchar(255) COLLATE utf8_unicode_ci DEFAULT NULL,
  `email` varchar(255) COLLATE utf8_unicode_ci DEFAULT NULL,
  `phone` varchar(255) COLLATE utf8_unicode_ci DEFAULT NULL,
  `description` text COLLATE utf8_unicode_ci,
  `status` varchar(255) COLLATE utf8_unicode_ci DEFAULT NULL,
  `created_at` timestamp NOT NULL DEFAULT '0000-00-00 00:00:00',
  `updated_at` timestamp NOT NULL DEFAULT '0000-00-00 00:00:00'
) ENGINE=InnoDB DEFAULT CHARSET=utf8 COLLATE=utf8_unicode_ci;

--
-- Indexes for dumped tables
--

--
-- Indexes for table `account`
--
ALTER TABLE `account`
  ADD PRIMARY KEY (`id`);

--
-- Indexes for table `accounts`
--
ALTER TABLE `accounts`
  ADD PRIMARY KEY (`id`);

--
-- Indexes for table `account_transactions`
--
ALTER TABLE `account_transactions`
  ADD PRIMARY KEY (`id`),
  ADD KEY `account_transactions_account_debited_foreign` (`account_debited`),
  ADD KEY `account_transactions_account_credited_foreign` (`account_credited`);

--
-- Indexes for table `allowances`
--
ALTER TABLE `allowances`
  ADD PRIMARY KEY (`id`),
  ADD KEY `allowances_organization_id_foreign` (`organization_id`);

--
-- Indexes for table `assets`
--
ALTER TABLE `assets`
  ADD PRIMARY KEY (`id`),
  ADD UNIQUE KEY `assets_serial_number_unique` (`serial_number`);

--
-- Indexes for table `assigned_roles`
--
ALTER TABLE `assigned_roles`
  ADD PRIMARY KEY (`id`),
  ADD KEY `assigned_roles_user_id_foreign` (`user_id`),
  ADD KEY `assigned_roles_role_id_foreign` (`role_id`);

--
-- Indexes for table `audits`
--
ALTER TABLE `audits`
  ADD PRIMARY KEY (`id`);

--
-- Indexes for table `autoprocesses`
--
ALTER TABLE `autoprocesses`
  ADD PRIMARY KEY (`id`);

--
-- Indexes for table `banking`
--
ALTER TABLE `banking`
  ADD PRIMARY KEY (`id`);

--
-- Indexes for table `banks`
--
ALTER TABLE `banks`
  ADD PRIMARY KEY (`id`),
  ADD KEY `banks_organization_id_foreign` (`organization_id`);

--
-- Indexes for table `bank_accounts`
--
ALTER TABLE `bank_accounts`
  ADD PRIMARY KEY (`id`);

--
-- Indexes for table `bank_branches`
--
ALTER TABLE `bank_branches`
  ADD PRIMARY KEY (`id`),
  ADD KEY `bank_branches_organization_id_foreign` (`organization_id`);

--
-- Indexes for table `bank_statements`
--
ALTER TABLE `bank_statements`
  ADD PRIMARY KEY (`id`),
  ADD KEY `bank_statements_bank_account_id_foreign` (`bank_account_id`);

--
-- Indexes for table `branches`
--
ALTER TABLE `branches`
  ADD PRIMARY KEY (`id`);

--
-- Indexes for table `categories`
--
ALTER TABLE `categories`
  ADD PRIMARY KEY (`id`);

--
-- Indexes for table `charges`
--
ALTER TABLE `charges`
  ADD PRIMARY KEY (`id`);

--
-- Indexes for table `charge_loanproduct`
--
ALTER TABLE `charge_loanproduct`
  ADD PRIMARY KEY (`id`),
  ADD KEY `loancharges_charge_id_foreign` (`charge_id`),
  ADD KEY `loancharges_loanproduct_id_foreign` (`loanproduct_id`);

--
-- Indexes for table `charge_savingproduct`
--
ALTER TABLE `charge_savingproduct`
  ADD PRIMARY KEY (`id`),
  ADD KEY `savingcharges_charge_id_foreign` (`charge_id`),
  ADD KEY `savingcharges_savingproduct_id_foreign` (`savingproduct_id`);

--
-- Indexes for table `claim_receipts`
--
ALTER TABLE `claim_receipts`
  ADD PRIMARY KEY (`id`);

--
-- Indexes for table `claim_receipt_items`
--
ALTER TABLE `claim_receipt_items`
  ADD PRIMARY KEY (`id`),
  ADD KEY `claim_receipt_items_claimreceiptid_foreign` (`claimReceiptID`);

--
-- Indexes for table `clients`
--
ALTER TABLE `clients`
  ADD PRIMARY KEY (`id`),
  ADD UNIQUE KEY `user_id` (`user_id`);

--
-- Indexes for table `company_property`
--
ALTER TABLE `company_property`
  ADD PRIMARY KEY (`id`),
  ADD KEY `company_property_employee_id_foreign` (`employee_id`);

--
-- Indexes for table `currencies`
--
ALTER TABLE `currencies`
  ADD PRIMARY KEY (`id`);

--
-- Indexes for table `deductions`
--
ALTER TABLE `deductions`
  ADD PRIMARY KEY (`id`),
  ADD KEY `deductions_organization_id_foreign` (`organization_id`);

--
-- Indexes for table `departments`
--
ALTER TABLE `departments`
  ADD PRIMARY KEY (`id`),
  ADD KEY `departments_organization_id_foreign` (`organization_id`);

--
-- Indexes for table `documents`
--
ALTER TABLE `documents`
  ADD PRIMARY KEY (`id`),
  ADD KEY `documents_employee_id_foreign` (`employee_id`);

--
-- Indexes for table `earnings`
--
ALTER TABLE `earnings`
  ADD PRIMARY KEY (`id`),
  ADD KEY `earnings_employee_id_foreign` (`employee_id`);

--
-- Indexes for table `education`
--
ALTER TABLE `education`
  ADD PRIMARY KEY (`id`),
  ADD KEY `education_organization_id_foreign` (`organization_id`);

--
-- Indexes for table `employee`
--
ALTER TABLE `employee`
  ADD PRIMARY KEY (`id`),
  ADD UNIQUE KEY `employee_personal_file_number_unique` (`personal_file_number`),
  ADD UNIQUE KEY `employee_identity_number_unique` (`identity_number`),
  ADD UNIQUE KEY `employee_passport_number_unique` (`passport_number`),
  ADD UNIQUE KEY `employee_pin_unique` (`pin`),
  ADD UNIQUE KEY `employee_social_security_number_unique` (`social_security_number`),
  ADD UNIQUE KEY `employee_hospital_insurance_number_unique` (`hospital_insurance_number`),
  ADD UNIQUE KEY `employee_work_permit_number_unique` (`work_permit_number`),
  ADD UNIQUE KEY `employee_bank_account_number_unique` (`bank_account_number`),
  ADD UNIQUE KEY `employee_bank_eft_code_unique` (`bank_eft_code`),
  ADD UNIQUE KEY `employee_swift_code_unique` (`swift_code`),
  ADD UNIQUE KEY `employee_email_office_unique` (`email_office`),
  ADD UNIQUE KEY `employee_email_personal_unique` (`email_personal`),
  ADD UNIQUE KEY `employee_telephone_office_unique` (`telephone_office`),
  ADD UNIQUE KEY `employee_telephone_extension_office_unique` (`telephone_extension_office`),
  ADD UNIQUE KEY `employee_telephone_mobile_unique` (`telephone_mobile`),
  ADD KEY `employee_organization_id_foreign` (`organization_id`),
  ADD KEY `employee_branch_id_foreign` (`branch_id`),
  ADD KEY `employee_department_id_foreign` (`department_id`),
  ADD KEY `employee_job_group_id_foreign` (`job_group_id`),
  ADD KEY `employee_type_id_foreign` (`type_id`),
  ADD KEY `employee_education_type_id_foreign` (`education_type_id`),
  ADD KEY `employee_bank_id_foreign` (`bank_id`);

--
-- Indexes for table `employee_allowances`
--
ALTER TABLE `employee_allowances`
  ADD PRIMARY KEY (`id`),
  ADD KEY `employee_allowances_employee_id_foreign` (`employee_id`),
  ADD KEY `employee_allowances_allowance_id_foreign` (`allowance_id`);

--
-- Indexes for table `employee_deductions`
--
ALTER TABLE `employee_deductions`
  ADD PRIMARY KEY (`id`),
  ADD KEY `employee_deductions_employee_id_foreign` (`employee_id`),
  ADD KEY `employee_deductions_deduction_id_foreign` (`deduction_id`);

--
-- Indexes for table `employee_relief`
--
ALTER TABLE `employee_relief`
  ADD PRIMARY KEY (`id`),
  ADD KEY `employee_relief_relief_id_foreign` (`relief_id`),
  ADD KEY `employee_relief_employee_id_foreign` (`employee_id`);

--
-- Indexes for table `employee_type`
--
ALTER TABLE `employee_type`
  ADD PRIMARY KEY (`id`),
  ADD KEY `employee_type_organization_id_foreign` (`organization_id`);

--
-- Indexes for table `erporderitems`
--
ALTER TABLE `erporderitems`
  ADD PRIMARY KEY (`id`),
  ADD KEY `erporderitems_item_id_foreign` (`item_id`),
  ADD KEY `erporderitems_erporder_id_foreign` (`erporder_id`);

--
-- Indexes for table `erporders`
--
ALTER TABLE `erporders`
  ADD PRIMARY KEY (`id`),
  ADD KEY `erporders_client_id_foreign` (`client_id`);

--
-- Indexes for table `expenses`
--
ALTER TABLE `expenses`
  ADD PRIMARY KEY (`id`),
  ADD KEY `expenses_account_id_foreign` (`account_id`);

--
-- Indexes for table `expense_claims`
--
ALTER TABLE `expense_claims`
  ADD PRIMARY KEY (`id`);

--
-- Indexes for table `groups`
--
ALTER TABLE `groups`
  ADD PRIMARY KEY (`id`);

--
-- Indexes for table `holidays`
--
ALTER TABLE `holidays`
  ADD PRIMARY KEY (`id`),
  ADD KEY `holidays_organization_id_foreign` (`organization_id`);

--
-- Indexes for table `hospital_insurance`
--
ALTER TABLE `hospital_insurance`
  ADD PRIMARY KEY (`id`);

--
-- Indexes for table `items`
--
ALTER TABLE `items`
  ADD PRIMARY KEY (`id`);

--
-- Indexes for table `job_group`
--
ALTER TABLE `job_group`
  ADD PRIMARY KEY (`id`),
  ADD KEY `job_group_organization_id_foreign` (`organization_id`);

--
-- Indexes for table `journals`
--
ALTER TABLE `journals`
  ADD PRIMARY KEY (`id`),
  ADD KEY `journals_account_id_foreign` (`account_id`);

--
-- Indexes for table `kins`
--
ALTER TABLE `kins`
  ADD PRIMARY KEY (`id`),
  ADD KEY `kins_member_id_foreign` (`member_id`);

--
-- Indexes for table `leaveapplications`
--
ALTER TABLE `leaveapplications`
  ADD PRIMARY KEY (`id`),
  ADD KEY `leaveapplications_employee_id_foreign` (`employee_id`),
  ADD KEY `leaveapplications_leavetype_id_foreign` (`leavetype_id`),
  ADD KEY `leaveapplications_organization_id_foreign` (`organization_id`);

--
-- Indexes for table `leavetypes`
--
ALTER TABLE `leavetypes`
  ADD PRIMARY KEY (`id`),
  ADD KEY `leavetypes_organization_id_foreign` (`organization_id`);

--
-- Indexes for table `loanaccounts`
--
ALTER TABLE `loanaccounts`
  ADD PRIMARY KEY (`id`),
  ADD KEY `loanaccounts_member_id_foreign` (`member_id`),
  ADD KEY `loanaccounts_loanproduct_id_foreign` (`loanproduct_id`);

--
-- Indexes for table `loanguarantors`
--
ALTER TABLE `loanguarantors`
  ADD PRIMARY KEY (`id`),
  ADD KEY `loanguarantors_member_id_foreign` (`member_id`),
  ADD KEY `loanguarantors_loanaccount_id_foreign` (`loanaccount_id`);

--
-- Indexes for table `loanpostings`
--
ALTER TABLE `loanpostings`
  ADD PRIMARY KEY (`id`),
  ADD KEY `loanpostings_loanproduct_id_foreign` (`loanproduct_id`);

--
-- Indexes for table `loanproducts`
--
ALTER TABLE `loanproducts`
  ADD PRIMARY KEY (`id`);

--
-- Indexes for table `loanrepayments`
--
ALTER TABLE `loanrepayments`
  ADD PRIMARY KEY (`id`),
  ADD KEY `loanrepayments_loanaccount_id_foreign` (`loanaccount_id`);

--
-- Indexes for table `loantransactions`
--
ALTER TABLE `loantransactions`
  ADD PRIMARY KEY (`id`),
  ADD KEY `loantransactions_loanaccount_id_foreign` (`loanaccount_id`);

--
-- Indexes for table `locations`
--
ALTER TABLE `locations`
  ADD PRIMARY KEY (`id`);

--
-- Indexes for table `mails`
--
ALTER TABLE `mails`
  ADD PRIMARY KEY (`id`);

--
-- Indexes for table `members`
--
ALTER TABLE `members`
  ADD PRIMARY KEY (`id`),
  ADD UNIQUE KEY `membership_no` (`membership_no`),
  ADD KEY `members_group_id_foreign` (`group_id`),
  ADD KEY `members_branch_id_foreign` (`branch_id`);

--
-- Indexes for table `next_of_kin`
--
ALTER TABLE `next_of_kin`
  ADD PRIMARY KEY (`id`),
  ADD UNIQUE KEY `next_of_kin_contact_unique` (`contact`),
  ADD UNIQUE KEY `next_of_kin_id_number_unique` (`id_number`),
  ADD KEY `next_of_kin_employee_id_foreign` (`employee_id`);

--
-- Indexes for table `orders`
--
ALTER TABLE `orders`
  ADD PRIMARY KEY (`id`),
  ADD KEY `orders_product_id_index` (`product_id`);

--
-- Indexes for table `organizations`
--
ALTER TABLE `organizations`
  ADD PRIMARY KEY (`id`),
  ADD KEY `organization_bank_id_foreign` (`bank_id`),
  ADD KEY `organization_bank_branch_id_foreign` (`bank_branch_id`);

--
-- Indexes for table `paymentmethods`
--
ALTER TABLE `paymentmethods`
  ADD PRIMARY KEY (`id`),
  ADD KEY `paymentmethods_account_id_foreign` (`account_id`);

--
-- Indexes for table `payments`
--
ALTER TABLE `payments`
  ADD PRIMARY KEY (`id`),
  ADD KEY `payments_erporder_id_foreign` (`erporder_id`),
  ADD KEY `payments_paymentmethod_id_foreign` (`paymentmethod_id`),
  ADD KEY `payments_client_id_foreign` (`client_id`);

--
-- Indexes for table `permissions`
--
ALTER TABLE `permissions`
  ADD PRIMARY KEY (`id`),
  ADD UNIQUE KEY `permissions_name_unique` (`name`);

--
-- Indexes for table `permission_role`
--
ALTER TABLE `permission_role`
  ADD PRIMARY KEY (`id`),
  ADD KEY `permission_role_permission_id_foreign` (`permission_id`),
  ADD KEY `permission_role_role_id_foreign` (`role_id`);

--
-- Indexes for table `pettycash_items`
--
ALTER TABLE `pettycash_items`
  ADD PRIMARY KEY (`id`),
  ADD KEY `pettycash_items_ac_trns_foreign` (`ac_trns`);

--
-- Indexes for table `prices`
--
ALTER TABLE `prices`
  ADD PRIMARY KEY (`id`);

--
-- Indexes for table `products`
--
ALTER TABLE `products`
  ADD PRIMARY KEY (`id`),
  ADD KEY `products_vendor_id_index` (`vendor_id`);

--
-- Indexes for table `relief`
--
ALTER TABLE `relief`
  ADD PRIMARY KEY (`id`),
  ADD KEY `relief_organization_id_foreign` (`organization_id`);

--
-- Indexes for table `roles`
--
ALTER TABLE `roles`
  ADD PRIMARY KEY (`id`),
  ADD UNIQUE KEY `roles_name_unique` (`name`);

--
-- Indexes for table `savingaccounts`
--
ALTER TABLE `savingaccounts`
  ADD PRIMARY KEY (`id`),
  ADD UNIQUE KEY `account_number` (`account_number`),
  ADD KEY `savingaccounts_member_id_foreign` (`member_id`),
  ADD KEY `x_savingaccounts_fk` (`savingproduct_id`);

--
-- Indexes for table `savingpostings`
--
ALTER TABLE `savingpostings`
  ADD PRIMARY KEY (`id`),
  ADD KEY `savingpostings_savingproduct_id_foreign` (`savingproduct_id`);

--
-- Indexes for table `savingproducts`
--
ALTER TABLE `savingproducts`
  ADD PRIMARY KEY (`id`);

--
-- Indexes for table `savingtransactions`
--
ALTER TABLE `savingtransactions`
  ADD PRIMARY KEY (`id`),
  ADD KEY `savingtransactions_savingaccount_id_foreign` (`savingaccount_id`);

--
-- Indexes for table `shareaccounts`
--
ALTER TABLE `shareaccounts`
  ADD PRIMARY KEY (`id`),
  ADD KEY `shareaccounts_member_id_foreign` (`member_id`);

--
-- Indexes for table `shares`
--
ALTER TABLE `shares`
  ADD PRIMARY KEY (`id`);

--
-- Indexes for table `sharetransactions`
--
ALTER TABLE `sharetransactions`
  ADD PRIMARY KEY (`id`),
  ADD KEY `sharetransactions_shareaccount_id_foreign` (`shareaccount_id`);

--
-- Indexes for table `social_security`
--
ALTER TABLE `social_security`
  ADD PRIMARY KEY (`id`);

--
-- Indexes for table `stmt_transactions`
--
ALTER TABLE `stmt_transactions`
  ADD PRIMARY KEY (`id`),
  ADD KEY `stmt_transactions_bank_statement_id_foreign` (`bank_statement_id`);

--
-- Indexes for table `stocks`
--
ALTER TABLE `stocks`
  ADD PRIMARY KEY (`id`),
  ADD KEY `stocks_item_id_foreign` (`item_id`),
  ADD KEY `stocks_location_id_foreign` (`location_id`);

--
-- Indexes for table `taxes`
--
ALTER TABLE `taxes`
  ADD PRIMARY KEY (`id`);

--
-- Indexes for table `tax_orders`
--
ALTER TABLE `tax_orders`
  ADD PRIMARY KEY (`id`);

--
-- Indexes for table `transact`
--
ALTER TABLE `transact`
  ADD PRIMARY KEY (`id`),
  ADD KEY `transact_employee_id_foreign` (`employee_id`),
  ADD KEY `transact_account_id_foreign` (`account_id`);

--
-- Indexes for table `transact_allowances`
--
ALTER TABLE `transact_allowances`
  ADD PRIMARY KEY (`id`),
  ADD KEY `transact_allowances_employee_id_foreign` (`employee_id`),
  ADD KEY `transact_allowances_allowance_id_foreign` (`allowance_id`);

--
-- Indexes for table `transact_deductions`
--
ALTER TABLE `transact_deductions`
  ADD PRIMARY KEY (`id`),
  ADD KEY `transact_deductions_employee_id_foreign` (`employee_id`),
  ADD KEY `transact_deductions_deduction_id_foreign` (`deduction_id`);

--
-- Indexes for table `transact_earnings`
--
ALTER TABLE `transact_earnings`
  ADD PRIMARY KEY (`id`),
  ADD KEY `transact_earnings_employee_id_foreign` (`employee_id`);

--
-- Indexes for table `users`
--
ALTER TABLE `users`
  ADD PRIMARY KEY (`id`),
  ADD UNIQUE KEY `username` (`username`),
  ADD KEY `branch_id` (`branch_id`);

--
-- Indexes for table `user_role`
--
ALTER TABLE `user_role`
  ADD PRIMARY KEY (`id`),
  ADD KEY `user_id` (`user_id`),
  ADD KEY `x_user_role_fk1` (`role_id`);

--
-- Indexes for table `vendors`
--
ALTER TABLE `vendors`
  ADD PRIMARY KEY (`id`);

--
-- AUTO_INCREMENT for dumped tables
--

--
-- AUTO_INCREMENT for table `account`
--
ALTER TABLE `account`
  MODIFY `id` int(10) UNSIGNED NOT NULL AUTO_INCREMENT;
--
-- AUTO_INCREMENT for table `accounts`
--
ALTER TABLE `accounts`
  MODIFY `id` int(10) UNSIGNED NOT NULL AUTO_INCREMENT, AUTO_INCREMENT=15;
--
-- AUTO_INCREMENT for table `account_transactions`
--
ALTER TABLE `account_transactions`
  MODIFY `id` int(10) UNSIGNED NOT NULL AUTO_INCREMENT, AUTO_INCREMENT=55;
--
-- AUTO_INCREMENT for table `allowances`
--
ALTER TABLE `allowances`
  MODIFY `id` int(10) UNSIGNED NOT NULL AUTO_INCREMENT;
--
-- AUTO_INCREMENT for table `assets`
--
ALTER TABLE `assets`
  MODIFY `id` int(10) UNSIGNED NOT NULL AUTO_INCREMENT, AUTO_INCREMENT=2;
--
-- AUTO_INCREMENT for table `assigned_roles`
--
ALTER TABLE `assigned_roles`
  MODIFY `id` int(10) UNSIGNED NOT NULL AUTO_INCREMENT, AUTO_INCREMENT=2;
--
-- AUTO_INCREMENT for table `audits`
--
ALTER TABLE `audits`
  MODIFY `id` int(10) UNSIGNED NOT NULL AUTO_INCREMENT, AUTO_INCREMENT=30;
--
-- AUTO_INCREMENT for table `autoprocesses`
--
ALTER TABLE `autoprocesses`
  MODIFY `id` int(10) UNSIGNED NOT NULL AUTO_INCREMENT;
--
-- AUTO_INCREMENT for table `banking`
--
ALTER TABLE `banking`
  MODIFY `id` int(10) UNSIGNED NOT NULL AUTO_INCREMENT;
--
-- AUTO_INCREMENT for table `banks`
--
ALTER TABLE `banks`
  MODIFY `id` int(10) UNSIGNED NOT NULL AUTO_INCREMENT, AUTO_INCREMENT=12;
--
-- AUTO_INCREMENT for table `bank_accounts`
--
ALTER TABLE `bank_accounts`
  MODIFY `id` int(10) UNSIGNED NOT NULL AUTO_INCREMENT, AUTO_INCREMENT=3;
--
-- AUTO_INCREMENT for table `bank_branches`
--
ALTER TABLE `bank_branches`
  MODIFY `id` int(10) UNSIGNED NOT NULL AUTO_INCREMENT;
--
-- AUTO_INCREMENT for table `bank_statements`
--
ALTER TABLE `bank_statements`
  MODIFY `id` int(10) UNSIGNED NOT NULL AUTO_INCREMENT, AUTO_INCREMENT=3;
--
-- AUTO_INCREMENT for table `branches`
--
ALTER TABLE `branches`
  MODIFY `id` int(10) UNSIGNED NOT NULL AUTO_INCREMENT, AUTO_INCREMENT=2;
--
-- AUTO_INCREMENT for table `categories`
--
ALTER TABLE `categories`
  MODIFY `id` int(10) UNSIGNED NOT NULL AUTO_INCREMENT;
--
-- AUTO_INCREMENT for table `charges`
--
ALTER TABLE `charges`
  MODIFY `id` int(10) UNSIGNED NOT NULL AUTO_INCREMENT;
--
-- AUTO_INCREMENT for table `charge_loanproduct`
--
ALTER TABLE `charge_loanproduct`
  MODIFY `id` int(10) UNSIGNED NOT NULL AUTO_INCREMENT;
--
-- AUTO_INCREMENT for table `charge_savingproduct`
--
ALTER TABLE `charge_savingproduct`
  MODIFY `id` int(10) UNSIGNED NOT NULL AUTO_INCREMENT;
--
-- AUTO_INCREMENT for table `claim_receipts`
--
ALTER TABLE `claim_receipts`
  MODIFY `id` int(10) UNSIGNED NOT NULL AUTO_INCREMENT, AUTO_INCREMENT=4;
--
-- AUTO_INCREMENT for table `claim_receipt_items`
--
ALTER TABLE `claim_receipt_items`
  MODIFY `id` int(10) UNSIGNED NOT NULL AUTO_INCREMENT, AUTO_INCREMENT=8;
--
-- AUTO_INCREMENT for table `clients`
--
ALTER TABLE `clients`
  MODIFY `id` int(10) UNSIGNED NOT NULL AUTO_INCREMENT, AUTO_INCREMENT=8;
--
-- AUTO_INCREMENT for table `company_property`
--
ALTER TABLE `company_property`
  MODIFY `id` int(10) UNSIGNED NOT NULL AUTO_INCREMENT;
--
-- AUTO_INCREMENT for table `currencies`
--
ALTER TABLE `currencies`
  MODIFY `id` int(10) UNSIGNED NOT NULL AUTO_INCREMENT, AUTO_INCREMENT=2;
--
-- AUTO_INCREMENT for table `deductions`
--
ALTER TABLE `deductions`
  MODIFY `id` int(10) UNSIGNED NOT NULL AUTO_INCREMENT, AUTO_INCREMENT=5;
--
-- AUTO_INCREMENT for table `departments`
--
ALTER TABLE `departments`
  MODIFY `id` int(10) UNSIGNED NOT NULL AUTO_INCREMENT, AUTO_INCREMENT=6;
--
-- AUTO_INCREMENT for table `documents`
--
ALTER TABLE `documents`
  MODIFY `id` int(10) UNSIGNED NOT NULL AUTO_INCREMENT;
--
-- AUTO_INCREMENT for table `earnings`
--
ALTER TABLE `earnings`
  MODIFY `id` int(10) UNSIGNED NOT NULL AUTO_INCREMENT;
--
-- AUTO_INCREMENT for table `education`
--
ALTER TABLE `education`
  MODIFY `id` int(10) UNSIGNED NOT NULL AUTO_INCREMENT, AUTO_INCREMENT=9;
--
-- AUTO_INCREMENT for table `employee`
--
ALTER TABLE `employee`
  MODIFY `id` int(10) UNSIGNED NOT NULL AUTO_INCREMENT;
--
-- AUTO_INCREMENT for table `employee_allowances`
--
ALTER TABLE `employee_allowances`
  MODIFY `id` int(10) UNSIGNED NOT NULL AUTO_INCREMENT;
--
-- AUTO_INCREMENT for table `employee_deductions`
--
ALTER TABLE `employee_deductions`
  MODIFY `id` int(10) UNSIGNED NOT NULL AUTO_INCREMENT;
--
-- AUTO_INCREMENT for table `employee_relief`
--
ALTER TABLE `employee_relief`
  MODIFY `id` int(10) UNSIGNED NOT NULL AUTO_INCREMENT;
--
-- AUTO_INCREMENT for table `employee_type`
--
ALTER TABLE `employee_type`
  MODIFY `id` int(10) UNSIGNED NOT NULL AUTO_INCREMENT, AUTO_INCREMENT=4;
--
-- AUTO_INCREMENT for table `erporderitems`
--
ALTER TABLE `erporderitems`
  MODIFY `id` int(10) UNSIGNED NOT NULL AUTO_INCREMENT, AUTO_INCREMENT=99;
--
-- AUTO_INCREMENT for table `erporders`
--
ALTER TABLE `erporders`
  MODIFY `id` int(10) UNSIGNED NOT NULL AUTO_INCREMENT, AUTO_INCREMENT=61;
--
-- AUTO_INCREMENT for table `expenses`
--
ALTER TABLE `expenses`
  MODIFY `id` int(10) UNSIGNED NOT NULL AUTO_INCREMENT, AUTO_INCREMENT=3;
--
-- AUTO_INCREMENT for table `expense_claims`
--
ALTER TABLE `expense_claims`
  MODIFY `id` int(10) UNSIGNED NOT NULL AUTO_INCREMENT, AUTO_INCREMENT=3;
--
-- AUTO_INCREMENT for table `groups`
--
ALTER TABLE `groups`
  MODIFY `id` int(10) UNSIGNED NOT NULL AUTO_INCREMENT;
--
-- AUTO_INCREMENT for table `holidays`
--
ALTER TABLE `holidays`
  MODIFY `id` int(10) UNSIGNED NOT NULL AUTO_INCREMENT;
--
-- AUTO_INCREMENT for table `hospital_insurance`
--
ALTER TABLE `hospital_insurance`
  MODIFY `id` int(10) UNSIGNED NOT NULL AUTO_INCREMENT, AUTO_INCREMENT=19;
--
-- AUTO_INCREMENT for table `items`
--
ALTER TABLE `items`
  MODIFY `id` int(10) UNSIGNED NOT NULL AUTO_INCREMENT, AUTO_INCREMENT=7;
--
-- AUTO_INCREMENT for table `job_group`
--
ALTER TABLE `job_group`
  MODIFY `id` int(10) UNSIGNED NOT NULL AUTO_INCREMENT, AUTO_INCREMENT=4;
--
-- AUTO_INCREMENT for table `journals`
--
ALTER TABLE `journals`
  MODIFY `id` int(10) UNSIGNED NOT NULL AUTO_INCREMENT, AUTO_INCREMENT=99;
--
-- AUTO_INCREMENT for table `kins`
--
ALTER TABLE `kins`
  MODIFY `id` int(10) UNSIGNED NOT NULL AUTO_INCREMENT;
--
-- AUTO_INCREMENT for table `leaveapplications`
--
ALTER TABLE `leaveapplications`
  MODIFY `id` int(10) UNSIGNED NOT NULL AUTO_INCREMENT;
--
-- AUTO_INCREMENT for table `leavetypes`
--
ALTER TABLE `leavetypes`
  MODIFY `id` int(10) UNSIGNED NOT NULL AUTO_INCREMENT;
--
-- AUTO_INCREMENT for table `loanaccounts`
--
ALTER TABLE `loanaccounts`
  MODIFY `id` int(10) UNSIGNED NOT NULL AUTO_INCREMENT;
--
-- AUTO_INCREMENT for table `loanguarantors`
--
ALTER TABLE `loanguarantors`
  MODIFY `id` int(10) UNSIGNED NOT NULL AUTO_INCREMENT;
--
-- AUTO_INCREMENT for table `loanpostings`
--
ALTER TABLE `loanpostings`
  MODIFY `id` int(10) UNSIGNED NOT NULL AUTO_INCREMENT;
--
-- AUTO_INCREMENT for table `loanproducts`
--
ALTER TABLE `loanproducts`
  MODIFY `id` int(10) UNSIGNED NOT NULL AUTO_INCREMENT;
--
-- AUTO_INCREMENT for table `loanrepayments`
--
ALTER TABLE `loanrepayments`
  MODIFY `id` int(10) UNSIGNED NOT NULL AUTO_INCREMENT;
--
-- AUTO_INCREMENT for table `loantransactions`
--
ALTER TABLE `loantransactions`
  MODIFY `id` int(10) UNSIGNED NOT NULL AUTO_INCREMENT;
--
-- AUTO_INCREMENT for table `locations`
--
ALTER TABLE `locations`
  MODIFY `id` int(10) UNSIGNED NOT NULL AUTO_INCREMENT, AUTO_INCREMENT=2;
--
-- AUTO_INCREMENT for table `mails`
--
ALTER TABLE `mails`
  MODIFY `id` int(10) UNSIGNED NOT NULL AUTO_INCREMENT, AUTO_INCREMENT=2;
--
-- AUTO_INCREMENT for table `members`
--
ALTER TABLE `members`
  MODIFY `id` int(10) UNSIGNED NOT NULL AUTO_INCREMENT;
--
-- AUTO_INCREMENT for table `next_of_kin`
--
ALTER TABLE `next_of_kin`
  MODIFY `id` int(10) UNSIGNED NOT NULL AUTO_INCREMENT;
--
-- AUTO_INCREMENT for table `orders`
--
ALTER TABLE `orders`
  MODIFY `id` int(10) UNSIGNED NOT NULL AUTO_INCREMENT;
--
-- AUTO_INCREMENT for table `organizations`
--
ALTER TABLE `organizations`
  MODIFY `id` int(10) UNSIGNED NOT NULL AUTO_INCREMENT, AUTO_INCREMENT=2;
--
-- AUTO_INCREMENT for table `paymentmethods`
--
ALTER TABLE `paymentmethods`
  MODIFY `id` int(10) UNSIGNED NOT NULL AUTO_INCREMENT, AUTO_INCREMENT=3;
--
-- AUTO_INCREMENT for table `payments`
--
ALTER TABLE `payments`
  MODIFY `id` int(10) UNSIGNED NOT NULL AUTO_INCREMENT, AUTO_INCREMENT=14;
--
-- AUTO_INCREMENT for table `permissions`
--
ALTER TABLE `permissions`
  MODIFY `id` int(10) UNSIGNED NOT NULL AUTO_INCREMENT, AUTO_INCREMENT=28;
--
-- AUTO_INCREMENT for table `permission_role`
--
ALTER TABLE `permission_role`
  MODIFY `id` int(10) UNSIGNED NOT NULL AUTO_INCREMENT, AUTO_INCREMENT=28;
--
-- AUTO_INCREMENT for table `pettycash_items`
--
ALTER TABLE `pettycash_items`
  MODIFY `id` int(10) UNSIGNED NOT NULL AUTO_INCREMENT, AUTO_INCREMENT=3;
--
-- AUTO_INCREMENT for table `prices`
--
ALTER TABLE `prices`
  MODIFY `id` int(10) UNSIGNED NOT NULL AUTO_INCREMENT, AUTO_INCREMENT=2;
--
-- AUTO_INCREMENT for table `products`
--
ALTER TABLE `products`
  MODIFY `id` int(10) UNSIGNED NOT NULL AUTO_INCREMENT;
--
-- AUTO_INCREMENT for table `relief`
--
ALTER TABLE `relief`
  MODIFY `id` int(10) UNSIGNED NOT NULL AUTO_INCREMENT, AUTO_INCREMENT=2;
--
-- AUTO_INCREMENT for table `roles`
--
ALTER TABLE `roles`
  MODIFY `id` int(10) UNSIGNED NOT NULL AUTO_INCREMENT, AUTO_INCREMENT=2;
--
-- AUTO_INCREMENT for table `savingaccounts`
--
ALTER TABLE `savingaccounts`
  MODIFY `id` int(10) UNSIGNED NOT NULL AUTO_INCREMENT;
--
-- AUTO_INCREMENT for table `savingpostings`
--
ALTER TABLE `savingpostings`
  MODIFY `id` int(10) UNSIGNED NOT NULL AUTO_INCREMENT;
--
-- AUTO_INCREMENT for table `savingproducts`
--
ALTER TABLE `savingproducts`
  MODIFY `id` int(10) UNSIGNED NOT NULL AUTO_INCREMENT;
--
-- AUTO_INCREMENT for table `savingtransactions`
--
ALTER TABLE `savingtransactions`
  MODIFY `id` int(10) UNSIGNED NOT NULL AUTO_INCREMENT;
--
-- AUTO_INCREMENT for table `shareaccounts`
--
ALTER TABLE `shareaccounts`
  MODIFY `id` int(10) UNSIGNED NOT NULL AUTO_INCREMENT;
--
-- AUTO_INCREMENT for table `shares`
--
ALTER TABLE `shares`
  MODIFY `id` int(10) UNSIGNED NOT NULL AUTO_INCREMENT, AUTO_INCREMENT=2;
--
-- AUTO_INCREMENT for table `sharetransactions`
--
ALTER TABLE `sharetransactions`
  MODIFY `id` int(10) UNSIGNED NOT NULL AUTO_INCREMENT;
--
-- AUTO_INCREMENT for table `social_security`
--
ALTER TABLE `social_security`
  MODIFY `id` int(10) UNSIGNED NOT NULL AUTO_INCREMENT, AUTO_INCREMENT=3;
--
-- AUTO_INCREMENT for table `stmt_transactions`
--
ALTER TABLE `stmt_transactions`
  MODIFY `id` int(10) UNSIGNED NOT NULL AUTO_INCREMENT, AUTO_INCREMENT=21;
--
-- AUTO_INCREMENT for table `stocks`
--
ALTER TABLE `stocks`
  MODIFY `id` int(10) UNSIGNED NOT NULL AUTO_INCREMENT, AUTO_INCREMENT=21;
--
-- AUTO_INCREMENT for table `taxes`
--
ALTER TABLE `taxes`
  MODIFY `id` int(10) UNSIGNED NOT NULL AUTO_INCREMENT, AUTO_INCREMENT=3;
--
-- AUTO_INCREMENT for table `tax_orders`
--
ALTER TABLE `tax_orders`
  MODIFY `id` int(10) UNSIGNED NOT NULL AUTO_INCREMENT, AUTO_INCREMENT=17;
--
-- AUTO_INCREMENT for table `transact`
--
ALTER TABLE `transact`
  MODIFY `id` int(10) UNSIGNED NOT NULL AUTO_INCREMENT;
--
-- AUTO_INCREMENT for table `transact_allowances`
--
ALTER TABLE `transact_allowances`
  MODIFY `id` int(10) UNSIGNED NOT NULL AUTO_INCREMENT;
--
-- AUTO_INCREMENT for table `transact_deductions`
--
ALTER TABLE `transact_deductions`
  MODIFY `id` int(10) UNSIGNED NOT NULL AUTO_INCREMENT;
--
-- AUTO_INCREMENT for table `transact_earnings`
--
ALTER TABLE `transact_earnings`
  MODIFY `id` int(10) UNSIGNED NOT NULL AUTO_INCREMENT;
--
-- AUTO_INCREMENT for table `users`
--
ALTER TABLE `users`
  MODIFY `id` int(10) UNSIGNED NOT NULL AUTO_INCREMENT, AUTO_INCREMENT=4;
--
-- AUTO_INCREMENT for table `vendors`
--
ALTER TABLE `vendors`
  MODIFY `id` int(10) UNSIGNED NOT NULL AUTO_INCREMENT;
--
-- Constraints for dumped tables
--

--
-- Constraints for table `account_transactions`
--
ALTER TABLE `account_transactions`
  ADD CONSTRAINT `account_transactions_account_credited_foreign` FOREIGN KEY (`account_credited`) REFERENCES `accounts` (`id`) ON DELETE CASCADE ON UPDATE CASCADE,
  ADD CONSTRAINT `account_transactions_account_debited_foreign` FOREIGN KEY (`account_debited`) REFERENCES `accounts` (`id`) ON DELETE CASCADE ON UPDATE CASCADE;

--
-- Constraints for table `assigned_roles`
--
ALTER TABLE `assigned_roles`
  ADD CONSTRAINT `assigned_roles_role_id_foreign` FOREIGN KEY (`role_id`) REFERENCES `roles` (`id`),
  ADD CONSTRAINT `assigned_roles_user_id_foreign` FOREIGN KEY (`user_id`) REFERENCES `users` (`id`) ON DELETE CASCADE ON UPDATE CASCADE;

--
-- Constraints for table `bank_statements`
--
ALTER TABLE `bank_statements`
  ADD CONSTRAINT `bank_statements_bank_account_id_foreign` FOREIGN KEY (`bank_account_id`) REFERENCES `bank_accounts` (`id`) ON UPDATE CASCADE;

--
-- Constraints for table `charge_loanproduct`
--
ALTER TABLE `charge_loanproduct`
  ADD CONSTRAINT `loancharges_charge_id_foreign` FOREIGN KEY (`charge_id`) REFERENCES `charges` (`id`),
  ADD CONSTRAINT `loancharges_loanproduct_id_foreign` FOREIGN KEY (`loanproduct_id`) REFERENCES `loanproducts` (`id`);

--
-- Constraints for table `charge_savingproduct`
--
ALTER TABLE `charge_savingproduct`
  ADD CONSTRAINT `savingcharges_charge_id_foreign` FOREIGN KEY (`charge_id`) REFERENCES `charges` (`id`),
  ADD CONSTRAINT `savingcharges_savingproduct_id_foreign` FOREIGN KEY (`savingproduct_id`) REFERENCES `savingproducts` (`id`);

--
-- Constraints for table `claim_receipt_items`
--
ALTER TABLE `claim_receipt_items`
  ADD CONSTRAINT `claim_receipt_items_claimreceiptid_foreign` FOREIGN KEY (`claimReceiptID`) REFERENCES `claim_receipts` (`id`) ON DELETE CASCADE ON UPDATE CASCADE;

--
-- Constraints for table `clients`
--
ALTER TABLE `clients`
  ADD CONSTRAINT `clients_user_id_foreign` FOREIGN KEY (`user_id`) REFERENCES `users` (`id`) ON DELETE CASCADE;

--
-- Constraints for table `erporderitems`
--
ALTER TABLE `erporderitems`
  ADD CONSTRAINT `erporderitems_erporder_id_foreign` FOREIGN KEY (`erporder_id`) REFERENCES `erporders` (`id`),
  ADD CONSTRAINT `erporderitems_item_id_foreign` FOREIGN KEY (`item_id`) REFERENCES `items` (`id`);

--
-- Constraints for table `erporders`
--
ALTER TABLE `erporders`
  ADD CONSTRAINT `erporders_client_id_foreign` FOREIGN KEY (`client_id`) REFERENCES `clients` (`id`);

--
-- Constraints for table `expenses`
--
ALTER TABLE `expenses`
  ADD CONSTRAINT `expenses_account_id_foreign` FOREIGN KEY (`account_id`) REFERENCES `accounts` (`id`);

--
-- Constraints for table `holidays`
--
ALTER TABLE `holidays`
  ADD CONSTRAINT `holidays_organization_id_foreign` FOREIGN KEY (`organization_id`) REFERENCES `organizations` (`id`);

--
-- Constraints for table `journals`
--
ALTER TABLE `journals`
  ADD CONSTRAINT `journals_account_id_foreign` FOREIGN KEY (`account_id`) REFERENCES `accounts` (`id`);

--
-- Constraints for table `kins`
--
ALTER TABLE `kins`
  ADD CONSTRAINT `kins_member_id_foreign` FOREIGN KEY (`member_id`) REFERENCES `members` (`id`);

--
-- Constraints for table `leaveapplications`
--
ALTER TABLE `leaveapplications`
  ADD CONSTRAINT `leaveapplications_employee_id_foreign` FOREIGN KEY (`employee_id`) REFERENCES `employee` (`id`),
  ADD CONSTRAINT `leaveapplications_leavetype_id_foreign` FOREIGN KEY (`leavetype_id`) REFERENCES `leavetypes` (`id`),
  ADD CONSTRAINT `leaveapplications_organization_id_foreign` FOREIGN KEY (`organization_id`) REFERENCES `organizations` (`id`);

--
-- Constraints for table `leavetypes`
--
ALTER TABLE `leavetypes`
  ADD CONSTRAINT `leavetypes_organization_id_foreign` FOREIGN KEY (`organization_id`) REFERENCES `organizations` (`id`);

--
-- Constraints for table `loanaccounts`
--
ALTER TABLE `loanaccounts`
  ADD CONSTRAINT `loanaccounts_loanproduct_id_foreign` FOREIGN KEY (`loanproduct_id`) REFERENCES `loanproducts` (`id`),
  ADD CONSTRAINT `loanaccounts_member_id_foreign` FOREIGN KEY (`member_id`) REFERENCES `members` (`id`);

--
-- Constraints for table `loanguarantors`
--
ALTER TABLE `loanguarantors`
  ADD CONSTRAINT `loanguarantors_loanaccount_id_foreign` FOREIGN KEY (`loanaccount_id`) REFERENCES `loanaccounts` (`id`),
  ADD CONSTRAINT `loanguarantors_member_id_foreign` FOREIGN KEY (`member_id`) REFERENCES `members` (`id`);

--
-- Constraints for table `loanpostings`
--
ALTER TABLE `loanpostings`
  ADD CONSTRAINT `loanpostings_loanproduct_id_foreign` FOREIGN KEY (`loanproduct_id`) REFERENCES `loanproducts` (`id`);

--
-- Constraints for table `loanrepayments`
--
ALTER TABLE `loanrepayments`
  ADD CONSTRAINT `loanrepayments_loanaccount_id_foreign` FOREIGN KEY (`loanaccount_id`) REFERENCES `loanaccounts` (`id`);

--
-- Constraints for table `loantransactions`
--
ALTER TABLE `loantransactions`
  ADD CONSTRAINT `loantransactions_loanaccount_id_foreign` FOREIGN KEY (`loanaccount_id`) REFERENCES `loanaccounts` (`id`);

--
-- Constraints for table `members`
--
ALTER TABLE `members`
  ADD CONSTRAINT `members_branch_id_foreign` FOREIGN KEY (`branch_id`) REFERENCES `branches` (`id`),
  ADD CONSTRAINT `members_group_id_foreign` FOREIGN KEY (`group_id`) REFERENCES `groups` (`id`);

--
-- Constraints for table `orders`
--
ALTER TABLE `orders`
  ADD CONSTRAINT `orders_product_id_foreign` FOREIGN KEY (`product_id`) REFERENCES `products` (`id`);

--
-- Constraints for table `paymentmethods`
--
ALTER TABLE `paymentmethods`
  ADD CONSTRAINT `paymentmethods_account_id_foreign` FOREIGN KEY (`account_id`) REFERENCES `accounts` (`id`);

--
-- Constraints for table `payments`
--
ALTER TABLE `payments`
  ADD CONSTRAINT `payments_client_id_foreign` FOREIGN KEY (`client_id`) REFERENCES `clients` (`id`),
  ADD CONSTRAINT `payments_erporder_id_foreign` FOREIGN KEY (`erporder_id`) REFERENCES `erporders` (`id`),
  ADD CONSTRAINT `payments_paymentmethod_id_foreign` FOREIGN KEY (`paymentmethod_id`) REFERENCES `paymentmethods` (`id`);

--
-- Constraints for table `permission_role`
--
ALTER TABLE `permission_role`
  ADD CONSTRAINT `permission_role_permission_id_foreign` FOREIGN KEY (`permission_id`) REFERENCES `permissions` (`id`),
  ADD CONSTRAINT `permission_role_role_id_foreign` FOREIGN KEY (`role_id`) REFERENCES `roles` (`id`);

--
-- Constraints for table `pettycash_items`
--
ALTER TABLE `pettycash_items`
  ADD CONSTRAINT `pettycash_items_ac_trns_foreign` FOREIGN KEY (`ac_trns`) REFERENCES `account_transactions` (`id`) ON DELETE CASCADE ON UPDATE CASCADE;

--
-- Constraints for table `products`
--
ALTER TABLE `products`
  ADD CONSTRAINT `products_vendor_id_foreign` FOREIGN KEY (`vendor_id`) REFERENCES `vendors` (`id`);

--
-- Constraints for table `savingaccounts`
--
ALTER TABLE `savingaccounts`
  ADD CONSTRAINT `savingaccounts_fk` FOREIGN KEY (`savingproduct_id`) REFERENCES `savingproducts` (`id`),
  ADD CONSTRAINT `savingaccounts_member_id_foreign` FOREIGN KEY (`member_id`) REFERENCES `members` (`id`);

--
-- Constraints for table `savingpostings`
--
ALTER TABLE `savingpostings`
  ADD CONSTRAINT `savingpostings_savingproduct_id_foreign` FOREIGN KEY (`savingproduct_id`) REFERENCES `savingproducts` (`id`);

--
-- Constraints for table `savingtransactions`
--
ALTER TABLE `savingtransactions`
  ADD CONSTRAINT `savingtransactions_savingaccount_id_foreign` FOREIGN KEY (`savingaccount_id`) REFERENCES `savingaccounts` (`id`);

--
-- Constraints for table `shareaccounts`
--
ALTER TABLE `shareaccounts`
  ADD CONSTRAINT `shareaccounts_member_id_foreign` FOREIGN KEY (`member_id`) REFERENCES `members` (`id`);

--
-- Constraints for table `sharetransactions`
--
ALTER TABLE `sharetransactions`
  ADD CONSTRAINT `sharetransactions_shareaccount_id_foreign` FOREIGN KEY (`shareaccount_id`) REFERENCES `shareaccounts` (`id`);

--
-- Constraints for table `stmt_transactions`
--
ALTER TABLE `stmt_transactions`
  ADD CONSTRAINT `stmt_transactions_bank_statement_id_foreign` FOREIGN KEY (`bank_statement_id`) REFERENCES `bank_statements` (`id`) ON DELETE CASCADE ON UPDATE CASCADE;

--
-- Constraints for table `stocks`
--
ALTER TABLE `stocks`
  ADD CONSTRAINT `stocks_item_id_foreign` FOREIGN KEY (`item_id`) REFERENCES `items` (`id`),
  ADD CONSTRAINT `stocks_location_id_foreign` FOREIGN KEY (`location_id`) REFERENCES `locations` (`id`);

--
-- Constraints for table `users`
--
ALTER TABLE `users`
  ADD CONSTRAINT `users_fk` FOREIGN KEY (`branch_id`) REFERENCES `branches` (`id`) ON DELETE NO ACTION ON UPDATE NO ACTION;

--
-- Constraints for table `user_role`
--
ALTER TABLE `user_role`
  ADD CONSTRAINT `user_role_fk` FOREIGN KEY (`user_id`) REFERENCES `users` (`id`) ON DELETE CASCADE ON UPDATE CASCADE,
  ADD CONSTRAINT `user_role_fk1` FOREIGN KEY (`role_id`) REFERENCES `roles` (`id`) ON DELETE CASCADE ON UPDATE CASCADE;

/*!40101 SET CHARACTER_SET_CLIENT=@OLD_CHARACTER_SET_CLIENT */;
/*!40101 SET CHARACTER_SET_RESULTS=@OLD_CHARACTER_SET_RESULTS */;
/*!40101 SET COLLATION_CONNECTION=@OLD_COLLATION_CONNECTION */;
